year,age,value
2020,0,0.02135242
2020,1,0.00228798
2020,2,0.00149776
2020,3,0.00101936
2020,4,0.00070952
2020,5,0.00051293
2020,6,0.00040389
2020,7,0.00035833
2020,8,0.0003521
2020,9,0.00036133
2020,10,0.00036236
2020,11,0.00037323
2020,12,0.0004021
2020,13,0.00043643
2020,14,0.00047929
2020,15,0.00052468
2020,16,0.00057605
2020,17,0.00063073
2020,18,0.00068558
2020,19,0.00077322
2020,20,0.00084228
2020,21,0.00092943
2020,22,0.00098296
2020,23,0.00103068
2020,24,0.0010693
2020,25,0.00110085
2020,26,0.00112971
2020,27,0.00116132
2020,28,0.00120283
2020,29,0.00126734
2020,30,0.00132954
2020,31,0.00145091
2020,32,0.00155495
2020,33,0.0016733
2020,34,0.00184204
2020,35,0.00206772
2020,36,0.0022651
2020,37,0.00251322
2020,38,0.00273899
2020,39,0.00305047
2020,40,0.00342125
2020,41,0.00382335
2020,42,0.00434799
2020,43,0.00483514
2020,44,0.00535823
2020,45,0.00597299
2020,46,0.00666415
2020,47,0.00749204
2020,48,0.00863851
2020,49,0.00980556
2020,50,0.01102337
2020,51,0.01218438
2020,52,0.01348286
2020,53,0.01462437
2020,54,0.01583817
2020,55,0.01699476
2020,56,0.01824996
2020,57,0.01977253
2020,58,0.02161657
2020,59,0.02386461
2020,60,0.02656182
2020,61,0.0296414
2020,62,0.03286616
2020,63,0.03574961
2020,64,0.03822951
2020,65,0.04051183
2020,66,0.04369501
2020,67,0.04716747
2020,68,0.0508888
2020,69,0.05500686
2020,70,0.05948745
2020,71,0.06404843
2020,72,0.06770539
2020,73,0.07232055
2020,74,0.07787035
2020,75,0.08431606
2020,76,0.09163915
2020,77,0.09954117
2020,78,0.10807598
2020,79,0.11742567
2020,80,0.12757909
2020,81,0.13860263
2020,82,0.15073196
2020,83,0.16427
2020,84,0.17936653
2020,85,0.19606648
2020,86,0.21452982
2020,87,0.23495333
2020,88,0.25733716
2020,89,0.28222733
2020,90,0.30926659
2020,91,0.33806909
2020,92,0.36919766
2020,93,0.40257281
2020,94,0.43981515
2020,95,0.48261571
2020,96,0.52839801
2020,97,0.57933328
2020,98,0.6364979
2020,99,0.70031806
2021,0,0.02205104
2021,1,0.00237656
2021,2,0.00154958
2021,3,0.00104532
2021,4,0.00073916
2021,5,0.00053801
2021,6,0.00041214
2021,7,0.00034655
2021,8,0.00032618
2021,9,0.00033624
2021,10,0.00036181
2021,11,0.00037657
2021,12,0.00039837
2021,13,0.0004365
2021,14,0.00047877
2021,15,0.0005293
2021,16,0.00058127
2021,17,0.00063739
2021,18,0.0006937
2021,19,0.00074677
2021,20,0.00083317
2021,21,0.00089653
2021,22,0.00097659
2021,23,0.00102823
2021,24,0.00108673
2021,25,0.00114536
2021,26,0.00120225
2021,27,0.00125781
2021,28,0.00131591
2021,29,0.00138764
2021,30,0.00148794
2021,31,0.00159117
2021,32,0.00176297
2021,33,0.00192498
2021,34,0.00210823
2021,35,0.00235086
2021,36,0.00265665
2021,37,0.00292904
2021,38,0.00326546
2021,39,0.00359442
2021,40,0.00403429
2021,41,0.00456032
2021,42,0.00513851
2021,43,0.00588895
2021,44,0.00664751
2021,45,0.00748652
2021,46,0.00845372
2021,47,0.00950635
2021,48,0.01072162
2021,49,0.01230632
2021,50,0.01387765
2021,51,0.01542197
2021,52,0.01679706
2021,53,0.01825059
2021,54,0.01953681
2021,55,0.02100671
2021,56,0.02256537
2021,57,0.02438471
2021,58,0.02669699
2021,59,0.02949566
2021,60,0.03278559
2021,61,0.0364032
2021,62,0.04005534
2021,63,0.04349288
2021,64,0.04637626
2021,65,0.04901155
2021,66,0.05274678
2021,67,0.05655962
2021,68,0.06074226
2021,69,0.06524921
2021,70,0.070249
2021,71,0.07570701
2021,72,0.08135617
2021,73,0.0860529
2021,74,0.09181283
2021,75,0.09864675
2021,76,0.1066124
2021,77,0.11548086
2021,78,0.12501097
2021,79,0.13536663
2021,80,0.14688317
2021,81,0.15966052
2021,82,0.17389248
2021,83,0.19059265
2021,84,0.21043964
2021,85,0.23303887
2021,86,0.25796632
2021,87,0.28504626
2021,88,0.3150073
2021,89,0.34836597
2021,90,0.38510079
2021,91,0.42503409
2021,92,0.46619979
2021,93,0.51122342
2021,94,0.56105523
2021,95,0.61813679
2021,96,0.68082311
2021,97,0.74980418
2021,98,0.82622036
2021,99,0.90557209
2022,0,0.02267423
2022,1,0.00242385
2022,2,0.00160775
2022,3,0.0010781
2022,4,0.00075384
2022,5,0.00054895
2022,6,0.00042727
2022,7,0.00036651
2022,8,0.00034442
2022,9,0.00033884
2022,10,0.00032739
2022,11,0.00036681
2022,12,0.00039254
2022,13,0.00042262
2022,14,0.00046831
2022,15,0.00051737
2022,16,0.00057408
2022,17,0.00062986
2022,18,0.00068673
2022,19,0.00074041
2022,20,0.00078859
2022,21,0.00086938
2022,22,0.00092361
2022,23,0.00099331
2022,24,0.00102524
2022,25,0.00105376
2022,26,0.00107921
2022,27,0.00110685
2022,28,0.00114219
2022,29,0.00119027
2022,30,0.00125786
2022,31,0.00135653
2022,32,0.00145603
2022,33,0.00162288
2022,34,0.00176923
2022,35,0.00192696
2022,36,0.00213365
2022,37,0.00239103
2022,38,0.00259813
2022,39,0.00285707
2022,40,0.0030891
2022,41,0.00342928
2022,42,0.00385295
2022,43,0.00433527
2022,44,0.0049977
2022,45,0.00565658
2022,46,0.00638787
2022,47,0.00723041
2022,48,0.00813195
2022,49,0.0091403
2022,50,0.01046826
2022,51,0.01169077
2022,52,0.0128334
2022,53,0.01381465
2022,54,0.01497478
2022,55,0.01610123
2022,56,0.01754881
2022,57,0.01917213
2022,58,0.02110626
2022,59,0.02348019
2022,60,0.02625151
2022,61,0.02932169
2022,62,0.03239912
2022,63,0.03525564
2022,64,0.03778658
2022,65,0.03994047
2022,66,0.04311756
2022,67,0.04651821
2022,68,0.04996927
2022,69,0.0537871
2022,70,0.05793866
2022,71,0.06263224
2022,72,0.06786015
2022,73,0.07337358
2022,74,0.07787868
2022,75,0.08350036
2022,76,0.09027671
2022,77,0.09800464
2022,78,0.10652506
2022,79,0.11568258
2022,80,0.12564038
2022,81,0.1366679
2022,82,0.14882383
2022,83,0.16217666
2022,84,0.17689687
2022,85,0.1932015
2022,86,0.21119731
2022,87,0.23106291
2022,88,0.25318794
2022,89,0.2779513
2022,90,0.30514653
2022,91,0.33562202
2022,92,0.36815411
2022,93,0.40275619
2022,94,0.44249271
2022,95,0.49225345
2022,96,0.54543285
2022,97,0.60658484
2022,98,0.67604004
2022,99,0.75578074
2023,0,0.02333413
2023,1,0.00251513
2023,2,0.00164386
2023,3,0.00112103
2023,4,0.0007805
2023,5,0.00055656
2023,6,0.00042298
2023,7,0.00035689
2023,8,0.00033536
2023,9,0.00033544
2023,10,0.00033404
2023,11,0.00033486
2023,12,0.00038481
2023,13,0.00041824
2023,14,0.00045466
2023,15,0.0005068
2023,16,0.00056135
2023,17,0.00062181
2023,18,0.00067789
2023,19,0.00073188
2023,20,0.00078038
2023,21,0.00082086
2023,22,0.00089322
2023,23,0.00093666
2023,24,0.00099585
2023,25,0.00102006
2023,26,0.00104514
2023,27,0.00107254
2023,28,0.00110671
2023,29,0.00115277
2023,30,0.00121528
2023,31,0.00129974
2023,32,0.00141735
2023,33,0.00153634
2023,34,0.00172586
2023,35,0.00189294
2023,36,0.00206718
2023,37,0.00228577
2023,38,0.00255296
2023,39,0.00276548
2023,40,0.00303558
2023,41,0.00328502
2023,42,0.00365699
2023,43,0.00413187
2023,44,0.00468952
2023,45,0.00546145
2023,46,0.0062426
2023,47,0.00709333
2023,48,0.00804342
2023,49,0.00902118
2023,50,0.01007029
2023,51,0.01140421
2023,52,0.01255337
2023,53,0.0135919
2023,54,0.01449461
2023,55,0.01569054
2023,56,0.01697182
2023,57,0.01869159
2023,58,0.02069258
2023,59,0.02305957
2023,60,0.0258975
2023,61,0.02899862
2023,62,0.0320839
2023,63,0.03486293
2023,64,0.03724937
2023,65,0.03947464
2023,66,0.04257213
2023,67,0.04583427
2023,68,0.04934223
2023,69,0.05292554
2023,70,0.05692977
2023,71,0.06132697
2023,72,0.06636743
2023,73,0.07204478
2023,74,0.07806958
2023,75,0.08300008
2023,76,0.08918004
2023,77,0.09642321
2023,78,0.10463262
2023,79,0.11370127
2023,80,0.12350327
2023,81,0.13423876
2023,82,0.14622295
2023,83,0.15948097
2023,84,0.17403742
2023,85,0.18999078
2023,86,0.20757117
2023,87,0.22697722
2023,88,0.24841324
2023,89,0.27261548
2023,90,0.29950368
2023,91,0.32918386
2023,92,0.36221876
2023,93,0.39810463
2023,94,0.43709191
2023,95,0.48305651
2023,96,0.5333689
2023,97,0.58958413
2023,98,0.65342848
2023,99,0.72509861
2024,0,0.01647871
2024,1,0.00173162
2024,2,0.00115233
2024,3,0.00079252
2024,4,0.00058212
2024,5,0.00045162
2024,6,0.00037577
2024,7,0.00034099
2024,8,0.000332
2024,9,0.00033381
2024,10,0.00033764
2024,11,0.00034862
2024,12,0.00037204
2024,13,0.00040251
2024,14,0.00044101
2024,15,0.00049028
2024,16,0.00055042
2024,17,0.00062015
2024,18,0.00069495
2024,19,0.00077033
2024,20,0.00084193
2024,21,0.00090585
2024,22,0.00096166
2024,23,0.00100961
2024,24,0.00104921
2024,25,0.0010821
2024,26,0.00111717
2024,27,0.0011549
2024,28,0.00119539
2024,29,0.00124816
2024,30,0.001321
2024,31,0.00140855
2024,32,0.00151624
2024,33,0.00165129
2024,34,0.00181334
2024,35,0.00200909
2024,36,0.00224598
2024,37,0.00252302
2024,38,0.00283278
2024,39,0.00315799
2024,40,0.00349138
2024,41,0.00382885
2024,42,0.0041805
2024,43,0.00458144
2024,44,0.00507079
2024,45,0.00568056
2024,46,0.00643656
2024,47,0.0073519
2024,48,0.00841654
2024,49,0.00960917
2024,50,0.01089302
2024,51,0.01220866
2024,52,0.01345304
2024,53,0.01458034
2024,54,0.01559064
2024,55,0.01660221
2024,56,0.01774565
2024,57,0.01916194
2024,58,0.02095691
2024,59,0.02322348
2024,60,0.0259752
2024,61,0.02911427
2024,62,0.03241683
2024,63,0.03531492
2024,64,0.03795915
2024,65,0.04070349
2024,66,0.04386201
2024,67,0.04753332
2024,68,0.05111882
2024,69,0.05469629
2024,70,0.05849431
2024,71,0.06255259
2024,72,0.06708664
2024,73,0.07232599
2024,74,0.07828268
2024,75,0.08487282
2024,76,0.09212316
2024,77,0.10003339
2024,78,0.10858768
2024,79,0.11789024
2024,80,0.12800621
2024,81,0.13896068
2024,82,0.15108106
2024,83,0.16474617
2024,84,0.17997624
2024,85,0.19666356
2024,86,0.21478966
2024,87,0.23452468
2024,88,0.25594247
2024,89,0.27927678
2024,90,0.30502238
2024,91,0.33324208
2024,92,0.36359189
2024,93,0.39747482
2024,94,0.43469188
2024,95,0.47486722
2024,96,0.52005595
2024,97,0.56929795
2024,98,0.62389425
2024,99,0.68497495
2025,0,0.01599625
2025,1,0.00169316
2025,2,0.00113187
2025,3,0.00078191
2025,4,0.00057607
2025,5,0.00044769
2025,6,0.00037244
2025,7,0.00033721
2025,8,0.00032727
2025,9,0.00032815
2025,10,0.00033137
2025,11,0.00034182
2025,12,0.00036455
2025,13,0.0003944
2025,14,0.00043232
2025,15,0.00048095
2025,16,0.00054033
2025,17,0.00060914
2025,18,0.00068289
2025,19,0.00075717
2025,20,0.00082768
2025,21,0.00089062
2025,22,0.0009455
2025,23,0.00099261
2025,24,0.0010316
2025,25,0.00106414
2025,26,0.00109883
2025,27,0.00113614
2025,28,0.00117641
2025,29,0.00122868
2025,30,0.00130032
2025,31,0.0013864
2025,32,0.00149222
2025,33,0.00162489
2025,34,0.00178394
2025,35,0.00197601
2025,36,0.0022086
2025,37,0.00248075
2025,38,0.00278615
2025,39,0.00310616
2025,40,0.00343435
2025,41,0.00376822
2025,42,0.00411607
2025,43,0.00451201
2025,44,0.00499482
2025,45,0.0055962
2025,46,0.00634158
2025,47,0.00724406
2025,48,0.00829404
2025,49,0.00947343
2025,50,0.01074608
2025,51,0.01204877
2025,52,0.01328111
2025,53,0.01439985
2025,54,0.01540804
2025,55,0.01641787
2025,56,0.0175546
2025,57,0.01895657
2025,58,0.02074235
2025,59,0.02299112
2025,60,0.0256995
2025,61,0.02880983
2025,62,0.0320957
2025,63,0.03497496
2025,64,0.03760695
2025,65,0.0403478
2025,66,0.04349129
2025,67,0.04714297
2025,68,0.05070174
2025,69,0.05425828
2025,70,0.05806084
2025,71,0.06212841
2025,72,0.06666488
2025,73,0.07186897
2025,74,0.07773716
2025,75,0.08427651
2025,76,0.09154385
2025,77,0.09941085
2025,78,0.10785375
2025,79,0.11705496
2025,80,0.12716291
2025,81,0.13824102
2025,82,0.1503286
2025,83,0.1637465
2025,84,0.17880196
2025,85,0.19540171
2025,86,0.21343219
2025,87,0.23295697
2025,88,0.25421669
2025,89,0.27742406
2025,90,0.3027595
2025,91,0.33064263
2025,92,0.36086601
2025,93,0.39396527
2025,94,0.43147626
2025,95,0.4725163
2025,96,0.51662414
2025,97,0.56584037
2025,98,0.62048321
2025,99,0.68088175
2026,0,0.01555769
2026,1,0.00165744
2026,2,0.00111295
2026,3,0.00077211
2026,4,0.00057054
2026,5,0.00044414
2026,6,0.00036944
2026,7,0.00033379
2026,8,0.00032294
2026,9,0.00032294
2026,10,0.00032558
2026,11,0.00033552
2026,12,0.00035762
2026,13,0.0003869
2026,14,0.00042428
2026,15,0.00047234
2026,16,0.00053103
2026,17,0.00059904
2026,18,0.00067187
2026,19,0.00074509
2026,20,0.00081455
2026,21,0.00087654
2026,22,0.00093057
2026,23,0.00097692
2026,24,0.00101527
2026,25,0.00104739
2026,26,0.00108176
2026,27,0.00111867
2026,28,0.0011585
2026,29,0.00121026
2026,30,0.00128092
2026,31,0.00136555
2026,32,0.00146946
2026,33,0.0015997
2026,34,0.00175594
2026,35,0.00194452
2026,36,0.00217297
2026,37,0.00244044
2026,38,0.00274077
2026,39,0.00305678
2026,40,0.00338022
2026,41,0.0037092
2026,42,0.0040536
2026,43,0.0044451
2026,44,0.0049215
2026,45,0.00551457
2026,46,0.00624933
2026,47,0.00713957
2026,48,0.00817559
2026,49,0.00933986
2026,50,0.01059962
2026,51,0.01189113
2026,52,0.01311274
2026,53,0.01422177
2026,54,0.0152234
2026,55,0.016232
2026,56,0.01736454
2026,57,0.01875729
2026,58,0.02052451
2026,59,0.02276025
2026,60,0.02544704
2026,61,0.02850721
2026,62,0.03176422
2026,63,0.03463427
2026,64,0.03725186
2026,65,0.03998034
2026,66,0.04311372
2026,67,0.04674597
2026,68,0.05028879
2026,69,0.0538211
2026,70,0.05760255
2026,71,0.06167221
2026,72,0.06621719
2026,73,0.0714199
2026,74,0.0772473
2026,75,0.0836905
2026,76,0.0908994
2026,77,0.09878342
2026,78,0.107182
2026,79,0.11626632
2026,80,0.12626596
2026,81,0.13733257
2026,82,0.14954837
2026,83,0.16292636
2026,84,0.17771226
2026,85,0.19412118
2026,86,0.21205751
2026,87,0.23147904
2026,88,0.25251374
2026,89,0.27555135
2026,90,0.30075312
2026,91,0.32821545
2026,92,0.35810017
2026,93,0.39107521
2026,94,0.42781262
2026,95,0.46912014
2026,96,0.51407132
2026,97,0.56227018
2026,98,0.61685133
2026,99,0.67725178
2027,0,0.01517921
2027,1,0.00162808
2027,2,0.00109819
2027,3,0.00076514
2027,4,0.00056702
2027,5,0.00044218
2027,6,0.00036778
2027,7,0.00033162
2027,8,0.00031989
2027,9,0.00031905
2027,10,0.00032114
2027,11,0.00033063
2027,12,0.00035221
2027,13,0.00038106
2027,14,0.00041807
2027,15,0.00046575
2027,16,0.00052396
2027,17,0.00059138
2027,18,0.00066356
2027,19,0.00073597
2027,20,0.0008045
2027,21,0.00086559
2027,22,0.00091882
2027,23,0.00096449
2027,24,0.00100226
2027,25,0.00103389
2027,26,0.00106782
2027,27,0.00110437
2027,28,0.00114377
2027,29,0.00119482
2027,30,0.00126453
2027,31,0.00134799
2027,32,0.00145007
2027,33,0.00157789
2027,34,0.00173132
2027,35,0.0019167
2027,36,0.00214132
2027,37,0.0024044
2027,38,0.00270002
2027,39,0.00301138
2027,40,0.00333135
2027,41,0.00365593
2027,42,0.00399533
2027,43,0.00438269
2027,44,0.0048533
2027,45,0.00543806
2027,46,0.00616209
2027,47,0.00703977
2027,48,0.00806216
2027,49,0.00921151
2027,50,0.01045569
2027,51,0.01173347
2027,52,0.01294501
2027,53,0.01404444
2027,54,0.01503683
2027,55,0.01603755
2027,56,0.01716504
2027,57,0.01854966
2027,58,0.02030181
2027,59,0.02251117
2027,60,0.025178
2027,61,0.02820735
2027,62,0.03140805
2027,63,0.03425141
2027,64,0.03686025
2027,65,0.03956906
2027,66,0.04267841
2027,67,0.04629079
2027,68,0.04981201
2027,69,0.0533253
2027,70,0.05707551
2027,71,0.06111486
2027,72,0.06565462
2027,73,0.07085558
2027,74,0.07667011
2027,75,0.08305871
2027,76,0.09015323
2027,77,0.09796677
2027,78,0.10637525
2027,79,0.11540396
2027,80,0.12526903
2027,81,0.13620889
2027,82,0.14839895
2027,83,0.16189817
2027,84,0.17662391
2027,85,0.19272761
2027,86,0.21044714
2027,87,0.22975443
2027,88,0.25066522
2027,89,0.27344716
2027,90,0.29845359
2027,91,0.32576331
2027,92,0.35519951
2027,93,0.38781214
2027,94,0.42439397
2027,95,0.46491142
2027,96,0.51012113
2027,97,0.55906174
2027,98,0.61266118
2027,99,0.67294419
2028,0,0.0148394
2028,1,0.00160128
2028,2,0.00108485
2028,3,0.00075901
2028,4,0.00056406
2028,5,0.00044056
2028,6,0.00036642
2028,7,0.00032977
2028,8,0.0003172
2028,9,0.00031557
2028,10,0.00031714
2028,11,0.00032619
2028,12,0.00034727
2028,13,0.00037573
2028,14,0.00041243
2028,15,0.00045978
2028,16,0.0005176
2028,17,0.00058451
2028,18,0.0006561
2028,19,0.00072785
2028,20,0.00079557
2028,21,0.00085574
2028,22,0.00090817
2028,23,0.00095316
2028,24,0.00099043
2028,25,0.00102164
2028,26,0.0010551
2028,27,0.0010912
2028,28,0.00113024
2028,29,0.00118064
2028,30,0.00124923
2028,31,0.00133153
2028,32,0.00143207
2028,33,0.00155758
2028,34,0.00170817
2028,35,0.00189033
2028,36,0.00211144
2028,37,0.00237041
2028,38,0.00266156
2028,39,0.00296853
2028,40,0.0032843
2028,41,0.00360581
2028,42,0.00394092
2028,43,0.00432237
2028,44,0.00478779
2028,45,0.00536537
2028,46,0.00607901
2028,47,0.00694437
2028,48,0.00795322
2028,49,0.00908862
2028,50,0.01031816
2028,51,0.01158044
2028,52,0.01278039
2028,53,0.01387224
2028,54,0.01485712
2028,55,0.0158487
2028,56,0.01696563
2028,57,0.0183434
2028,58,0.02008444
2028,59,0.02227456
2028,60,0.02491083
2028,61,0.02791624
2028,62,0.03108631
2028,63,0.03387974
2028,64,0.03646683
2028,65,0.03916787
2028,66,0.04225215
2028,67,0.0458364
2028,68,0.04934275
2028,69,0.05283856
2028,70,0.05657093
2028,71,0.06057805
2028,72,0.06508491
2028,73,0.07027792
2028,74,0.07608933
2028,75,0.08246443
2028,76,0.0895006
2028,77,0.09719509
2028,78,0.10553347
2028,79,0.11457651
2028,80,0.12438607
2028,81,0.13518646
2028,82,0.14724169
2028,83,0.16071312
2028,84,0.17556926
2028,85,0.1916123
2028,86,0.20901394
2028,87,0.22809695
2028,88,0.24889514
2028,89,0.27155442
2028,90,0.29630142
2028,91,0.32342396
2028,92,0.35271982
2028,93,0.38489291
2028,94,0.4211246
2028,95,0.46149191
2028,96,0.50600748
2028,97,0.55521693
2028,98,0.60947628
2028,99,0.6688932
2029,0,0.01446176
2029,1,0.00156983
2029,2,0.00106829
2029,3,0.00075057
2029,4,0.00055942
2029,5,0.00043767
2029,6,0.00036399
2029,7,0.000327
2029,8,0.00031369
2029,9,0.00031133
2029,10,0.00031244
2029,11,0.00032106
2029,12,0.00034162
2029,13,0.00036966
2029,14,0.00040601
2029,15,0.000453
2029,16,0.00051034
2029,17,0.00057668
2029,18,0.00064758
2029,19,0.00071854
2029,20,0.00078546
2029,21,0.00084471
2029,22,0.00089615
2029,23,0.00094035
2029,24,0.00097707
2029,25,0.00100792
2029,26,0.00104096
2029,27,0.00107658
2029,28,0.00111516
2029,29,0.00116493
2029,30,0.0012324
2029,31,0.00131329
2029,32,0.00141221
2029,33,0.0015356
2029,34,0.0016833
2029,35,0.00186199
2029,36,0.00207929
2029,37,0.00233427
2029,38,0.00262098
2029,39,0.00292355
2029,40,0.00323519
2029,41,0.00355267
2029,42,0.00388483
2029,43,0.00426124
2029,44,0.00471902
2029,45,0.00529008
2029,46,0.00599461
2029,47,0.0068478
2029,48,0.00784315
2029,49,0.00896449
2029,50,0.01018032
2029,51,0.01142799
2029,52,0.01261456
2029,53,0.01369737
2029,54,0.0146774
2029,55,0.01566253
2029,56,0.01676813
2029,57,0.0181334
2029,58,0.0198656
2029,59,0.02204177
2029,60,0.02465617
2029,61,0.02762702
2029,62,0.03077441
2029,63,0.03354587
2029,64,0.03608749
2029,65,0.03876815
2029,66,0.04184128
2029,67,0.04539752
2029,68,0.04888138
2029,69,0.05236794
2029,70,0.05608549
2029,71,0.06007615
2029,72,0.06454974
2029,73,0.06970694
2029,74,0.07551066
2029,75,0.08188458
2029,76,0.08890815
2029,77,0.09654507
2029,78,0.10476532
2029,79,0.11374116
2029,80,0.12357228
2029,81,0.13432137
2029,82,0.14623294
2029,83,0.15956506
2029,84,0.17439728
2029,85,0.19058838
2029,86,0.20794006
2029,87,0.22669702
2029,88,0.24727194
2029,89,0.26982813
2029,90,0.29446354
2029,91,0.321339
2029,92,0.3504664
2029,93,0.38251562
2029,94,0.41832584
2029,95,0.45836353
2029,96,0.50280441
2029,97,0.55142185
2029,98,0.60594456
2029,99,0.6659498
2030,0,0.01416138
2030,1,0.0015453
2030,2,0.00105611
2030,3,0.000745
2030,4,0.00055677
2030,5,0.00043629
2030,6,0.0003628
2030,7,0.0003253
2030,8,0.00031122
2030,9,0.00030814
2030,10,0.00030879
2030,11,0.00031704
2030,12,0.00033714
2030,13,0.00036482
2030,14,0.0004009
2030,15,0.00044764
2030,16,0.00050468
2030,17,0.00057059
2030,18,0.000641
2030,19,0.00071134
2030,20,0.00077753
2030,21,0.0008361
2030,22,0.00088674
2030,23,0.00093009
2030,24,0.0009662
2030,25,0.00099667
2030,26,0.00102939
2030,27,0.00106458
2030,28,0.00110267
2030,29,0.00115177
2030,30,0.00121824
2030,31,0.00129783
2030,32,0.00139499
2030,33,0.00151633
2030,34,0.00166162
2030,35,0.00183707
2030,36,0.00205059
2030,37,0.00230159
2030,38,0.00258435
2030,39,0.00288288
2030,40,0.0031906
2030,41,0.00350429
2030,42,0.0038325
2030,43,0.00420558
2030,44,0.00465698
2030,45,0.00521833
2030,46,0.00591476
2030,47,0.00675752
2030,48,0.00773957
2030,49,0.00884683
2030,50,0.0100486
2030,51,0.01128231
2030,52,0.01245596
2030,53,0.01352701
2030,54,0.01449937
2030,55,0.01547974
2030,56,0.01657586
2030,57,0.01792655
2030,58,0.01964223
2030,59,0.02180553
2030,60,0.02440199
2030,61,0.02734562
2030,62,0.03045697
2030,63,0.03321242
2030,64,0.03573582
2030,65,0.03836786
2030,66,0.04141371
2030,67,0.04495376
2030,68,0.04841201
2030,69,0.05187777
2030,70,0.05558541
2030,71,0.05955885
2030,72,0.0640119
2030,73,0.06912802
2030,74,0.07488882
2030,75,0.08125077
2030,76,0.08826813
2030,77,0.09588795
2030,78,0.10404612
2030,79,0.11289496
2030,80,0.12265051
2030,81,0.13341807
2030,82,0.14526644
2030,83,0.15843412
2030,84,0.17310534
2030,85,0.18925941
2030,86,0.20676241
2030,87,0.22545543
2030,88,0.24566957
2030,89,0.26797303
2030,90,0.29248288
2030,91,0.31922569
2030,92,0.34807889
2030,93,0.37992787
2030,94,0.41557138
2030,95,0.45514875
2030,96,0.49926883
2030,97,0.54776874
2030,98,0.60168367
2030,99,0.66184173
2031,0,0.01390289
2031,1,0.00152368
2031,2,0.0010456
2031,3,0.00074038
2031,4,0.00055474
2031,5,0.00043534
2031,6,0.00036199
2031,7,0.000324
2031,8,0.00030913
2031,9,0.0003054
2031,10,0.00030563
2031,11,0.00031354
2031,12,0.00033326
2031,13,0.00036065
2031,14,0.00039652
2031,15,0.0004431
2031,16,0.00049993
2031,17,0.00056557
2031,18,0.0006356
2031,19,0.00070544
2031,20,0.00077103
2031,21,0.00082891
2031,22,0.00087896
2031,23,0.00092159
2031,24,0.00095698
2031,25,0.00098701
2031,26,0.00101937
2031,27,0.00105425
2031,28,0.00109193
2031,29,0.00114036
2031,30,0.00120581
2031,31,0.00128425
2031,32,0.00137979
2031,33,0.00149894
2031,34,0.00164192
2031,35,0.00181469
2031,36,0.0020247
2031,37,0.00227177
2031,38,0.00255064
2031,39,0.00284569
2031,40,0.00314992
2031,41,0.00346014
2031,42,0.00378478
2031,43,0.00415343
2031,44,0.00460092
2031,45,0.00515454
2031,46,0.00583915
2031,47,0.00667324
2031,48,0.00764454
2031,49,0.00873848
2031,50,0.00992677
2031,51,0.01114695
2031,52,0.01230901
2031,53,0.01336959
2031,54,0.01433206
2031,55,0.01530542
2031,56,0.01639535
2031,57,0.01773484
2031,58,0.01943309
2031,59,0.02157676
2031,60,0.0241586
2031,61,0.02708167
2031,62,0.03016682
2031,63,0.03289406
2031,64,0.0354075
2031,65,0.03802203
2031,66,0.0410129
2031,67,0.04452229
2031,68,0.04796973
2031,69,0.0514139
2031,70,0.05510194
2031,71,0.05906623
2031,72,0.06350095
2031,73,0.06859298
2031,74,0.07430882
2031,75,0.08062533
2031,76,0.08762936
2031,77,0.09524297
2031,78,0.10338586
2031,79,0.11217139
2031,80,0.12179324
2031,81,0.13248109
2031,82,0.14434668
2031,83,0.15744214
2031,84,0.17193195
2031,85,0.18790939
2031,86,0.20537238
2031,87,0.22422449
2031,88,0.24436409
2031,89,0.26627221
2031,90,0.29050229
2031,91,0.31710146
2031,92,0.34579895
2031,93,0.37733938
2031,94,0.41273767
2031,95,0.45209378
2031,96,0.49575209
2031,97,0.54389311
2031,98,0.59760704
2031,99,0.65714041
2032,0,0.01361326
2032,1,0.0014983
2032,2,0.00103253
2032,3,0.00073399
2032,4,0.0005514
2032,5,0.00043338
2032,6,0.00036036
2032,7,0.000322
2032,8,0.00030641
2032,9,0.00030197
2032,10,0.00030182
2032,11,0.0003094
2032,12,0.00032871
2032,13,0.00035579
2032,14,0.0003914
2032,15,0.00043772
2032,16,0.00049426
2032,17,0.00055953
2032,18,0.00062911
2032,19,0.00069835
2032,20,0.00076324
2032,21,0.00082039
2032,22,0.00086967
2032,23,0.00091172
2032,24,0.00094646
2032,25,0.00097585
2032,26,0.00100776
2032,27,0.00104225
2032,28,0.00107957
2032,29,0.00112734
2032,30,0.00119167
2032,31,0.00126878
2032,32,0.00136268
2032,33,0.00147958
2032,34,0.00161977
2032,35,0.00178964
2032,36,0.0019964
2032,37,0.00223935
2032,38,0.00251385
2032,39,0.00280495
2032,40,0.00310576
2032,41,0.00341249
2032,42,0.00373348
2032,43,0.0040977
2032,44,0.00453923
2032,45,0.00508763
2032,46,0.00576193
2032,47,0.00658148
2032,48,0.00754284
2032,49,0.00862495
2032,50,0.00979926
2032,51,0.01100527
2032,52,0.01215505
2032,53,0.01320564
2032,54,0.01415893
2032,55,0.01512203
2032,56,0.0162023
2032,57,0.01753323
2032,58,0.01921653
2032,59,0.02133798
2032,60,0.02389615
2032,61,0.02680051
2032,62,0.02986473
2032,63,0.03257257
2032,64,0.03506182
2032,65,0.03766686
2032,66,0.04063483
2032,67,0.04408325
2032,68,0.04750363
2032,69,0.05094103
2032,70,0.05460827
2032,71,0.05855237
2032,72,0.06297688
2032,73,0.06804709
2032,74,0.07373632
2032,75,0.08000585
2032,76,0.0869632
2032,77,0.09456629
2032,78,0.10270897
2032,79,0.11148563
2032,80,0.12104777
2032,81,0.13160159
2032,82,0.14338798
2032,83,0.15650861
2032,84,0.1709302
2032,85,0.18672595
2032,86,0.20401909
2032,87,0.22285003
2032,88,0.24318735
2032,89,0.26504708
2032,90,0.28889211
2032,91,0.31524248
2032,92,0.34384149
2032,93,0.37527337
2032,94,0.41041544
2032,95,0.4495874
2032,96,0.49315103
2032,97,0.54096598
2032,98,0.5944543
2032,99,0.65392963
2033,0,0.01333192
2033,1,0.00147205
2033,2,0.00101851
2033,3,0.00072673
2033,4,0.00054733
2033,5,0.00043082
2033,6,0.00035824
2033,7,0.00031961
2033,8,0.00030342
2033,9,0.00029838
2033,10,0.00029782
2033,11,0.00030512
2033,12,0.00032407
2033,13,0.00035085
2033,14,0.00038624
2033,15,0.00043232
2033,16,0.00048857
2033,17,0.00055347
2033,18,0.00062261
2033,19,0.00069128
2033,20,0.00075546
2033,21,0.00081184
2033,22,0.00086036
2033,23,0.00090168
2033,24,0.00093595
2033,25,0.0009648
2033,26,0.00099604
2033,27,0.00103005
2033,28,0.00106695
2033,29,0.00111413
2033,30,0.00117739
2033,31,0.00125311
2033,32,0.00134524
2033,33,0.00145995
2033,34,0.00159737
2033,35,0.00176387
2033,36,0.00196723
2033,37,0.00220653
2033,38,0.0024766
2033,39,0.00276338
2033,40,0.00306041
2033,41,0.00336379
2033,42,0.00368114
2033,43,0.00404088
2033,44,0.00447653
2033,45,0.0050171
2033,46,0.0056845
2033,47,0.00649148
2033,48,0.00743619
2033,49,0.00850755
2033,50,0.00966943
2033,51,0.01086056
2033,52,0.01199721
2033,53,0.01303686
2033,54,0.01398128
2033,55,0.01493468
2033,56,0.01600135
2033,57,0.01731963
2033,58,0.01899074
2033,59,0.02109217
2033,60,0.02362294
2033,61,0.02649771
2033,62,0.02954162
2033,63,0.03223409
2033,64,0.03470695
2033,65,0.03728539
2033,66,0.04023661
2033,67,0.0436548
2033,68,0.0470136
2033,69,0.05042401
2033,70,0.05408256
2033,71,0.05800143
2033,72,0.06239957
2033,73,0.06745157
2033,74,0.07311036
2033,75,0.07934479
2033,76,0.08624416
2033,77,0.09379023
2033,78,0.10191531
2033,79,0.11068377
2033,80,0.12022633
2033,81,0.13070522
2033,82,0.14233237
2033,83,0.15534866
2033,84,0.16977498
2033,85,0.18547421
2033,86,0.2025511
2033,87,0.22117422
2033,88,0.24145978
2033,89,0.26349335
2033,90,0.28723871
2033,91,0.31313429
2033,92,0.34141941
2033,93,0.37267672
2033,94,0.40761379
2033,95,0.44642451
2033,96,0.48973206
2033,97,0.53732416
2033,98,0.59035152
2033,99,0.64944936
2034,0,0.01303932
2034,1,0.00144404
2034,2,0.00100328
2034,3,0.00071859
2034,4,0.0005426
2034,5,0.00042777
2034,6,0.00035573
2034,7,0.00031689
2034,8,0.00030011
2034,9,0.0002945
2034,10,0.00029357
2034,11,0.00030053
2034,12,0.00031912
2034,13,0.00034562
2034,14,0.00038079
2034,15,0.00042666
2034,16,0.00048259
2034,17,0.00054709
2034,18,0.00061575
2034,19,0.00068385
2034,20,0.00074736
2034,21,0.00080296
2034,22,0.00085071
2034,23,0.00089132
2034,24,0.00092497
2034,25,0.00095348
2034,26,0.00098418
2034,27,0.00101749
2034,28,0.00105388
2034,29,0.00110043
2034,30,0.00116268
2034,31,0.00123709
2034,32,0.00132742
2034,33,0.00143982
2034,34,0.00157458
2034,35,0.0017378
2034,36,0.00193729
2034,37,0.00217285
2034,38,0.00243913
2034,39,0.00272168
2034,40,0.00301473
2034,41,0.00331458
2034,42,0.00362871
2034,43,0.00398431
2034,44,0.00441439
2034,45,0.00494769
2034,46,0.00560537
2034,47,0.00640458
2034,48,0.00733551
2034,49,0.00838948
2034,50,0.00954125
2034,51,0.01072029
2034,52,0.01184438
2034,53,0.01287351
2034,54,0.01380929
2034,55,0.01475461
2034,56,0.01580951
2034,57,0.01711192
2034,58,0.01876791
2034,59,0.02085465
2034,60,0.02336323
2034,61,0.02620768
2034,62,0.02922352
2034,63,0.0319051
2034,64,0.03436954
2034,65,0.03693342
2034,66,0.03985378
2034,67,0.04325297
2034,68,0.04658764
2034,69,0.0499401
2034,70,0.05357418
2034,71,0.0574868
2034,72,0.06185989
2034,73,0.066884
2034,74,0.07252537
2034,75,0.07873114
2034,76,0.08559724
2034,77,0.09308819
2034,78,0.10116195
2034,79,0.10992093
2034,80,0.11946398
2034,81,0.12993285
2034,82,0.14148883
2034,83,0.15434335
2034,84,0.16866791
2034,85,0.18438593
2034,86,0.20137996
2034,87,0.21979215
2034,88,0.23987882
2034,89,0.2618822
2034,90,0.28583676
2034,91,0.31165412
2034,92,0.33950022
2034,93,0.37046691
2034,94,0.40525149
2034,95,0.44388332
2034,96,0.48692215
2034,97,0.534323
2034,98,0.58718441
2034,99,0.64592052
2035,0,0.01278846
2035,1,0.00141963
2035,2,0.00099028
2035,3,0.00071188
2035,4,0.00053887
2035,5,0.00042545
2035,6,0.00035382
2035,7,0.00031471
2035,8,0.00029733
2035,9,0.00029114
2035,10,0.00028986
2035,11,0.00029651
2035,12,0.00031472
2035,13,0.00034098
2035,14,0.00037597
2035,15,0.00042168
2035,16,0.00047741
2035,17,0.00054159
2035,18,0.00060984
2035,19,0.0006774
2035,20,0.00074032
2035,21,0.00079527
2035,22,0.00084229
2035,23,0.00088223
2035,24,0.0009153
2035,25,0.00094334
2035,26,0.0009737
2035,27,0.00100645
2035,28,0.00104213
2035,29,0.00108794
2035,30,0.00114919
2035,31,0.00122238
2035,32,0.00131103
2035,33,0.00142114
2035,34,0.00155319
2035,35,0.00171333
2035,36,0.00190912
2035,37,0.00214047
2035,38,0.00240293
2035,39,0.00268192
2035,40,0.00297102
2035,41,0.00326705
2035,42,0.00357758
2035,43,0.00392933
2035,44,0.00435405
2035,45,0.00488019
2035,46,0.00552854
2035,47,0.00631617
2035,48,0.00723844
2035,49,0.0082774
2035,50,0.00941105
2035,51,0.01057957
2035,52,0.01169297
2035,53,0.01271104
2035,54,0.01363737
2035,55,0.01457346
2035,56,0.0156171
2035,57,0.01690426
2035,58,0.01853975
2035,59,0.0206065
2035,60,0.02309624
2035,61,0.02591316
2035,62,0.02889706
2035,63,0.03155615
2035,64,0.03401367
2035,65,0.03656829
2035,66,0.03946733
2035,67,0.04282919
2035,68,0.0461475
2035,69,0.04947746
2035,70,0.05305023
2035,71,0.05693498
2035,72,0.06129843
2035,73,0.06629062
2035,74,0.07189781
2035,75,0.07808182
2035,76,0.08491368
2035,77,0.0923668
2035,78,0.10038189
2035,79,0.1090854
2035,80,0.11861599
2035,81,0.12908348
2035,82,0.14062374
2035,83,0.15339561
2035,84,0.1675401
2035,85,0.18314307
2035,86,0.20015645
2035,87,0.21847785
2035,88,0.23833707
2035,89,0.26012548
2035,90,0.28404462
2035,91,0.31007676
2035,92,0.33783473
2035,93,0.36834395
2035,94,0.40282028
2035,95,0.4412794
2035,96,0.48417082
2035,97,0.53130674
2035,98,0.58396416
2035,99,0.64251992
2036,0,0.01257618
2036,1,0.00139832
2036,2,0.00097917
2036,3,0.00070638
2036,4,0.00053598
2036,5,0.00042375
2036,6,0.00035243
2036,7,0.00031302
2036,8,0.00029506
2036,9,0.00028832
2036,10,0.00028669
2036,11,0.00029308
2036,12,0.00031097
2036,13,0.00033698
2036,14,0.00037187
2036,15,0.00041751
2036,16,0.00047316
2036,17,0.00053719
2036,18,0.00060514
2036,19,0.00067228
2036,20,0.00073466
2036,21,0.00078905
2036,22,0.00083549
2036,23,0.00087479
2036,24,0.00090734
2036,25,0.00093495
2036,26,0.00096486
2036,27,0.00099729
2036,28,0.00103242
2036,29,0.00107736
2036,30,0.00113758
2036,31,0.00120962
2036,32,0.00129679
2036,33,0.00140486
2036,34,0.00153432
2036,35,0.00169144
2036,36,0.00188391
2036,37,0.00211144
2036,38,0.00236977
2036,39,0.00264545
2036,40,0.00293155
2036,41,0.00322406
2036,42,0.00353095
2036,43,0.0038787
2036,44,0.00429881
2036,45,0.00481861
2036,46,0.00545847
2036,47,0.00623578
2036,48,0.00714595
2036,49,0.00817671
2036,50,0.0092958
2036,51,0.01044665
2036,52,0.01155206
2036,53,0.01256215
2036,54,0.01347954
2036,55,0.01440668
2036,56,0.0154392
2036,57,0.01671324
2036,58,0.01833082
2036,59,0.02037386
2036,60,0.02284168
2036,61,0.02563786
2036,62,0.02859575
2036,63,0.03123102
2036,64,0.03367179
2036,65,0.03622135
2036,66,0.03910763
2036,67,0.04244506
2036,68,0.04573072
2036,69,0.04904914
2036,70,0.05260106
2036,71,0.05642249
2036,72,0.06075674
2036,73,0.06573779
2036,74,0.07131105
2036,75,0.07745998
2036,76,0.08426975
2036,77,0.09168898
2036,78,0.09966848
2036,79,0.10831394
2036,80,0.11778853
2036,81,0.12824575
2036,82,0.13978438
2036,83,0.15253761
2036,84,0.16659137
2036,85,0.18200072
2036,86,0.19889383
2036,87,0.21723691
2036,88,0.23699861
2036,89,0.25854121
2036,90,0.28222744
2036,91,0.30821632
2036,92,0.33617777
2036,93,0.36656239
2036,94,0.40053983
2036,95,0.43864988
2036,96,0.48136244
2036,97,0.52830028
2036,98,0.58063502
2036,99,0.63891599
2037,0,0.01235911
2037,1,0.00137565
2037,2,0.00096701
2037,3,0.00070006
2037,4,0.00053246
2037,5,0.00042158
2037,6,0.00035066
2037,7,0.00031102
2037,8,0.00029253
2037,9,0.00028526
2037,10,0.0002833
2037,11,0.00028943
2037,12,0.00030701
2037,13,0.00033279
2037,14,0.0003675
2037,15,0.00041307
2037,16,0.00046862
2037,17,0.00053249
2037,18,0.00060021
2037,19,0.00066689
2037,20,0.0007287
2037,21,0.00078247
2037,22,0.00082832
2037,23,0.00086707
2037,24,0.00089907
2037,25,0.00092626
2037,26,0.00095573
2037,27,0.00098769
2037,28,0.00102246
2037,29,0.00106665
2037,30,0.00112563
2037,31,0.00119638
2037,32,0.00128202
2037,33,0.00138814
2037,34,0.00151511
2037,35,0.00166914
2037,36,0.00185811
2037,37,0.00208194
2037,38,0.00233622
2037,39,0.00260788
2037,40,0.00289089
2037,41,0.00318055
2037,42,0.00348384
2037,43,0.00382721
2037,44,0.00424215
2037,45,0.00475611
2037,46,0.00538792
2037,47,0.00615519
2037,48,0.00705384
2037,49,0.00807171
2037,50,0.00918268
2037,51,0.01031863
2037,52,0.01140773
2037,53,0.01241193
2037,54,0.01332323
2037,55,0.01424152
2037,56,0.01526275
2037,57,0.01652316
2037,58,0.01812438
2037,59,0.02014553
2037,60,0.02258615
2037,61,0.02535701
2037,62,0.02829469
2037,63,0.03091091
2037,64,0.03333232
2037,65,0.03586547
2037,66,0.03874287
2037,67,0.04206412
2037,68,0.04532972
2037,69,0.04861874
2037,70,0.05216082
2037,71,0.05596173
2037,72,0.06022799
2037,73,0.06517611
2037,74,0.07073721
2037,75,0.07685108
2037,76,0.0836245
2037,77,0.09102288
2037,78,0.09897166
2037,79,0.10758461
2037,80,0.11700225
2037,81,0.12740527
2037,82,0.13893639
2037,83,0.15169115
2037,84,0.16572935
2037,85,0.18104873
2037,86,0.19774723
2037,87,0.2159743
2037,88,0.23577476
2037,89,0.25722925
2037,90,0.28067124
2037,91,0.3064386
2037,92,0.3343781
2037,93,0.36497995
2037,94,0.39883565
2037,95,0.43646915
2037,96,0.478908
2037,97,0.52571011
2037,98,0.57788703
2037,99,0.63590759
2038,0,0.01212316
2038,1,0.00134949
2038,2,0.00095227
2038,3,0.00069181
2038,4,0.00052746
2038,5,0.00041825
2038,6,0.00034797
2038,7,0.00030826
2038,8,0.00028934
2038,9,0.00028161
2038,10,0.00027937
2038,11,0.00028525
2038,12,0.00030252
2038,13,0.00032808
2038,14,0.00036262
2038,15,0.000408
2038,16,0.00046343
2038,17,0.00052711
2038,18,0.00059455
2038,19,0.00066083
2038,20,0.000722
2038,21,0.00077507
2038,22,0.00082023
2038,23,0.0008584
2038,24,0.00088992
2038,25,0.00091665
2038,26,0.00094568
2038,27,0.00097717
2038,28,0.00101143
2038,29,0.00105506
2038,30,0.00111292
2038,31,0.00118215
2038,32,0.0012661
2038,33,0.00137018
2038,34,0.00149472
2038,35,0.00164573
2038,36,0.00183105
2038,37,0.00205089
2038,38,0.0023012
2038,39,0.00256889
2038,40,0.00284806
2038,41,0.00313472
2038,42,0.00343507
2038,43,0.00377407
2038,44,0.00418324
2038,45,0.0046905
2038,46,0.00531478
2038,47,0.0060724
2038,48,0.00695977
2038,49,0.00796531
2038,50,0.00906315
2038,51,0.01019091
2038,52,0.01126661
2038,53,0.01225596
2038,54,0.0131633
2038,55,0.01407594
2038,56,0.01508591
2038,57,0.01633242
2038,58,0.01791663
2038,59,0.01991754
2038,60,0.02233282
2038,61,0.02507242
2038,62,0.02798485
2038,63,0.03058788
2038,64,0.03299473
2038,65,0.03550845
2038,66,0.03836457
2038,67,0.04167338
2038,68,0.04492692
2038,69,0.04819913
2038,70,0.05171183
2038,71,0.055503
2038,72,0.05974662
2038,73,0.06461914
2038,74,0.07014364
2038,75,0.07624438
2038,76,0.08297995
2038,77,0.09034042
2038,78,0.09826976
2038,79,0.10685252
2038,80,0.11623703
2038,81,0.1265813
2038,82,0.13805355
2038,83,0.15079817
2038,84,0.16483596
2038,85,0.18013807
2038,86,0.19674421
2038,87,0.2147655
2038,88,0.23444458
2038,89,0.2559418
2038,90,0.2792882
2038,91,0.30479952
2038,92,0.3325098
2038,93,0.3630778
2038,94,0.3971183
2038,95,0.43459803
2038,96,0.47659341
2038,97,0.52311476
2038,98,0.57512788
2038,99,0.63296025
2039,0,0.01195399
2039,1,0.00133096
2039,2,0.00094269
2039,3,0.00068714
2039,4,0.00052508
2039,5,0.00041692
2039,6,0.00034691
2039,7,0.00030692
2039,8,0.00028746
2039,9,0.00027924
2039,10,0.00027668
2039,11,0.00028232
2039,12,0.00029932
2039,13,0.00032471
2039,14,0.00035918
2039,15,0.00040453
2039,16,0.00045987
2039,17,0.00052354
2039,18,0.0005909
2039,19,0.00065694
2039,20,0.00071776
2039,21,0.00077024
2039,22,0.0008148
2039,23,0.00085242
2039,24,0.00088355
2039,25,0.00090998
2039,26,0.0009386
2039,27,0.00096968
2039,28,0.00100351
2039,29,0.00104651
2039,30,0.00110358
2039,31,0.00117157
2039,32,0.00125377
2039,33,0.00135584
2039,34,0.00147814
2039,35,0.00162654
2039,36,0.00180867
2039,37,0.00202481
2039,38,0.00227129
2039,39,0.00253552
2039,40,0.00281127
2039,41,0.00309448
2039,42,0.003392
2039,43,0.00372775
2039,44,0.00413161
2039,45,0.00463196
2039,46,0.00524832
2039,47,0.00599782
2039,48,0.00687521
2039,49,0.00786946
2039,50,0.00895542
2039,51,0.01007041
2039,52,0.01114018
2039,53,0.01211821
2039,54,0.01301176
2039,55,0.01392116
2039,56,0.01492373
2039,57,0.01615675
2039,58,0.01772412
2039,59,0.01970462
2039,60,0.02209695
2039,61,0.02480808
2039,62,0.02768972
2039,63,0.03027466
2039,64,0.03267342
2039,65,0.03517289
2039,66,0.0380049
2039,67,0.04128887
2039,68,0.04453459
2039,69,0.04779864
2039,70,0.05129549
2039,71,0.05505653
2039,72,0.05928945
2039,73,0.06413534
2039,74,0.06957768
2039,75,0.07563941
2039,76,0.08236069
2039,77,0.0896818
2039,78,0.09757342
2039,79,0.10613732
2039,80,0.11549041
2039,81,0.12579997
2039,82,0.13720674
2039,83,0.14988389
2039,84,0.16390587
2039,85,0.1792034
2039,86,0.1957903
2039,87,0.213709
2039,88,0.23316323
2039,89,0.25452344
2039,90,0.27790359
2039,91,0.30330034
2039,92,0.33072852
2039,93,0.36103669
2039,94,0.39500105
2039,95,0.43260537
2039,96,0.47443049
2039,97,0.52046954
2039,98,0.57214524
2039,99,0.62973695
2040,0,0.01172836
2040,1,0.00130229
2040,2,0.00092564
2040,3,0.00067693
2040,4,0.0005185
2040,5,0.00041233
2040,6,0.00034325
2040,7,0.00030343
2040,8,0.00028373
2040,9,0.00027519
2040,10,0.00027244
2040,11,0.00027789
2040,12,0.00029463
2040,13,0.0003198
2040,14,0.00035412
2040,15,0.00039935
2040,16,0.00045452
2040,17,0.00051789
2040,18,0.000585
2040,19,0.00065067
2040,20,0.00071096
2040,21,0.00076286
2040,22,0.00080666
2040,23,0.0008436
2040,24,0.00087419
2040,25,0.00090027
2040,26,0.00092855
2040,27,0.00095916
2040,28,0.0009925
2040,29,0.00103481
2040,30,0.00109083
2040,31,0.00115769
2040,32,0.00123817
2040,33,0.00133787
2040,34,0.00145757
2040,35,0.00160307
2040,36,0.00178193
2040,37,0.00199423
2040,38,0.00223646
2040,39,0.00249663
2040,40,0.00276881
2040,41,0.00304837
2040,42,0.00334198
2040,43,0.00367397
2040,44,0.00407326
2040,45,0.00456646
2040,46,0.00517363
2040,47,0.00591327
2040,48,0.00678106
2040,49,0.00776398
2040,50,0.00883767
2040,51,0.00993975
2040,52,0.01099744
2040,53,0.01197115
2040,54,0.01285433
2040,55,0.01374888
2040,56,0.01474628
2040,57,0.01596927
2040,58,0.01751899
2040,59,0.01947765
2040,60,0.02184491
2040,61,0.02452783
2040,62,0.02737898
2040,63,0.02993766
2040,64,0.03232138
2040,65,0.03481207
2040,66,0.03762363
2040,67,0.04087728
2040,68,0.04409969
2040,69,0.04735766
2040,70,0.05084542
2040,71,0.05458826
2040,72,0.05878566
2040,73,0.06361459
2040,74,0.06902352
2040,75,0.07499383
2040,76,0.08166964
2040,77,0.08897227
2040,78,0.09682051
2040,79,0.10534195
2040,80,0.11467114
2040,81,0.12494338
2040,82,0.13630611
2040,83,0.14890446
2040,84,0.16284491
2040,85,0.1781173
2040,86,0.19469512
2040,87,0.2125871
2040,88,0.23192431
2040,89,0.25303504
2040,90,0.27625756
2040,91,0.30167649
2040,92,0.32896863
2040,93,0.35896319
2040,94,0.39263218
2040,95,0.43011807
2040,96,0.47205402
2040,97,0.51788308
2040,98,0.56906141
2040,99,0.62628983
2041,0,0.01154805
2041,1,0.00127966
2041,2,0.0009128
2041,3,0.0006697
2041,4,0.00051412
2041,5,0.00040943
2041,6,0.00034092
2041,7,0.00030107
2041,8,0.00028101
2041,9,0.00027208
2041,10,0.00026909
2041,11,0.00027435
2041,12,0.00029082
2041,13,0.00031581
2041,14,0.00035001
2041,15,0.00039515
2041,16,0.00045025
2041,17,0.00051345
2041,18,0.00058025
2041,19,0.00064565
2041,20,0.00070555
2041,21,0.00075696
2041,22,0.00080025
2041,23,0.00083653
2041,24,0.00086659
2041,25,0.00089228
2041,26,0.00092024
2041,27,0.0009505
2041,28,0.00098336
2041,29,0.00102502
2041,30,0.00108005
2041,31,0.00114568
2041,32,0.00122476
2041,33,0.00132237
2041,34,0.00143933
2041,35,0.00158188
2041,36,0.00175753
2041,37,0.00196632
2041,38,0.00220463
2041,39,0.00246077
2041,40,0.00272922
2041,41,0.00300542
2041,42,0.0032953
2041,43,0.00362262
2041,44,0.00401705
2041,45,0.0045045
2041,46,0.00510271
2041,47,0.00583161
2041,48,0.00668858
2041,49,0.00766139
2041,50,0.00872354
2041,51,0.00981306
2041,52,0.01085923
2041,53,0.01182242
2041,54,0.01270319
2041,55,0.0135868
2041,56,0.01456576
2041,57,0.01578143
2041,58,0.0173177
2041,59,0.01925402
2041,60,0.02159521
2041,61,0.02424855
2041,62,0.02707065
2041,63,0.02960452
2041,64,0.03196517
2041,65,0.03444011
2041,66,0.03723777
2041,67,0.04046603
2041,68,0.04366069
2041,69,0.04689751
2041,70,0.0503796
2041,71,0.05411285
2041,72,0.0582893
2041,73,0.06307642
2041,74,0.06846441
2041,75,0.07439745
2041,76,0.08097456
2041,77,0.08822848
2041,78,0.0960583
2041,79,0.10453468
2041,80,0.11381855
2041,81,0.1240655
2041,82,0.13538585
2041,83,0.14793343
2041,84,0.16178598
2041,85,0.17696897
2041,86,0.19352287
2041,87,0.2114076
2041,88,0.23071944
2041,89,0.25170741
2041,90,0.27466564
2041,91,0.29992197
2041,92,0.32723803
2041,93,0.35708616
2041,94,0.39042752
2041,95,0.42760926
2041,96,0.46945624
2041,97,0.5153714
2041,98,0.56633
2041,99,0.6230812
2042,0,0.01134478
2042,1,0.00125396
2042,2,0.00089784
2042,3,0.00066095
2042,4,0.00050861
2042,5,0.00040567
2042,6,0.0003379
2042,7,0.0002981
2042,8,0.00027774
2042,9,0.00026845
2042,10,0.00026524
2042,11,0.0002703
2042,12,0.0002865
2042,13,0.00031128
2042,14,0.00034533
2042,15,0.00039033
2042,16,0.00044528
2042,17,0.00050828
2042,18,0.00057475
2042,19,0.0006396
2042,20,0.00069905
2042,21,0.00074993
2042,22,0.00079266
2042,23,0.00082843
2042,24,0.0008579
2042,25,0.00088315
2042,26,0.0009107
2042,27,0.00094061
2042,28,0.00097308
2042,29,0.00101405
2042,30,0.00106806
2042,31,0.00113243
2042,32,0.00120988
2042,33,0.00130561
2042,34,0.00141996
2042,35,0.00155916
2042,36,0.00173124
2042,37,0.0019363
2042,38,0.00217073
2042,39,0.0024229
2042,40,0.00268738
2042,41,0.00295982
2042,42,0.00324611
2042,43,0.00356883
2042,44,0.00395708
2042,45,0.00443819
2042,46,0.00502896
2042,47,0.00574707
2042,48,0.00659187
2042,49,0.00755302
2042,50,0.00860482
2042,51,0.00968244
2042,52,0.01071742
2042,53,0.01167089
2042,54,0.01254269
2042,55,0.01342497
2042,56,0.01439057
2042,57,0.01558429
2042,58,0.01711072
2042,59,0.01902992
2042,60,0.0213451
2042,61,0.02396832
2042,62,0.02676038
2042,63,0.02927171
2042,64,0.03161181
2042,65,0.03406357
2042,66,0.03684107
2042,67,0.04005175
2042,68,0.04322471
2042,69,0.04643676
2042,70,0.04989838
2042,71,0.05362661
2042,72,0.05779253
2042,73,0.06255493
2042,74,0.06789696
2042,75,0.07380764
2042,76,0.08034478
2042,77,0.08749576
2042,78,0.09527753
2042,79,0.10373749
2042,80,0.11297594
2042,81,0.12317766
2042,82,0.13447169
2042,83,0.14697383
2042,84,0.16077233
2042,85,0.1758633
2042,86,0.19232863
2042,87,0.21019466
2042,88,0.22950617
2042,89,0.25047293
2042,90,0.27330358
2042,91,0.29828867
2042,92,0.32544133
2042,93,0.35530704
2042,94,0.38848466
2042,95,0.42532894
2042,96,0.46691426
2042,97,0.51274161
2042,98,0.56375739
2042,99,0.62028062
2043,0,0.01117082
2043,1,0.00123361
2043,2,0.00088654
2043,3,0.00065477
2043,4,0.00050495
2043,5,0.00040327
2043,6,0.00033598
2043,7,0.00029607
2043,8,0.0002753
2043,9,0.00026561
2043,10,0.00026213
2043,11,0.00026696
2043,12,0.00028289
2043,13,0.00030745
2043,14,0.00034135
2043,15,0.0003862
2043,16,0.00044097
2043,17,0.00050373
2043,18,0.00056993
2043,19,0.00063432
2043,20,0.00069311
2043,21,0.00074355
2043,22,0.0007858
2043,23,0.0008211
2043,24,0.0008502
2043,25,0.00087499
2043,26,0.0009021
2043,27,0.0009316
2043,28,0.00096372
2043,29,0.00100415
2043,30,0.0010572
2043,31,0.00112039
2043,32,0.00119632
2043,33,0.00129009
2043,34,0.0014023
2043,35,0.00153855
2043,36,0.00170691
2043,37,0.00190815
2043,38,0.00213875
2043,39,0.00238726
2043,40,0.00264805
2043,41,0.00291669
2043,42,0.00319912
2043,43,0.00351758
2043,44,0.00390001
2043,45,0.00437341
2043,46,0.00495642
2043,47,0.00566609
2043,48,0.00649913
2043,49,0.00744753
2043,50,0.00848765
2043,51,0.00955489
2043,52,0.01057951
2043,53,0.01152358
2043,54,0.01238712
2043,55,0.0132603
2043,56,0.01422321
2043,57,0.0154006
2043,58,0.01690055
2043,59,0.01880656
2043,60,0.02110122
2043,61,0.02369408
2043,62,0.02645528
2043,63,0.02894251
2043,64,0.03126367
2043,65,0.0336939
2043,66,0.0364423
2043,67,0.03962801
2043,68,0.04278636
2043,69,0.04597853
2043,70,0.04941411
2043,71,0.05311955
2043,72,0.05727767
2043,73,0.06202406
2043,74,0.06733543
2043,75,0.07319373
2043,76,0.07970328
2043,77,0.08680917
2043,78,0.09448068
2043,79,0.10288701
2043,80,0.1121035
2043,81,0.12225192
2043,82,0.13348895
2043,83,0.14595215
2043,84,0.15969009
2043,85,0.17471137
2043,86,0.19106904
2043,87,0.20882784
2043,88,0.22810526
2043,89,0.24905293
2043,90,0.27183487
2043,91,0.29665594
2043,92,0.32349463
2043,93,0.35314754
2043,94,0.38627826
2043,95,0.42289017
2043,96,0.46411381
2043,97,0.50961372
2043,98,0.56044494
2043,99,0.61689009
2044,0,0.01100096
2044,1,0.00121414
2044,2,0.00087582
2044,3,0.00064899
2044,4,0.00050159
2044,5,0.00040111
2044,6,0.00033422
2044,7,0.00029418
2044,8,0.000273
2044,9,0.00026287
2044,10,0.00025912
2044,11,0.00026372
2044,12,0.00027936
2044,13,0.0003037
2044,14,0.00033742
2044,15,0.00038212
2044,16,0.0004367
2044,17,0.0004992
2044,18,0.00056504
2044,19,0.00062902
2044,20,0.00068724
2044,21,0.00073693
2044,22,0.00077874
2044,23,0.00081362
2044,24,0.00084236
2044,25,0.0008669
2044,26,0.00089354
2044,27,0.0009226
2044,28,0.0009543
2044,29,0.00099422
2044,30,0.00104644
2044,31,0.00110845
2044,32,0.0011829
2044,33,0.00127475
2044,34,0.00138462
2044,35,0.00151833
2044,36,0.0016833
2044,37,0.00188037
2044,38,0.0021069
2044,39,0.00235168
2044,40,0.002609
2044,41,0.00287407
2044,42,0.00315258
2044,43,0.00346648
2044,44,0.00384347
2044,45,0.00430955
2044,46,0.00488297
2044,47,0.00558372
2044,48,0.00640759
2044,49,0.00734358
2044,50,0.00837084
2044,51,0.00942641
2044,52,0.01044237
2044,53,0.01137812
2044,54,0.01223407
2044,55,0.01309932
2044,56,0.01405102
2044,57,0.01522448
2044,58,0.0167045
2044,59,0.01857923
2044,60,0.02085835
2044,61,0.02342759
2044,62,0.02615849
2044,63,0.02862161
2044,64,0.03092322
2044,65,0.03333491
2044,66,0.03605737
2044,67,0.03921025
2044,68,0.04234791
2044,69,0.04552954
2044,70,0.04894638
2044,71,0.05262545
2044,72,0.05675928
2044,73,0.06149591
2044,74,0.06678995
2044,75,0.07261675
2044,76,0.0790721
2044,77,0.08615187
2044,78,0.09378113
2044,79,0.10207605
2044,80,0.11124002
2044,81,0.12137048
2044,82,0.1325543
2044,83,0.14496003
2044,84,0.1586611
2044,85,0.17362517
2044,86,0.18992165
2044,87,0.20757898
2044,88,0.22675756
2044,89,0.24768582
2044,90,0.27046405
2044,91,0.29525282
2044,92,0.32194215
2044,93,0.35129249
2044,94,0.38422203
2044,95,0.42080059
2044,96,0.46186204
2044,97,0.5070554
2044,98,0.55761791
2044,99,0.61392939
2045,0,0.01089333
2045,1,0.00120097
2045,2,0.00086925
2045,3,0.00064602
2045,4,0.00050026
2045,5,0.0004005
2045,6,0.00033375
2045,7,0.00029344
2045,8,0.0002718
2045,9,0.00026125
2045,10,0.00025722
2045,11,0.00026162
2045,12,0.00027703
2045,13,0.00030123
2045,14,0.00033489
2045,15,0.00037957
2045,16,0.00043413
2045,17,0.00049657
2045,18,0.00056226
2045,19,0.00062596
2045,20,0.00068385
2045,21,0.00073305
2045,22,0.00077423
2045,23,0.00080883
2045,24,0.00083733
2045,25,0.00086168
2045,26,0.00088814
2045,27,0.00091679
2045,28,0.00094811
2045,29,0.00098752
2045,30,0.00103906
2045,31,0.00110018
2045,32,0.00117334
2045,33,0.00126354
2045,34,0.00137138
2045,35,0.00150266
2045,36,0.00166507
2045,37,0.00185877
2045,38,0.00208133
2045,39,0.00232257
2045,40,0.00257679
2045,41,0.00283893
2045,42,0.00311418
2045,43,0.00342388
2045,44,0.00379556
2045,45,0.0042554
2045,46,0.00482049
2045,47,0.00551102
2045,48,0.00632624
2045,49,0.00725371
2045,50,0.00826934
2045,51,0.00931286
2045,52,0.01031942
2045,53,0.01124903
2045,54,0.01209877
2045,55,0.01295696
2045,56,0.01389923
2045,57,0.0150597
2045,58,0.01653454
2045,59,0.01838604
2045,60,0.02063065
2045,61,0.02318288
2045,62,0.02589162
2045,63,0.02833163
2045,64,0.03061388
2045,65,0.03300648
2045,66,0.03570661
2045,67,0.0388304
2045,68,0.04193917
2045,69,0.04510382
2045,70,0.04851166
2045,71,0.05217208
2045,72,0.05627778
2045,73,0.06098685
2045,74,0.06626977
2045,75,0.07207815
2045,76,0.07849932
2045,77,0.08552215
2045,78,0.09312579
2045,79,0.10137732
2045,80,0.11042305
2045,81,0.12049705
2045,82,0.13165795
2045,83,0.14400103
2045,84,0.15763366
2045,85,0.17255147
2045,86,0.18878167
2045,87,0.20636484
2045,88,0.22542364
2045,89,0.24623054
2045,90,0.26896604
2045,91,0.29372193
2045,92,0.32033866
2045,93,0.34948091
2045,94,0.38203799
2045,95,0.4183392
2045,96,0.45930844
2045,97,0.50423503
2045,98,0.55438053
2045,99,0.61029584
2046,0,0.01079986
2046,1,0.00118837
2046,2,0.00086279
2046,3,0.00064296
2046,4,0.00049877
2046,5,0.00039975
2046,6,0.00033318
2046,7,0.00029266
2046,8,0.00027062
2046,9,0.00025969
2046,10,0.00025543
2046,11,0.00025964
2046,12,0.00027485
2046,13,0.00029892
2046,14,0.00033253
2046,15,0.00037719
2046,16,0.00043174
2046,17,0.00049411
2046,18,0.00055967
2046,19,0.00062311
2046,20,0.00068061
2046,21,0.00072943
2046,22,0.00077011
2046,23,0.0008041
2046,24,0.00083244
2046,25,0.00085666
2046,26,0.00088293
2046,27,0.00091139
2046,28,0.00094229
2046,29,0.00098119
2046,30,0.001032
2046,31,0.00109229
2046,32,0.00116434
2046,33,0.00125298
2046,34,0.00135893
2046,35,0.00148792
2046,36,0.0016476
2046,37,0.00183855
2046,38,0.0020576
2046,39,0.00229497
2046,40,0.00254586
2046,41,0.00280505
2046,42,0.00307735
2046,43,0.00338322
2046,44,0.00374961
2046,45,0.00420281
2046,46,0.00476023
2046,47,0.00544112
2046,48,0.00624514
2046,49,0.00716366
2046,50,0.0081708
2046,51,0.00920257
2046,52,0.01019823
2046,53,0.01111982
2046,54,0.01196475
2046,55,0.01281662
2046,56,0.01374978
2046,57,0.01489826
2046,58,0.01635657
2046,59,0.01819989
2046,60,0.02041712
2046,61,0.02293025
2046,62,0.02562205
2046,63,0.02804559
2046,64,0.03030782
2046,65,0.03268005
2046,66,0.03535618
2046,67,0.03845324
2046,68,0.04153535
2046,69,0.04467271
2046,70,0.04806319
2046,71,0.05171376
2046,72,0.05579774
2046,73,0.06047324
2046,74,0.06572435
2046,75,0.07151976
2046,76,0.07792021
2046,77,0.08490717
2046,78,0.09245277
2046,79,0.10067899
2046,80,0.10967988
2046,81,0.11962888
2046,82,0.13072817
2046,83,0.14304512
2046,84,0.15660987
2046,85,0.17145578
2046,86,0.18764256
2046,87,0.20516151
2046,88,0.22414947
2046,89,0.24483735
2046,90,0.26745327
2046,91,0.2921765
2046,92,0.31877217
2046,93,0.34784631
2046,94,0.38019552
2046,95,0.41613731
2046,96,0.4568781
2046,97,0.50173043
2046,98,0.55163673
2046,99,0.60718017
2047,0,0.01063647
2047,1,0.00116848
2047,2,0.0008515
2047,3,0.00063659
2047,4,0.00049489
2047,5,0.00039715
2047,6,0.00033109
2047,7,0.00029052
2047,8,0.00026814
2047,9,0.00025683
2047,10,0.00025233
2047,11,0.00025633
2047,12,0.00027126
2047,13,0.00029512
2047,14,0.00032856
2047,15,0.00037305
2047,16,0.00042739
2047,17,0.00048949
2047,18,0.00055468
2047,19,0.0006176
2047,20,0.00067447
2047,21,0.00072262
2047,22,0.0007627
2047,23,0.00079606
2047,24,0.00082373
2047,25,0.0008478
2047,26,0.00087387
2047,27,0.00090208
2047,28,0.00093272
2047,29,0.00097097
2047,30,0.00102087
2047,31,0.00108005
2047,32,0.00115078
2047,33,0.00123768
2047,34,0.00134136
2047,35,0.00146763
2047,36,0.00162411
2047,37,0.0018114
2047,38,0.00202684
2047,39,0.00226008
2047,40,0.00250662
2047,41,0.002762
2047,42,0.0030307
2047,43,0.00333248
2047,44,0.00369328
2047,45,0.0041389
2047,46,0.00468692
2047,47,0.00535754
2047,48,0.00614948
2047,49,0.00705467
2047,50,0.00805145
2047,51,0.00907334
2047,52,0.01005722
2047,53,0.01096843
2047,54,0.0118062
2047,55,0.01265341
2047,56,0.01357816
2047,57,0.01471459
2047,58,0.01615676
2047,59,0.01797829
2047,60,0.02018331
2047,61,0.02266287
2047,62,0.02531187
2047,63,0.02772297
2047,64,0.02997146
2047,65,0.03232212
2047,66,0.03497167
2047,67,0.03803842
2047,68,0.04109472
2047,69,0.04420589
2047,70,0.04756704
2047,71,0.05119755
2047,72,0.05526786
2047,73,0.0599148
2047,74,0.06512532
2047,75,0.07088295
2047,76,0.07726492
2047,77,0.08422603
2047,78,0.09173148
2047,79,0.09989348
2047,80,0.10886344
2047,81,0.1187607
2047,82,0.1297198
2047,83,0.14196255
2047,84,0.15549059
2047,85,0.17025578
2047,86,0.18636091
2047,87,0.20382775
2047,88,0.22274065
2047,89,0.24334384
2047,90,0.26582085
2047,91,0.29040527
2047,92,0.31694979
2047,93,0.34597104
2047,94,0.37820492
2047,95,0.41389209
2047,96,0.45427574
2047,97,0.49887231
2047,98,0.54865632
2047,99,0.60391934
2048,0,0.01052246
2048,1,0.00115363
2048,2,0.00084356
2048,3,0.00063251
2048,4,0.00049266
2048,5,0.00039582
2048,6,0.00033004
2048,7,0.00028931
2048,8,0.00026656
2048,9,0.00025487
2048,10,0.00025013
2048,11,0.00025394
2048,12,0.00026865
2048,13,0.00029235
2048,14,0.00032571
2048,15,0.00037015
2048,16,0.00042443
2048,17,0.0004864
2048,18,0.00055138
2048,19,0.00061396
2048,20,0.00067035
2048,21,0.00071793
2048,22,0.00075743
2048,23,0.00079034
2048,24,0.00081756
2048,25,0.00084114
2048,26,0.00086712
2048,27,0.00089519
2048,28,0.00092563
2048,29,0.00096354
2048,30,0.00101258
2048,31,0.00107077
2048,32,0.00114023
2048,33,0.0012256
2048,34,0.0013274
2048,35,0.00145125
2048,36,0.0016049
2048,37,0.00178895
2048,38,0.00200085
2048,39,0.00223093
2048,40,0.00247388
2048,41,0.00272535
2048,42,0.00299051
2048,43,0.00328844
2048,44,0.00364452
2048,45,0.00408368
2048,46,0.00462297
2048,47,0.00528343
2048,48,0.00606499
2048,49,0.00695835
2048,50,0.00794253
2048,51,0.00895501
2048,52,0.00993136
2048,53,0.01083309
2048,54,0.01166236
2048,55,0.01250309
2048,56,0.01342219
2048,57,0.01454884
2048,58,0.01597674
2048,59,0.01777938
2048,60,0.01996036
2048,61,0.02242644
2048,62,0.02504273
2048,63,0.02741771
2048,64,0.0296597
2048,65,0.03199788
2048,66,0.03462218
2048,67,0.03765951
2048,68,0.04069012
2048,69,0.04377955
2048,70,0.04711594
2048,71,0.05071731
2048,72,0.05476729
2048,73,0.05939922
2048,74,0.06457974
2048,75,0.0702959
2048,76,0.07663957
2048,77,0.08358418
2048,78,0.09106712
2048,79,0.09919116
2048,80,0.1080967
2048,81,0.11796495
2048,82,0.12887023
2048,83,0.14096291
2048,84,0.1544115
2048,85,0.16913882
2048,86,0.18516212
2048,87,0.2025443
2048,88,0.22140386
2048,89,0.24192654
2048,90,0.26430933
2048,91,0.28874202
2048,92,0.31513275
2048,93,0.34407874
2048,94,0.37622029
2048,95,0.4117485
2048,96,0.45186994
2048,97,0.49607112
2048,98,0.54554564
2048,99,0.60060703
2049,0,0.01042571
2049,1,0.00113963
2049,2,0.00083594
2049,3,0.0006285
2049,4,0.00049043
2049,5,0.00039447
2049,6,0.00032899
2049,7,0.00028815
2049,8,0.00026508
2049,9,0.00025307
2049,10,0.00024812
2049,11,0.00025175
2049,12,0.00026627
2049,13,0.00028984
2049,14,0.00032312
2049,15,0.00036752
2049,16,0.00042178
2049,17,0.00048367
2049,18,0.00054848
2049,19,0.00061075
2049,20,0.00066672
2049,21,0.00071379
2049,22,0.00075274
2049,23,0.00078514
2049,24,0.00081202
2049,25,0.00083526
2049,26,0.00086076
2049,27,0.00088876
2049,28,0.00091907
2049,29,0.00095667
2049,30,0.00100516
2049,31,0.00106235
2049,32,0.00113061
2049,33,0.00121448
2049,34,0.00131456
2049,35,0.00143634
2049,36,0.00158735
2049,37,0.00176842
2049,38,0.00197703
2049,39,0.00220377
2049,40,0.00244386
2049,41,0.002692
2049,42,0.0029533
2049,43,0.00324726
2049,44,0.0035987
2049,45,0.00403222
2049,46,0.00456383
2049,47,0.00521449
2049,48,0.00598526
2049,49,0.00686813
2049,50,0.00784074
2049,51,0.00884095
2049,52,0.00980961
2049,53,0.01070577
2049,54,0.01152697
2049,55,0.01235922
2049,56,0.01327029
2049,57,0.01438982
2049,58,0.01580546
2049,59,0.01759066
2049,60,0.01975003
2049,61,0.02218926
2049,62,0.02479339
2049,63,0.02714172
2049,64,0.02935071
2049,65,0.03168328
2049,66,0.0342915
2049,67,0.0373001
2049,68,0.04030488
2049,69,0.04337156
2049,70,0.04668682
2049,71,0.05026285
2049,72,0.05428138
2049,73,0.05889004
2049,74,0.0640541
2049,75,0.06973898
2049,76,0.07603924
2049,77,0.08294544
2049,78,0.09041496
2049,79,0.09851913
2049,80,0.10738785
2049,81,0.11719134
2049,82,0.12806771
2049,83,0.14010463
2049,84,0.15339457
2049,85,0.16804121
2049,86,0.18403337
2049,87,0.20133747
2049,88,0.22011756
2049,89,0.24059498
2049,90,0.26290392
2049,91,0.28725188
2049,92,0.31350118
2049,93,0.3423007
2049,94,0.37437018
2049,95,0.40981221
2049,96,0.44982048
2049,97,0.49378464
2049,98,0.54290408
2049,99,0.59769242
2050,0,0.01032553
2050,1,0.00112547
2050,2,0.00082824
2050,3,0.00062446
2050,4,0.00048819
2050,5,0.00039311
2050,6,0.00032793
2050,7,0.00028697
2050,8,0.00026356
2050,9,0.00025122
2050,10,0.00024605
2050,11,0.00024952
2050,12,0.00026383
2050,13,0.00028727
2050,14,0.00032047
2050,15,0.00036483
2050,16,0.00041904
2050,17,0.00048084
2050,18,0.00054547
2050,19,0.00060742
2050,20,0.00066293
2050,21,0.00070947
2050,22,0.00074784
2050,23,0.00077968
2050,24,0.00080611
2050,25,0.00082909
2050,26,0.00085425
2050,27,0.00088177
2050,28,0.00091201
2050,29,0.00094934
2050,30,0.00099725
2050,31,0.00105369
2050,32,0.00112065
2050,33,0.00120291
2050,34,0.0013011
2050,35,0.00142072
2050,36,0.00156921
2050,37,0.00174718
2050,38,0.00195244
2050,39,0.00217579
2050,40,0.00241255
2050,41,0.00265784
2050,42,0.00291565
2050,43,0.00320496
2050,44,0.00355118
2050,45,0.00397862
2050,46,0.00450288
2050,47,0.00514416
2050,48,0.00590359
2050,49,0.00677455
2050,50,0.00773605
2050,51,0.0087241
2050,52,0.0096811
2050,53,0.01057073
2050,54,0.01138767
2050,55,0.01221164
2050,56,0.01311219
2050,57,0.01422143
2050,58,0.01562717
2050,59,0.01739623
2050,60,0.01953427
2050,61,0.02194758
2050,62,0.02452325
2050,63,0.02686498
2050,64,0.02904974
2050,65,0.03134724
2050,66,0.03394539
2050,67,0.03693296
2050,68,0.03991051
2050,69,0.04295245
2050,70,0.04624374
2050,71,0.04979655
2050,72,0.05378571
2050,73,0.05835659
2050,74,0.06349234
2050,75,0.06915668
2050,76,0.07541998
2050,77,0.08227755
2050,78,0.08970478
2050,79,0.09779229
2050,80,0.10663613
2050,81,0.11639602
2050,82,0.12719575
2050,83,0.13919217
2050,84,0.15241153
2050,85,0.16687667
2050,86,0.1827733
2050,87,0.20003286
2050,88,0.21871595
2050,89,0.23909091
2050,90,0.26132886
2050,91,0.2855718
2050,92,0.31169902
2050,93,0.34030564
2050,94,0.37216322
2050,95,0.40745851
2050,96,0.44732907
2050,97,0.49108791
2050,98,0.53987282
2050,99,0.59420787
2051,0,0.01021323
2051,1,0.00110914
2051,2,0.00081887
2051,3,0.00061912
2051,4,0.00048492
2051,5,0.00039094
2051,6,0.00032622
2051,7,0.00028525
2051,8,0.00026158
2051,9,0.00024895
2051,10,0.0002436
2051,11,0.00024691
2051,12,0.000261
2051,13,0.00028428
2051,14,0.00031737
2051,15,0.00036164
2051,16,0.00041573
2051,17,0.00047737
2051,18,0.00054175
2051,19,0.00060331
2051,20,0.00065832
2051,21,0.00070426
2051,22,0.00074203
2051,23,0.00077329
2051,24,0.00079921
2051,25,0.00082182
2051,26,0.00084671
2051,27,0.00087386
2051,28,0.0009036
2051,29,0.00094069
2051,30,0.00098805
2051,31,0.0010437
2051,32,0.00110961
2051,33,0.00119019
2051,34,0.00128639
2051,35,0.0014037
2051,36,0.00154959
2051,37,0.00172462
2051,38,0.00192643
2051,39,0.00214632
2051,40,0.00237968
2051,41,0.00262163
2051,42,0.00287648
2051,43,0.00316163
2051,44,0.00350191
2051,45,0.00392258
2051,46,0.00443902
2051,47,0.00507137
2051,48,0.00582002
2051,49,0.00667852
2051,50,0.00762748
2051,51,0.008604
2051,52,0.00954966
2051,53,0.01042856
2051,54,0.01124005
2051,55,0.01205988
2051,56,0.01294986
2051,57,0.01404574
2051,58,0.01543781
2051,59,0.01719324
2051,60,0.01931144
2051,61,0.02169935
2051,62,0.02424803
2051,63,0.02656629
2051,64,0.02874861
2051,65,0.03102058
2051,66,0.03357755
2051,67,0.03655107
2051,68,0.03951031
2051,69,0.04252673
2051,70,0.04579255
2051,71,0.04931962
2051,72,0.05328225
2051,73,0.05781842
2051,74,0.06291165
2051,75,0.06854503
2051,76,0.07478529
2051,77,0.0816039
2051,78,0.08898192
2051,79,0.09702661
2051,80,0.10585426
2051,81,0.11559
2051,82,0.12634406
2051,83,0.13825906
2051,84,0.15143678
2051,85,0.16583084
2051,86,0.18154165
2051,87,0.19870882
2051,88,0.21735719
2051,89,0.23764282
2051,90,0.2597878
2051,91,0.28397686
2051,92,0.310019
2051,93,0.33852084
2051,94,0.37020148
2051,95,0.40530911
2051,96,0.44510035
2051,97,0.48876745
2051,98,0.53740004
2051,99,0.59146899
2052,0,0.01010368
2052,1,0.00109269
2052,2,0.00080927
2052,3,0.00061353
2052,4,0.00048142
2052,5,0.00038857
2052,6,0.00032435
2052,7,0.00028342
2052,8,0.00025953
2052,9,0.00024664
2052,10,0.00024111
2052,11,0.00024427
2052,12,0.00025816
2052,13,0.00028128
2052,14,0.00031425
2052,15,0.00035841
2052,16,0.00041238
2052,17,0.00047382
2052,18,0.00053795
2052,19,0.00059912
2052,20,0.0006536
2052,21,0.00069896
2052,22,0.00073611
2052,23,0.00076678
2052,24,0.0007922
2052,25,0.00081441
2052,26,0.00083891
2052,27,0.00086579
2052,28,0.00089515
2052,29,0.00093159
2052,30,0.00097846
2052,31,0.00103336
2052,32,0.00109822
2052,33,0.00117741
2052,34,0.00127158
2052,35,0.00138653
2052,36,0.00152969
2052,37,0.00170177
2052,38,0.00190036
2052,39,0.00211676
2052,40,0.00234672
2052,41,0.00258532
2052,42,0.00283672
2052,43,0.0031184
2052,44,0.00345342
2052,45,0.00386654
2052,46,0.00437442
2052,47,0.0049974
2052,48,0.00573591
2052,49,0.00658263
2052,50,0.00751846
2052,51,0.00848195
2052,52,0.00941691
2052,53,0.01028541
2052,54,0.01108682
2052,55,0.01190114
2052,56,0.01278528
2052,57,0.01386782
2052,58,0.01524281
2052,59,0.01698044
2052,60,0.01908144
2052,61,0.02144538
2052,62,0.0239673
2052,63,0.02626334
2052,64,0.02842484
2052,65,0.03069412
2052,66,0.0332195
2052,67,0.03614561
2052,68,0.03909306
2052,69,0.04209253
2052,70,0.04533125
2052,71,0.04883017
2052,72,0.05276273
2052,73,0.05726618
2052,74,0.06231876
2052,75,0.06790422
2052,76,0.07410828
2052,77,0.08089975
2052,78,0.08823542
2052,79,0.09622619
2052,80,0.10500533
2052,81,0.11472057
2052,82,0.12544317
2052,83,0.13730229
2052,84,0.15038539
2052,85,0.16472827
2052,86,0.1803596
2052,87,0.19732251
2052,88,0.21586698
2052,89,0.23610883
2052,90,0.25815027
2052,91,0.28223267
2052,92,0.30820705
2052,93,0.33659993
2052,94,0.36814154
2052,95,0.40303786
2052,96,0.44264248
2052,97,0.48619329
2052,98,0.53468598
2052,99,0.58854727
2053,0,0.00998907
2053,1,0.00107545
2053,2,0.0007991
2053,3,0.00060752
2053,4,0.00047761
2053,5,0.00038597
2053,6,0.00032229
2053,7,0.00028143
2053,8,0.00025734
2053,9,0.0002442
2053,10,0.00023851
2053,11,0.00024151
2053,12,0.0002552
2053,13,0.00027815
2053,14,0.000311
2053,15,0.00035504
2053,16,0.00040889
2053,17,0.00047014
2053,18,0.00053397
2053,19,0.00059474
2053,20,0.0006487
2053,21,0.00069345
2053,22,0.00072996
2053,23,0.00076002
2053,24,0.00078492
2053,25,0.00080671
2053,26,0.0008308
2053,27,0.0008573
2053,28,0.00088639
2053,29,0.00092231
2053,30,0.00096824
2053,31,0.00102246
2053,32,0.0010863
2053,33,0.00116406
2053,34,0.0012565
2053,35,0.001369
2053,36,0.00150935
2053,37,0.0016783
2053,38,0.00187366
2053,39,0.0020868
2053,40,0.00231334
2053,41,0.00254861
2053,42,0.00279661
2053,43,0.0030743
2053,44,0.00340494
2053,45,0.00381145
2053,46,0.0043099
2053,47,0.00492274
2053,48,0.00565075
2053,49,0.00648661
2053,50,0.0074103
2053,51,0.00836043
2053,52,0.00928344
2053,53,0.01014266
2053,54,0.01093485
2053,55,0.01173897
2053,56,0.01261623
2053,57,0.01369131
2053,58,0.01504985
2053,59,0.01676663
2053,60,0.0188468
2053,61,0.0211906
2053,62,0.02368829
2053,63,0.02596343
2053,64,0.02810651
2053,65,0.03035463
2053,66,0.03287371
2053,67,0.03576339
2053,68,0.03866526
2053,69,0.04165587
2053,70,0.04487782
2053,71,0.04834834
2053,72,0.05224979
2053,73,0.05671837
2053,74,0.06173423
2053,75,0.0672756
2053,76,0.07342761
2053,77,0.08018046
2053,78,0.08748855
2053,79,0.09543499
2053,80,0.10415634
2053,81,0.11381931
2053,82,0.124517
2053,83,0.13633815
2053,84,0.14935664
2053,85,0.16359416
2053,86,0.17916962
2053,87,0.19604463
2053,88,0.21436657
2053,89,0.23449179
2053,90,0.25647791
2053,91,0.28044119
2053,92,0.30629019
2053,93,0.33458653
2053,94,0.36597709
2053,95,0.40068818
2053,96,0.44006937
2053,97,0.48338794
2053,98,0.53170096
2053,99,0.58534621
2054,0,0.00988015
2054,1,0.00105707
2054,2,0.0007878
2054,3,0.00060047
2054,4,0.00047292
2054,5,0.00038266
2054,6,0.0003197
2054,7,0.00027905
2054,8,0.0002549
2054,9,0.00024161
2054,10,0.00023583
2054,11,0.00023874
2054,12,0.00025226
2054,13,0.00027507
2054,14,0.00030781
2054,15,0.00035173
2054,16,0.00040546
2054,17,0.00046652
2054,18,0.00053007
2054,19,0.00059041
2054,20,0.00064385
2054,21,0.00068801
2054,22,0.0007239
2054,23,0.00075337
2054,24,0.00077778
2054,25,0.00079918
2054,26,0.00082288
2054,27,0.000849
2054,28,0.00087772
2054,29,0.00091324
2054,30,0.00095842
2054,31,0.00101153
2054,32,0.00107446
2054,33,0.00115092
2054,34,0.0012417
2054,35,0.00135222
2054,36,0.00148982
2054,37,0.00165573
2054,38,0.00184784
2054,39,0.00205789
2054,40,0.00228142
2054,41,0.00251351
2054,42,0.00275832
2054,43,0.00303231
2054,44,0.00335826
2054,45,0.0037596
2054,46,0.00425018
2054,47,0.00485224
2054,48,0.00556934
2054,49,0.00639441
2054,50,0.0073074
2054,51,0.0082456
2054,52,0.00915672
2054,53,0.01000569
2054,54,0.01079021
2054,55,0.01158539
2054,56,0.01245085
2054,57,0.01351775
2054,58,0.01486701
2054,59,0.01656431
2054,60,0.01862106
2054,61,0.02094173
2054,62,0.02342031
2054,63,0.0256781
2054,64,0.02780496
2054,65,0.03003521
2054,66,0.0325293
2054,67,0.03541019
2054,68,0.03827896
2054,69,0.0412262
2054,70,0.04444108
2054,71,0.04789554
2054,72,0.05176718
2054,73,0.05620145
2054,74,0.06118013
2054,75,0.06668362
2054,76,0.07278965
2054,77,0.0794894
2054,78,0.08676042
2054,79,0.09468107
2054,80,0.10335798
2054,81,0.11296219
2054,82,0.12360464
2054,83,0.1353988
2054,84,0.14837611
2054,85,0.16254477
2054,86,0.17801049
2054,87,0.19482752
2054,88,0.21305636
2054,89,0.23294181
2054,90,0.25480008
2054,91,0.27869965
2054,92,0.30441472
2054,93,0.33256007
2054,94,0.36381576
2054,95,0.39833273
2054,96,0.4375155
2054,97,0.48056572
2054,98,0.52859114
2054,99,0.58198486
2055,0,0.00980604
2055,1,0.00104326
2055,2,0.00077969
2055,3,0.00059575
2055,4,0.00046999
2055,5,0.00038071
2055,6,0.00031821
2055,7,0.00027762
2055,8,0.0002533
2055,9,0.00023982
2055,10,0.00023391
2055,11,0.00023671
2055,12,0.00025009
2055,13,0.0002728
2055,14,0.00030549
2055,15,0.0003494
2055,16,0.00040311
2055,17,0.00046411
2055,18,0.00052754
2055,19,0.00058761
2055,20,0.00064064
2055,21,0.00068432
2055,22,0.0007197
2055,23,0.00074865
2055,24,0.00077261
2055,25,0.00079364
2055,26,0.00081698
2055,27,0.00084275
2055,28,0.00087114
2055,29,0.00090622
2055,30,0.00095085
2055,31,0.00100314
2055,32,0.00106482
2055,33,0.0011402
2055,34,0.00122959
2055,35,0.00133834
2055,36,0.00147387
2055,37,0.00163699
2055,38,0.00182616
2055,39,0.00203332
2055,40,0.00225419
2055,41,0.00248369
2055,42,0.00272558
2055,43,0.00299621
2055,44,0.00331787
2055,45,0.00371372
2055,46,0.00419831
2055,47,0.00479159
2055,48,0.00549722
2055,49,0.0063113
2055,50,0.00721397
2055,51,0.00814212
2055,52,0.00904305
2055,53,0.00988176
2055,54,0.01065717
2055,55,0.01144466
2055,56,0.01229938
2055,57,0.01335221
2055,58,0.01469116
2055,59,0.01637678
2055,60,0.01841147
2055,61,0.02070634
2055,62,0.02316264
2055,63,0.02540802
2055,64,0.02752167
2055,65,0.02973562
2055,66,0.03220789
2055,67,0.03506024
2055,68,0.03792454
2055,69,0.04084086
2055,70,0.04401131
2055,71,0.047459
2055,72,0.05131296
2055,73,0.05571317
2055,74,0.06065409
2055,75,0.06611797
2055,76,0.07218361
2055,77,0.07883557
2055,78,0.08605268
2055,79,0.09393572
2055,80,0.10258601
2055,81,0.1121435
2055,82,0.12272165
2055,83,0.1344543
2055,84,0.1474008
2055,85,0.16152499
2055,86,0.17691936
2055,87,0.19361984
2055,88,0.211788
2055,89,0.23157386
2055,90,0.2531752
2055,91,0.27694
2055,92,0.3025874
2055,93,0.33058589
2055,94,0.36167049
2055,95,0.39603266
2055,96,0.43502699
2055,97,0.47785454
2055,98,0.52558345
2055,99,0.57865574
2056,0,0.00972768
2056,1,0.00102905
2056,2,0.0007713
2056,3,0.00059079
2056,4,0.00046687
2056,5,0.00037859
2056,6,0.00031656
2056,7,0.00027604
2056,8,0.00025156
2056,9,0.00023788
2056,10,0.00023185
2056,11,0.00023453
2056,12,0.00024774
2056,13,0.00027033
2056,14,0.00030294
2056,15,0.0003468
2056,16,0.00040044
2056,17,0.00046132
2056,18,0.00052453
2056,19,0.00058429
2056,20,0.00063687
2056,21,0.00068001
2056,22,0.00071484
2056,23,0.00074327
2056,24,0.00076676
2056,25,0.00078741
2056,26,0.00081037
2056,27,0.00083576
2056,28,0.00086377
2056,29,0.00089835
2056,30,0.00094224
2056,31,0.00099373
2056,32,0.00105423
2056,33,0.0011279
2056,34,0.0012158
2056,35,0.00132269
2056,36,0.00145593
2056,37,0.00161648
2056,38,0.00180236
2056,39,0.00200629
2056,40,0.00222407
2056,41,0.00245072
2056,42,0.00268974
2056,43,0.00295673
2056,44,0.00327386
2056,45,0.00366391
2056,46,0.0041411
2056,47,0.00472652
2056,48,0.00542131
2056,49,0.00622191
2056,50,0.00711207
2056,51,0.00802865
2056,52,0.00891947
2056,53,0.00974827
2056,54,0.01051357
2056,55,0.01129106
2056,56,0.01213578
2056,57,0.01317467
2056,58,0.01449519
2056,59,0.01616595
2056,60,0.01818448
2056,61,0.0204518
2056,62,0.02287925
2056,63,0.02510554
2056,64,0.02720879
2056,65,0.02940758
2056,66,0.03185732
2056,67,0.03468125
2056,68,0.03751699
2056,69,0.0404296
2056,70,0.04356619
2056,71,0.04696465
2056,72,0.0508078
2056,73,0.05518348
2056,74,0.06008278
2056,75,0.06550182
2056,76,0.07152003
2056,77,0.07812459
2056,78,0.08528787
2056,79,0.09310985
2056,80,0.10171508
2056,81,0.11123879
2056,82,0.12175931
2056,83,0.13341382
2056,84,0.14628446
2056,85,0.16036665
2056,86,0.17570721
2056,87,0.19232424
2056,88,0.21036038
2056,89,0.23007269
2056,90,0.25155727
2056,91,0.27504149
2056,92,0.30053823
2056,93,0.32844722
2056,94,0.35935288
2056,95,0.39351006
2056,96,0.43234465
2056,97,0.47496046
2056,98,0.52243873
2056,99,0.57518931
2057,0,0.00964144
2057,1,0.0010132
2057,2,0.0007617
2057,3,0.00058495
2057,4,0.00046309
2057,5,0.00037599
2057,6,0.00031453
2057,7,0.00027415
2057,8,0.00024957
2057,9,0.00023572
2057,10,0.00022957
2057,11,0.00023215
2057,12,0.00024521
2057,13,0.00026768
2057,14,0.00030021
2057,15,0.000344
2057,16,0.00039758
2057,17,0.00045835
2057,18,0.00052135
2057,19,0.00058077
2057,20,0.0006329
2057,21,0.0006755
2057,22,0.00070974
2057,23,0.00073764
2057,24,0.00076066
2057,25,0.00078093
2057,26,0.00080349
2057,27,0.00082851
2057,28,0.00085615
2057,29,0.00089024
2057,30,0.0009334
2057,31,0.00098399
2057,32,0.00104347
2057,33,0.00111564
2057,34,0.00120153
2057,35,0.00130666
2057,36,0.00143774
2057,37,0.00159575
2057,38,0.00177892
2057,39,0.00197963
2057,40,0.00219437
2057,41,0.00241811
2057,42,0.0026544
2057,43,0.00291825
2057,44,0.00323108
2057,45,0.00361572
2057,46,0.00408601
2057,47,0.00466297
2057,48,0.00534936
2057,49,0.00613873
2057,50,0.00701545
2057,51,0.00792001
2057,52,0.00880102
2057,53,0.00962176
2057,54,0.01037889
2057,55,0.01114666
2057,56,0.01198015
2057,57,0.01300757
2057,58,0.01431195
2057,59,0.01596166
2057,60,0.01796415
2057,61,0.02021447
2057,62,0.02261576
2057,63,0.02482039
2057,64,0.02690997
2057,65,0.02910027
2057,66,0.03153257
2057,67,0.03433189
2057,68,0.03714404
2057,69,0.04003222
2057,70,0.04316824
2057,71,0.04653375
2057,72,0.05032587
2057,73,0.05469063
2057,74,0.05956563
2057,75,0.06494365
2057,76,0.07091776
2057,77,0.07747717
2057,78,0.08459725
2057,79,0.09236911
2057,80,0.10091598
2057,81,0.11039887
2057,82,0.12088945
2057,83,0.13248849
2057,84,0.14528274
2057,85,0.15929339
2057,86,0.17460327
2057,87,0.19117725
2057,88,0.2091395
2057,89,0.2287259
2057,90,0.2501467
2057,91,0.27352415
2057,92,0.29874751
2057,93,0.32651449
2057,94,0.35733348
2057,95,0.39131697
2057,96,0.42998664
2057,97,0.47245913
2057,98,0.51974011
2057,99,0.57225606
2058,0,0.00957162
2058,1,0.00099914
2058,2,0.00075325
2058,3,0.00057985
2058,4,0.00045981
2058,5,0.00037375
2058,6,0.00031281
2058,7,0.00027253
2058,8,0.00024783
2058,9,0.00023381
2058,10,0.00022756
2058,11,0.00023004
2058,12,0.00024295
2058,13,0.00026532
2058,14,0.00029778
2058,15,0.00034151
2058,16,0.00039503
2058,17,0.0004557
2058,18,0.00051852
2058,19,0.00057762
2058,20,0.00062931
2058,21,0.00067141
2058,22,0.0007051
2058,23,0.00073246
2058,24,0.00075505
2058,25,0.00077497
2058,26,0.00079716
2058,27,0.0008218
2058,28,0.00084907
2058,29,0.00088266
2058,30,0.00092509
2058,31,0.00097476
2058,32,0.00103308
2058,33,0.00110388
2058,34,0.00118798
2058,35,0.00129074
2058,36,0.00141973
2058,37,0.00157529
2058,38,0.00175572
2058,39,0.0019537
2058,40,0.00216526
2058,41,0.00238601
2058,42,0.00261932
2058,43,0.00288
2058,44,0.00318889
2058,45,0.00356808
2058,46,0.00403152
2058,47,0.00460007
2058,48,0.00527661
2058,49,0.00605651
2058,50,0.006921
2058,51,0.00781124
2058,52,0.0086807
2058,53,0.00949244
2058,54,0.01024229
2058,55,0.0110014
2058,56,0.01182288
2058,57,0.01283623
2058,58,0.01412563
2058,59,0.01575472
2058,60,0.01773173
2058,61,0.01996217
2058,62,0.02234526
2058,63,0.02452769
2058,64,0.02659773
2058,65,0.02877306
2058,66,0.03119192
2058,67,0.03396848
2058,68,0.0367572
2058,69,0.03962249
2058,70,0.04273236
2058,71,0.04609641
2058,72,0.04985089
2058,73,0.05415662
2058,74,0.0590163
2058,75,0.06436543
2058,76,0.07029225
2058,77,0.07680208
2058,78,0.083873
2058,79,0.09159714
2058,80,0.10008779
2058,81,0.10950517
2058,82,0.11994641
2058,83,0.13150645
2058,84,0.14423381
2058,85,0.15815582
2058,86,0.17338508
2058,87,0.18992163
2058,88,0.20783319
2058,89,0.22733429
2058,90,0.24861277
2058,91,0.27191434
2058,92,0.2970167
2058,93,0.32448652
2058,94,0.35513524
2058,95,0.38900074
2058,96,0.42749928
2058,97,0.46978375
2058,98,0.51688865
2058,99,0.56917327
2059,0,0.00949371
2059,1,0.00098338
2059,2,0.00074349
2059,3,0.00057377
2059,4,0.0004558
2059,5,0.00037094
2059,6,0.00031063
2059,7,0.00027056
2059,8,0.0002458
2059,9,0.00023166
2059,10,0.00022533
2059,11,0.00022772
2059,12,0.0002405
2059,13,0.00026276
2059,14,0.00029514
2059,15,0.00033881
2059,16,0.00039227
2059,17,0.00045282
2059,18,0.00051546
2059,19,0.00057424
2059,20,0.00062548
2059,21,0.00066704
2059,22,0.00070019
2059,23,0.00072701
2059,24,0.00074911
2059,25,0.00076867
2059,26,0.0007905
2059,27,0.00081477
2059,28,0.00084167
2059,29,0.00087478
2059,30,0.00091649
2059,31,0.00096528
2059,32,0.00102246
2059,33,0.0010918
2059,34,0.00117427
2059,35,0.00127494
2059,36,0.0014012
2059,37,0.00155445
2059,38,0.0017323
2059,39,0.00192763
2059,40,0.00213664
2059,41,0.00235436
2059,42,0.00258471
2059,43,0.00284206
2059,44,0.0031471
2059,45,0.00352151
2059,46,0.00397835
2059,47,0.00453895
2059,48,0.00520624
2059,49,0.00597581
2059,50,0.00683092
2059,51,0.00770913
2059,52,0.00856559
2059,53,0.00936735
2059,54,0.01010964
2059,55,0.01086179
2059,56,0.0116732
2059,57,0.01267242
2059,58,0.01394503
2059,59,0.0155563
2059,60,0.01751023
2059,61,0.01971291
2059,62,0.0220773
2059,63,0.0242484
2059,64,0.02630042
2059,65,0.02845653
2059,66,0.03085732
2059,67,0.03361785
2059,68,0.03638765
2059,69,0.03923257
2059,70,0.04232022
2059,71,0.04565789
2059,72,0.04941099
2059,73,0.05367498
2059,74,0.05847136
2059,75,0.06380529
2059,76,0.06970235
2059,77,0.07616427
2059,78,0.0831864
2059,79,0.0908617
2059,80,0.09930412
2059,81,0.10866423
2059,82,0.11903642
2059,83,0.1305441
2059,84,0.1432308
2059,85,0.1570838
2059,86,0.17222405
2059,87,0.1886798
2059,88,0.20655729
2059,89,0.22600859
2059,90,0.2471985
2059,91,0.270353
2059,92,0.29537738
2059,93,0.32271582
2059,94,0.3530512
2059,95,0.38673154
2059,96,0.42512498
2059,97,0.46722641
2059,98,0.51412245
2059,99,0.56620264
2060,0,0.00944015
2060,1,0.00097044
2060,2,0.00073562
2060,3,0.00056897
2060,4,0.00045271
2060,5,0.00036884
2060,6,0.00030903
2060,7,0.00026909
2060,8,0.00024426
2060,9,0.00022999
2060,10,0.00022357
2060,11,0.00022589
2060,12,0.00023856
2060,13,0.00026074
2060,14,0.0002931
2060,15,0.00033676
2060,16,0.00039022
2060,17,0.00045073
2060,18,0.00051324
2060,19,0.00057178
2060,20,0.00062265
2060,21,0.00066375
2060,22,0.00069639
2060,23,0.00072274
2060,24,0.00074442
2060,25,0.00076361
2060,26,0.00078511
2060,27,0.00080906
2060,28,0.00083563
2060,29,0.00086828
2060,30,0.00090933
2060,31,0.00095729
2060,32,0.00101338
2060,33,0.00108132
2060,34,0.00116212
2060,35,0.00126096
2060,36,0.00138488
2060,37,0.00153523
2060,38,0.00171077
2060,39,0.00190372
2060,40,0.00211031
2060,41,0.00232572
2060,42,0.00255315
2060,43,0.00280727
2060,44,0.00310837
2060,45,0.00347818
2060,46,0.00392933
2060,47,0.00448233
2060,48,0.00514087
2060,49,0.00590062
2060,50,0.00674511
2060,51,0.00761395
2060,52,0.00845944
2060,53,0.0092493
2060,54,0.00998261
2060,55,0.0107272
2060,56,0.01153031
2060,57,0.01251744
2060,58,0.01377297
2060,59,0.015364
2060,60,0.01729726
2060,61,0.01947399
2060,62,0.02181024
2060,63,0.02396831
2060,64,0.026013
2060,65,0.02815069
2060,66,0.0305282
2060,67,0.03326705
2060,68,0.03602391
2060,69,0.0388523
2060,70,0.04191968
2060,71,0.04523461
2060,72,0.04895905
2060,73,0.05321954
2060,74,0.05796993
2060,75,0.06323602
2060,76,0.0691162
2060,77,0.07554672
2060,78,0.08251987
2060,79,0.0901448
2060,80,0.09853586
2060,81,0.10784494
2060,82,0.11815424
2060,83,0.12958509
2060,84,0.14221257
2060,85,0.15601994
2060,86,0.17108652
2060,87,0.18744606
2060,88,0.20523606
2060,89,0.22464829
2060,90,0.24577966
2060,91,0.26883382
2060,92,0.29369613
2060,93,0.32093469
2060,94,0.35110633
2060,95,0.38444234
2060,96,0.42264327
2060,97,0.46460279
2060,98,0.51127154
2060,99,0.5630921
2061,0,0.00937453
2061,1,0.0009562
2061,2,0.00072693
2061,3,0.00056365
2061,4,0.00044931
2061,5,0.00036659
2061,6,0.00030738
2061,7,0.00026767
2061,8,0.00024285
2061,9,0.00022854
2061,10,0.00022211
2061,11,0.00022442
2061,12,0.00023706
2061,13,0.00025928
2061,14,0.00029173
2061,15,0.00033555
2061,16,0.00038917
2061,17,0.00044985
2061,18,0.00051247
2061,19,0.00057099
2061,20,0.00062173
2061,21,0.00066255
2061,22,0.00069483
2061,23,0.00072081
2061,24,0.0007422
2061,25,0.00076115
2061,26,0.00078234
2061,27,0.00080603
2061,28,0.00083236
2061,29,0.00086468
2061,30,0.00090522
2061,31,0.00095249
2061,32,0.00100769
2061,33,0.00107443
2061,34,0.00115379
2061,35,0.0012509
2061,36,0.00137294
2061,37,0.00152096
2061,38,0.00169369
2061,39,0.00188462
2061,40,0.0020891
2061,41,0.00230227
2061,42,0.00252738
2061,43,0.00277805
2061,44,0.00307499
2061,45,0.00343966
2061,46,0.00388496
2061,47,0.00443096
2061,48,0.00508056
2061,49,0.00583027
2061,50,0.00666372
2061,51,0.00752103
2061,52,0.00835709
2061,53,0.00913561
2061,54,0.00985582
2061,55,0.01058891
2061,56,0.01138097
2061,57,0.01235548
2061,58,0.01359324
2061,59,0.01516016
2061,60,0.01706587
2061,61,0.01921523
2061,62,0.0215206
2061,63,0.02365071
2061,64,0.02568119
2061,65,0.02780642
2061,66,0.03015661
2061,67,0.03286249
2061,68,0.03559435
2061,69,0.03840601
2061,70,0.04145005
2061,71,0.0447381
2061,72,0.04843067
2061,73,0.05265037
2061,74,0.05738685
2061,75,0.06259374
2061,76,0.06839277
2061,77,0.07479661
2061,78,0.0817286
2061,79,0.08929259
2061,80,0.09761936
2061,81,0.10686496
2061,82,0.11710863
2061,83,0.12845965
2061,84,0.14099176
2061,85,0.15472359
2061,86,0.16973597
2061,87,0.18601117
2061,88,0.20369355
2061,89,0.22300722
2061,90,0.24409135
2061,91,0.26708226
2061,92,0.29183963
2061,93,0.31890601
2061,94,0.34896288
2061,95,0.38212414
2061,96,0.4200288
2061,97,0.46182953
2061,98,0.50838802
2061,99,0.56002766
2062,0,0.00934539
2062,1,0.00094738
2062,2,0.00072191
2062,3,0.00056088
2062,4,0.00044774
2062,5,0.00036569
2062,6,0.00030681
2062,7,0.00026716
2062,8,0.00024227
2062,9,0.00022786
2062,10,0.00022139
2062,11,0.00022368
2062,12,0.0002363
2062,13,0.00025856
2062,14,0.00029111
2062,15,0.00033511
2062,16,0.00038895
2062,17,0.00044982
2062,18,0.00051258
2062,19,0.00057114
2062,20,0.00062176
2062,21,0.00066235
2062,22,0.00069433
2062,23,0.00071999
2062,24,0.00074109
2062,25,0.00075984
2062,26,0.00078078
2062,27,0.00080422
2062,28,0.00083033
2062,29,0.00086236
2062,30,0.00090245
2062,31,0.00094907
2062,32,0.00100344
2062,33,0.00106908
2062,34,0.00114708
2062,35,0.00124259
2062,36,0.00136271
2062,37,0.00150876
2062,38,0.00167914
2062,39,0.00186738
2062,40,0.00207
2062,41,0.0022812
2062,42,0.00250408
2062,43,0.00275216
2062,44,0.00304504
2062,45,0.00340477
2062,46,0.00384418
2062,47,0.00438352
2062,48,0.00502541
2062,49,0.00576548
2062,50,0.00658834
2062,51,0.00743459
2062,52,0.00825976
2062,53,0.0090299
2062,54,0.00973954
2062,55,0.01045899
2062,56,0.01123856
2062,57,0.01220006
2062,58,0.01342251
2062,59,0.01496802
2062,60,0.01684589
2062,61,0.01896513
2062,62,0.02124244
2062,63,0.02334641
2062,64,0.02535162
2062,65,0.0274622
2062,66,0.02979706
2062,67,0.03247065
2062,68,0.03517128
2062,69,0.03795929
2062,70,0.0409858
2062,71,0.04425023
2062,72,0.04791194
2062,73,0.05209337
2062,74,0.05678265
2062,75,0.06197154
2062,76,0.06770536
2062,77,0.07401952
2062,78,0.08092019
2062,79,0.08843621
2062,80,0.09669213
2062,81,0.10586414
2062,82,0.11602898
2062,83,0.12729638
2062,84,0.13972799
2062,85,0.15334186
2062,86,0.16826053
2062,87,0.18445805
2062,88,0.20202647
2062,89,0.2211956
2062,90,0.24213911
2062,91,0.26504116
2062,92,0.28968375
2062,93,0.31657864
2062,94,0.34638232
2062,95,0.37933997
2062,96,0.41700956
2062,97,0.45840987
2062,98,0.50467882
2062,99,0.55605453
2063,0,0.00930219
2063,1,0.00093698
2063,2,0.00071578
2063,3,0.00055734
2063,4,0.00044562
2063,5,0.00036438
2063,6,0.00030591
2063,7,0.00026638
2063,8,0.00024144
2063,9,0.00022694
2063,10,0.00022044
2063,11,0.00022271
2063,12,0.0002353
2063,13,0.00025758
2063,14,0.00029023
2063,15,0.00033438
2063,16,0.0003884
2063,17,0.00044945
2063,18,0.00051234
2063,19,0.00057089
2063,20,0.0006214
2063,21,0.0006617
2063,22,0.00069336
2063,23,0.0007187
2063,24,0.0007395
2063,25,0.00075801
2063,26,0.00077871
2063,27,0.00080189
2063,28,0.00082775
2063,29,0.00085949
2063,30,0.00089913
2063,31,0.00094511
2063,32,0.00099863
2063,33,0.00106315
2063,34,0.0011398
2063,35,0.00123366
2063,36,0.0013518
2063,37,0.00149562
2063,38,0.0016638
2063,39,0.00184959
2063,40,0.00204943
2063,41,0.00225868
2063,42,0.00247938
2063,43,0.00272473
2063,44,0.00301426
2063,45,0.00336884
2063,46,0.00380217
2063,47,0.00433434
2063,48,0.00496849
2063,49,0.00569988
2063,50,0.00651227
2063,51,0.00734774
2063,52,0.00816237
2063,53,0.00892241
2063,54,0.00962459
2063,55,0.01033303
2063,56,0.01109744
2063,57,0.01204392
2063,58,0.01325021
2063,59,0.01477667
2063,60,0.01662939
2063,61,0.01871799
2063,62,0.02096417
2063,63,0.02304497
2063,64,0.02502697
2063,65,0.02711138
2063,66,0.02942905
2063,67,0.03208359
2063,68,0.03475428
2063,69,0.03751278
2063,70,0.04051532
2063,71,0.04376329
2063,72,0.04739916
2063,73,0.05154536
2063,74,0.05619262
2063,75,0.06133127
2063,76,0.06704775
2063,77,0.07329451
2063,78,0.08010362
2063,79,0.08758951
2063,80,0.09579715
2063,81,0.10489943
2063,82,0.1149886
2063,83,0.12617473
2063,84,0.13852119
2063,85,0.15203424
2063,86,0.1668403
2063,87,0.18295021
2063,88,0.20045011
2063,89,0.21951236
2063,90,0.24031854
2063,91,0.26309592
2063,92,0.28767135
2063,93,0.31446983
2063,94,0.34411754
2063,95,0.37684624
2063,96,0.41438643
2063,97,0.45560788
2063,98,0.5015482
2063,99,0.5527101
2064,0,0.00924985
2064,1,0.00092268
2064,2,0.00070645
2064,3,0.00055118
2064,4,0.00044141
2064,5,0.00036143
2064,6,0.00030371
2064,7,0.00026458
2064,8,0.00023982
2064,9,0.0002254
2064,10,0.00021898
2064,11,0.00022129
2064,12,0.00023389
2064,13,0.0002562
2064,14,0.00028893
2064,15,0.00033319
2064,16,0.00038733
2064,17,0.0004485
2064,18,0.00051145
2064,19,0.00056994
2064,20,0.00062026
2064,21,0.00066026
2064,22,0.00069155
2064,23,0.00071655
2064,24,0.00073707
2064,25,0.00075536
2064,26,0.00077578
2064,27,0.00079874
2064,28,0.00082436
2064,29,0.00085576
2064,30,0.00089495
2064,31,0.00094031
2064,32,0.00099299
2064,33,0.00105642
2064,34,0.00113174
2064,35,0.00122401
2064,36,0.00134021
2064,37,0.00148181
2064,38,0.00164759
2064,39,0.00183114
2064,40,0.0020285
2064,41,0.00223493
2064,42,0.00245357
2064,43,0.00269639
2064,44,0.0029826
2064,45,0.00333314
2064,46,0.00376045
2064,47,0.00428553
2064,48,0.00491159
2064,49,0.00563446
2064,50,0.00643752
2064,51,0.00726231
2064,52,0.00806666
2064,53,0.00881699
2064,54,0.00950988
2064,55,0.01021089
2064,56,0.01096329
2064,57,0.01189203
2064,58,0.01308018
2064,59,0.01458685
2064,60,0.01641707
2064,61,0.01847785
2064,62,0.02069215
2064,63,0.02274632
2064,64,0.02470819
2064,65,0.0267685
2064,66,0.0290565
2064,67,0.0316896
2064,68,0.03434358
2064,69,0.03707329
2064,70,0.04004504
2064,71,0.04326909
2064,72,0.0468861
2064,73,0.05100149
2064,74,0.05560857
2064,75,0.06070057
2064,76,0.066363
2064,77,0.07258959
2064,78,0.07932678
2064,79,0.08671433
2064,80,0.09488757
2064,81,0.1039379
2064,82,0.11394733
2064,83,0.12504545
2064,84,0.13729669
2064,85,0.15071017
2064,86,0.16540378
2064,87,0.18138343
2064,88,0.19877813
2064,89,0.21775195
2064,90,0.23842426
2064,91,0.26103564
2064,92,0.28545215
2064,93,0.31213677
2064,94,0.34162285
2064,95,0.37412091
2064,96,0.41139054
2064,97,0.4523915
2064,98,0.49804758
2064,99,0.54877549
2065,0,0.0092071
2065,1,0.00091169
2065,2,0.00069971
2065,3,0.00054706
2065,4,0.00043878
2065,5,0.00035971
2065,6,0.00030249
2065,7,0.00026354
2065,8,0.00023878
2065,9,0.00022433
2065,10,0.00021789
2065,11,0.0002202
2065,12,0.00023277
2065,13,0.0002551
2065,14,0.00028789
2065,15,0.00033227
2065,16,0.00038657
2065,17,0.00044787
2065,18,0.0005109
2065,19,0.00056937
2065,20,0.00061952
2065,21,0.00065923
2065,22,0.00069018
2065,23,0.00071482
2065,24,0.00073505
2065,25,0.00075312
2065,26,0.00077327
2065,27,0.00079596
2065,28,0.00082136
2065,29,0.00085245
2065,30,0.00089115
2065,31,0.0009359
2065,32,0.00098777
2065,33,0.0010501
2065,34,0.00112407
2065,35,0.00121472
2065,36,0.00132897
2065,37,0.00146833
2065,38,0.00163166
2065,39,0.00181272
2065,40,0.0020078
2065,41,0.00221167
2065,42,0.00242719
2065,43,0.00266741
2065,44,0.00295024
2065,45,0.00329639
2065,46,0.00371855
2065,47,0.00423612
2065,48,0.00485376
2065,49,0.0055674
2065,50,0.00636107
2065,51,0.00717626
2065,52,0.0079703
2065,53,0.00871101
2065,54,0.00939471
2065,55,0.01008585
2065,56,0.01082972
2065,57,0.01174366
2065,58,0.01290997
2065,59,0.01439396
2065,60,0.01620026
2065,61,0.01823556
2065,62,0.02042051
2065,63,0.02244669
2065,64,0.024384
2065,65,0.02642276
2065,66,0.02868268
2065,67,0.03128085
2065,68,0.03391536
2065,69,0.03662993
2065,70,0.03957129
2065,71,0.04276352
2065,72,0.04635283
2065,73,0.05044431
2065,74,0.05501566
2065,75,0.06006294
2065,76,0.06567543
2065,77,0.07184376
2065,78,0.07856006
2065,79,0.08587142
2065,80,0.09393914
2065,81,0.10295428
2065,82,0.11290636
2065,83,0.12391692
2065,84,0.13607233
2065,85,0.14938406
2065,86,0.16397733
2065,87,0.17984028
2065,88,0.19710016
2065,89,0.21596659
2065,90,0.23655123
2065,91,0.25903422
2065,92,0.28329287
2065,93,0.30982669
2065,94,0.33920586
2065,95,0.37155528
2065,96,0.40865504
2065,97,0.44942299
2065,98,0.49489435
2065,99,0.54538331
2066,0,0.00920764
2066,1,0.00090676
2066,2,0.00069729
2066,3,0.00054606
2066,4,0.00043849
2066,5,0.00035977
2066,6,0.00030268
2066,7,0.00026369
2066,8,0.0002388
2066,9,0.00022422
2066,10,0.00021773
2066,11,0.00022002
2066,12,0.00023259
2066,13,0.000255
2066,14,0.00028797
2066,15,0.00033259
2066,16,0.00038719
2066,17,0.0004488
2066,18,0.0005121
2066,19,0.00057073
2066,20,0.00062092
2066,21,0.00066049
2066,22,0.00069124
2066,23,0.00071566
2066,24,0.00073569
2066,25,0.00075364
2066,26,0.00077361
2066,27,0.00079614
2066,28,0.00082138
2066,29,0.00085229
2066,30,0.00089069
2066,31,0.00093491
2066,32,0.00098614
2066,33,0.0010476
2066,34,0.00112047
2066,35,0.00120979
2066,36,0.00132235
2066,37,0.0014598
2066,38,0.00162102
2066,39,0.00179989
2066,40,0.0019927
2066,41,0.00219437
2066,42,0.00240717
2066,43,0.00264364
2066,44,0.00292302
2066,45,0.00326474
2066,46,0.00368139
2066,47,0.00419247
2066,48,0.00480093
2066,49,0.00550441
2066,50,0.00628696
2066,51,0.00709142
2066,52,0.00787488
2066,53,0.00860423
2066,54,0.00927697
2066,55,0.00995623
2066,56,0.01068726
2066,57,0.01158837
2066,58,0.01273366
2066,59,0.01418774
2066,60,0.01596289
2066,61,0.01796779
2066,62,0.02012202
2066,63,0.0221193
2066,64,0.02402726
2066,65,0.02603612
2066,66,0.02826851
2066,67,0.03083061
2066,68,0.03342885
2066,69,0.03612301
2066,70,0.03904614
2066,71,0.04220733
2066,72,0.04576109
2066,73,0.04981967
2066,74,0.05436305
2066,75,0.05937084
2066,76,0.0649379
2066,77,0.07105562
2066,78,0.07771521
2066,79,0.08501025
2066,80,0.09300365
2066,81,0.10191729
2066,82,0.11184077
2066,83,0.12280019
2066,84,0.1348743
2066,85,0.14809964
2066,86,0.16260674
2066,87,0.17838554
2066,88,0.19554804
2066,89,0.21430148
2066,90,0.23480766
2066,91,0.25723748
2066,92,0.2814038
2066,93,0.30781443
2066,94,0.33707638
2066,95,0.36935781
2066,96,0.40640335
2066,97,0.44707606
2066,98,0.49240321
2066,99,0.54280832
2067,0,0.00920261
2067,1,0.00090323
2067,2,0.00069588
2067,3,0.00054579
2067,4,0.00043872
2067,5,0.00036019
2067,6,0.0003031
2067,7,0.00026398
2067,8,0.0002389
2067,9,0.00022415
2067,10,0.00021755
2067,11,0.00021979
2067,12,0.00023234
2067,13,0.0002548
2067,14,0.00028788
2067,15,0.00033271
2067,16,0.00038756
2067,17,0.00044945
2067,18,0.00051298
2067,19,0.00057171
2067,20,0.00062188
2067,21,0.00066131
2067,22,0.00069182
2067,23,0.000716
2067,24,0.00073582
2067,25,0.00075359
2067,26,0.00077338
2067,27,0.00079575
2067,28,0.00082084
2067,29,0.00085155
2067,30,0.00088967
2067,31,0.00093342
2067,32,0.00098399
2067,33,0.00104462
2067,34,0.00111645
2067,35,0.00120448
2067,36,0.00131541
2067,37,0.00145099
2067,38,0.00161016
2067,39,0.00178687
2067,40,0.00197744
2067,41,0.0021767
2067,42,0.00238704
2067,43,0.00262022
2067,44,0.00289495
2067,45,0.00323235
2067,46,0.00364378
2067,47,0.00414842
2067,48,0.00474961
2067,49,0.00544309
2067,50,0.00621491
2067,51,0.00700863
2067,52,0.00778218
2067,53,0.00850203
2067,54,0.00916436
2067,55,0.00983253
2067,56,0.01055158
2067,57,0.01143773
2067,58,0.01256752
2067,59,0.01399678
2067,60,0.01573817
2067,61,0.01771119
2067,62,0.01983518
2067,63,0.02180787
2067,64,0.02369074
2067,65,0.02566978
2067,66,0.02787133
2067,67,0.03040221
2067,68,0.03296755
2067,69,0.03562756
2067,70,0.03853042
2067,71,0.04167647
2067,72,0.04519607
2067,73,0.04921408
2067,74,0.05372108
2067,75,0.05869906
2067,76,0.0642269
2067,77,0.07029677
2067,78,0.07690444
2067,79,0.08414014
2067,80,0.09211576
2067,81,0.10095199
2067,82,0.11076417
2067,83,0.12168941
2067,84,0.13370546
2067,85,0.14684132
2067,86,0.16125566
2067,87,0.1769396
2067,88,0.19400822
2067,89,0.2126513
2067,90,0.23302937
2067,91,0.25536648
2067,92,0.27946943
2067,93,0.30576958
2067,94,0.33488317
2067,95,0.36702145
2067,96,0.40400368
2067,97,0.44458111
2067,98,0.48976017
2067,99,0.53996123
2068,0,0.00917061
2068,1,0.0008962
2068,2,0.00069166
2068,3,0.00054327
2068,4,0.00043713
2068,5,0.00035914
2068,6,0.00030231
2068,7,0.00026326
2068,8,0.00023814
2068,9,0.00022332
2068,10,0.00021669
2068,11,0.0002189
2068,12,0.00023142
2068,13,0.00025389
2068,14,0.00028703
2068,15,0.00033197
2068,16,0.00038697
2068,17,0.00044898
2068,18,0.0005126
2068,19,0.00057132
2068,20,0.00062136
2068,21,0.00066054
2068,22,0.00069078
2068,23,0.00071468
2068,24,0.00073426
2068,25,0.00075188
2068,26,0.00077146
2068,27,0.00079366
2068,28,0.0008186
2068,29,0.00084909
2068,30,0.00088687
2068,31,0.00093013
2068,32,0.00098003
2068,33,0.00103973
2068,34,0.00111048
2068,35,0.00119718
2068,36,0.0013064
2068,37,0.00143999
2068,38,0.00159693
2068,39,0.00177131
2068,40,0.00195942
2068,41,0.00215601
2068,42,0.00236339
2068,43,0.00259329
2068,44,0.00286356
2068,45,0.0031948
2068,46,0.0036006
2068,47,0.00409846
2068,48,0.00469155
2068,49,0.00537602
2068,50,0.00613592
2068,51,0.0069178
2068,52,0.00767984
2068,53,0.00838941
2068,54,0.00904198
2068,55,0.0096984
2068,56,0.01040506
2068,57,0.01127575
2068,58,0.01238582
2068,59,0.01379386
2068,60,0.01550385
2068,61,0.01743841
2068,62,0.01952659
2068,63,0.02147133
2068,64,0.02333044
2068,65,0.02528107
2068,66,0.02744857
2068,67,0.02994106
2068,68,0.03247453
2068,69,0.0351002
2068,70,0.0379647
2068,71,0.04108997
2068,72,0.0445895
2068,73,0.04856516
2068,74,0.05302365
2068,75,0.05795838
2068,76,0.06345297
2068,77,0.06947768
2068,78,0.07603243
2068,79,0.08321035
2068,80,0.0911194
2068,81,0.09993599
2068,82,0.10966168
2068,83,0.1204632
2068,84,0.13243866
2068,85,0.14550986
2068,86,0.15982925
2068,87,0.17541454
2068,88,0.19238325
2068,89,0.21092779
2068,90,0.23119145
2068,91,0.25339728
2068,92,0.27741274
2068,93,0.30365242
2068,94,0.33265283
2068,95,0.3646433
2068,96,0.40153238
2068,97,0.44207403
2068,98,0.48718892
2068,99,0.5372856
2069,0,0.00916775
2069,1,0.00089268
2069,2,0.00069013
2069,3,0.00054283
2069,4,0.00043718
2069,5,0.00035939
2069,6,0.00030259
2069,7,0.00026342
2069,8,0.00023813
2069,9,0.00022316
2069,10,0.00021644
2069,11,0.00021861
2069,12,0.0002311
2069,13,0.00025361
2069,14,0.00028687
2069,15,0.00033198
2069,16,0.00038721
2069,17,0.00044947
2069,18,0.00051327
2069,19,0.00057206
2069,20,0.00062206
2069,21,0.00066106
2069,22,0.00069106
2069,23,0.00071472
2069,24,0.00073409
2069,25,0.00075155
2069,26,0.00077093
2069,27,0.00079295
2069,28,0.00081775
2069,29,0.00084805
2069,30,0.0008855
2069,31,0.00092826
2069,32,0.00097752
2069,33,0.00103633
2069,34,0.00110595
2069,35,0.00119136
2069,36,0.00129895
2069,37,0.00143063
2069,38,0.00158546
2069,39,0.00175763
2069,40,0.00194345
2069,41,0.00213754
2069,42,0.00234209
2069,43,0.00256857
2069,44,0.00283482
2069,45,0.00316062
2069,46,0.00355916
2069,47,0.00405054
2069,48,0.00463609
2069,49,0.00531181
2069,50,0.00606224
2069,51,0.00683249
2069,52,0.00758339
2069,53,0.00828247
2069,54,0.00892583
2069,55,0.00957261
2069,56,0.01026752
2069,57,0.01112384
2069,58,0.01221556
2069,59,0.01360019
2069,60,0.0152858
2069,61,0.01718789
2069,62,0.0192369
2069,63,0.02115157
2069,64,0.02298677
2069,65,0.02491379
2069,66,0.02705208
2069,67,0.02950648
2069,68,0.03200473
2069,69,0.03460134
2069,70,0.03743164
2069,71,0.04052111
2069,72,0.04399847
2069,73,0.04795128
2069,74,0.05236413
2069,75,0.0572478
2069,76,0.06269968
2069,77,0.06869004
2069,78,0.07519933
2069,79,0.08232301
2069,80,0.09017169
2069,81,0.09892032
2069,82,0.10862356
2069,83,0.11932989
2069,84,0.13116906
2069,85,0.14419362
2069,86,0.15844211
2069,87,0.17392129
2069,88,0.1907787
2069,89,0.20920819
2069,90,0.22935632
2069,91,0.25142702
2069,92,0.27529105
2069,93,0.30141502
2069,94,0.33031409
2069,95,0.36214303
2069,96,0.39886345
2069,97,0.43924519
2069,98,0.48423637
2069,99,0.53416745
2070,0,0.00915784
2070,1,0.00088845
2070,2,0.00068809
2070,3,0.00054201
2070,4,0.00043695
2070,5,0.00035944
2070,6,0.0003027
2070,7,0.00026346
2070,8,0.00023801
2070,9,0.0002229
2070,10,0.0002161
2070,11,0.00021823
2070,12,0.00023068
2070,13,0.00025322
2070,14,0.00028658
2070,15,0.00033187
2070,16,0.00038732
2070,17,0.00044981
2070,18,0.0005138
2070,19,0.00057266
2070,20,0.0006226
2070,21,0.00066141
2070,22,0.00069116
2070,23,0.00071457
2070,24,0.00073374
2070,25,0.00075103
2070,26,0.00077021
2070,27,0.00079207
2070,28,0.0008167
2070,29,0.00084682
2070,30,0.00088399
2070,31,0.00092627
2070,32,0.00097489
2070,33,0.00103288
2070,34,0.00110146
2070,35,0.00118556
2070,36,0.00129157
2070,37,0.00142144
2070,38,0.00157422
2070,39,0.00174425
2070,40,0.00192781
2070,41,0.00211947
2070,42,0.00232126
2070,43,0.00254435
2070,44,0.00280633
2070,45,0.00312716
2070,46,0.00351929
2070,47,0.00400224
2070,48,0.00458063
2070,49,0.00524821
2070,50,0.00598942
2070,51,0.00675053
2070,52,0.00749032
2070,53,0.00817902
2070,54,0.00881259
2070,55,0.00944998
2070,56,0.01013512
2070,57,0.01097755
2070,58,0.01205187
2070,59,0.01341437
2070,60,0.01507296
2070,61,0.01694988
2070,62,0.0189659
2070,63,0.02084639
2070,64,0.02265492
2070,65,0.0245578
2070,66,0.02667172
2070,67,0.02909327
2070,68,0.03155646
2070,69,0.03412019
2070,70,0.0369215
2070,71,0.03997918
2070,72,0.04341846
2070,73,0.04734662
2070,74,0.05173555
2070,75,0.05657243
2070,76,0.06197508
2070,77,0.06792388
2070,78,0.07440206
2070,79,0.0814827
2070,80,0.08927863
2070,81,0.09797076
2070,82,0.10760688
2070,83,0.11829533
2070,84,0.1300404
2070,85,0.14292886
2070,86,0.15714195
2070,87,0.17256017
2070,88,0.18932008
2070,89,0.20764738
2070,90,0.22769178
2070,91,0.24966132
2070,92,0.27341252
2070,93,0.29940732
2070,94,0.32821329
2070,95,0.35996884
2070,96,0.39659741
2070,97,0.43686176
2070,98,0.48174463
2070,99,0.53160691
2071,0,0.00914471
2071,1,0.00088294
2071,2,0.00068479
2071,3,0.00054007
2071,4,0.00043574
2071,5,0.00035866
2071,6,0.00030215
2071,7,0.00026296
2071,8,0.00023748
2071,9,0.00022231
2071,10,0.00021549
2071,11,0.00021761
2071,12,0.00023006
2071,13,0.00025263
2071,14,0.00028608
2071,15,0.00033151
2071,16,0.00038715
2071,17,0.00044982
2071,18,0.00051396
2071,19,0.00057286
2071,20,0.00062269
2071,21,0.00066129
2071,22,0.00069078
2071,23,0.00071393
2071,24,0.0007329
2071,25,0.00075007
2071,26,0.00076908
2071,27,0.00079079
2071,28,0.0008153
2071,29,0.00084523
2071,30,0.00088213
2071,31,0.00092399
2071,32,0.00097202
2071,33,0.00102922
2071,34,0.00109685
2071,35,0.00117978
2071,36,0.00128427
2071,37,0.00141246
2071,38,0.00156339
2071,39,0.00173142
2071,40,0.0019129
2071,41,0.0021023
2071,42,0.00230156
2071,43,0.00252154
2071,44,0.00277956
2071,45,0.00309544
2071,46,0.0034821
2071,47,0.00395803
2071,48,0.00452745
2071,49,0.00518777
2071,50,0.00592085
2071,51,0.00667344
2071,52,0.00740508
2071,53,0.00808379
2071,54,0.00870814
2071,55,0.00933608
2071,56,0.0100124
2071,57,0.01084396
2071,58,0.01190238
2071,59,0.01324487
2071,60,0.01487892
2071,61,0.01672871
2071,62,0.01872035
2071,63,0.02057377
2071,64,0.02235197
2071,65,0.0242287
2071,66,0.02631852
2071,67,0.02871304
2071,68,0.03114707
2071,69,0.03367872
2071,70,0.03644794
2071,71,0.0394803
2071,72,0.042887
2071,73,0.04677469
2071,74,0.05113876
2071,75,0.05595263
2071,76,0.06131058
2071,77,0.06721062
2071,78,0.07364961
2071,79,0.08070176
2071,80,0.08845598
2071,81,0.09709815
2071,82,0.10667693
2071,83,0.11729581
2071,84,0.12902408
2071,85,0.14181444
2071,86,0.15588588
2071,87,0.17126988
2071,88,0.18796706
2071,89,0.20619042
2071,90,0.22612445
2071,91,0.24797943
2071,92,0.27161972
2071,93,0.2974827
2071,94,0.32612924
2071,95,0.35775507
2071,96,0.39429862
2071,97,0.43442461
2071,98,0.47913249
2071,99,0.52882096
2072,0,0.00913909
2072,1,0.00087895
2072,2,0.00068278
2072,3,0.00053915
2072,4,0.00043538
2072,5,0.00035856
2072,6,0.00030212
2072,7,0.00026289
2072,8,0.00023728
2072,9,0.000222
2072,10,0.00021511
2072,11,0.00021719
2072,12,0.00022961
2072,13,0.00025221
2072,14,0.00028574
2072,15,0.00033131
2072,16,0.00038714
2072,17,0.00045001
2072,18,0.00051429
2072,19,0.00057323
2072,20,0.00062299
2072,21,0.00066137
2072,22,0.0006906
2072,23,0.0007135
2072,24,0.00073224
2072,25,0.00074925
2072,26,0.00076809
2072,27,0.00078962
2072,28,0.00081398
2072,29,0.00084371
2072,30,0.00088029
2072,31,0.00092168
2072,32,0.00096908
2072,33,0.00102541
2072,34,0.00109197
2072,35,0.00117365
2072,36,0.00127655
2072,37,0.00140285
2072,38,0.00155177
2072,39,0.00171772
2072,40,0.00189696
2072,41,0.00208393
2072,42,0.00228046
2072,43,0.0024971
2072,44,0.00275085
2072,45,0.00306134
2072,46,0.0034415
2072,47,0.0039103
2072,48,0.00447098
2072,49,0.00512056
2072,50,0.00584494
2072,51,0.00658861
2072,52,0.00731119
2072,53,0.00798152
2072,54,0.00859551
2072,55,0.00921299
2072,56,0.00987866
2072,57,0.01069842
2072,58,0.01174189
2072,59,0.01306311
2072,60,0.01467149
2072,61,0.01649294
2072,62,0.01845402
2072,63,0.02028555
2072,64,0.02203716
2072,65,0.02387996
2072,66,0.02593945
2072,67,0.02830299
2072,68,0.03070958
2072,69,0.03321092
2072,70,0.03594421
2072,71,0.0389426
2072,72,0.04231773
2072,73,0.04616415
2072,74,0.050479
2072,75,0.05526094
2072,76,0.06059071
2072,77,0.06643751
2072,78,0.07281997
2072,79,0.07982474
2072,80,0.08754159
2072,81,0.09613349
2072,82,0.10564923
2072,83,0.11619556
2072,84,0.12783729
2072,85,0.14059832
2072,86,0.1545542
2072,87,0.16977356
2072,88,0.18642141
2072,89,0.20456298
2072,90,0.22437015
2072,91,0.24609074
2072,92,0.26959662
2072,93,0.29532403
2072,94,0.32380754
2072,95,0.35524241
2072,96,0.39165323
2072,97,0.43166421
2072,98,0.47619752
2072,99,0.52567532
2073,0,0.00912493
2073,1,0.00087406
2073,2,0.00068015
2073,3,0.00053785
2073,4,0.00043474
2073,5,0.00035827
2073,6,0.00030196
2073,7,0.00026269
2073,8,0.00023698
2073,9,0.00022158
2073,10,0.00021462
2073,11,0.00021666
2073,12,0.00022905
2073,13,0.00025167
2073,14,0.00028529
2073,15,0.000331
2073,16,0.00038702
2073,17,0.0004501
2073,18,0.00051454
2073,19,0.00057352
2073,20,0.0006232
2073,21,0.00066138
2073,22,0.00069033
2073,23,0.00071296
2073,24,0.00073148
2073,25,0.00074831
2073,26,0.00076696
2073,27,0.00078834
2073,28,0.00081254
2073,29,0.00084208
2073,30,0.00087836
2073,31,0.00091929
2073,32,0.00096609
2073,33,0.00102161
2073,34,0.00108714
2073,35,0.00116755
2073,36,0.0012689
2073,37,0.0013934
2073,38,0.00154027
2073,39,0.00170414
2073,40,0.00188121
2073,41,0.00206578
2073,42,0.0022596
2073,43,0.00247292
2073,44,0.00272247
2073,45,0.00302763
2073,46,0.00340134
2073,47,0.00386252
2073,48,0.00441516
2073,49,0.00505517
2073,50,0.00576806
2073,51,0.0065033
2073,52,0.00721741
2073,53,0.00787929
2073,54,0.00848551
2073,55,0.00909208
2073,56,0.00974679
2073,57,0.01055366
2073,58,0.01158237
2073,59,0.01288497
2073,60,0.01446831
2073,61,0.01626262
2073,62,0.01819455
2073,63,0.02000031
2073,64,0.02173332
2073,65,0.02354861
2073,66,0.02557223
2073,67,0.02790134
2073,68,0.0302796
2073,69,0.03275558
2073,70,0.03545807
2073,71,0.03842215
2073,72,0.0417608
2073,73,0.04557206
2073,74,0.04984278
2073,75,0.0545735
2073,76,0.0598733
2073,77,0.06569298
2073,78,0.07202336
2073,79,0.07897223
2073,80,0.08664231
2073,81,0.09520058
2073,82,0.1046669
2073,83,0.11515055
2073,84,0.12672075
2073,85,0.13939743
2073,86,0.15333408
2073,87,0.16844149
2073,88,0.18492531
2073,89,0.20302718
2073,90,0.22276095
2073,91,0.24436219
2073,92,0.2677487
2073,93,0.29335597
2073,94,0.32171664
2073,95,0.3530061
2073,96,0.38928041
2073,97,0.42919428
2073,98,0.47364398
2073,99,0.52298562
2074,0,0.00909328
2074,1,0.00086654
2074,2,0.00067522
2074,3,0.00053457
2074,4,0.00043246
2074,5,0.00035661
2074,6,0.00030068
2074,7,0.00026158
2074,8,0.00023592
2074,9,0.00022053
2074,10,0.00021357
2074,11,0.00021561
2074,12,0.00022797
2074,13,0.00025058
2074,14,0.00028422
2074,15,0.00032999
2074,16,0.00038608
2074,17,0.00044922
2074,18,0.00051369
2074,19,0.00057259
2074,20,0.00062209
2074,21,0.00066
2074,22,0.00068866
2074,23,0.00071098
2074,24,0.00072927
2074,25,0.00074595
2074,26,0.00076441
2074,27,0.00078563
2074,28,0.0008097
2074,29,0.00083904
2074,30,0.00087504
2074,31,0.00091552
2074,32,0.00096173
2074,33,0.00101647
2074,34,0.00108105
2074,35,0.00116027
2074,36,0.00126011
2074,37,0.00138289
2074,38,0.00152783
2074,39,0.0016896
2074,40,0.00186455
2074,41,0.00204683
2074,42,0.00223803
2074,43,0.0024482
2074,44,0.00269376
2074,45,0.00299391
2074,46,0.00336152
2074,47,0.00381542
2074,48,0.00435977
2074,49,0.00499127
2074,50,0.00569419
2074,51,0.00641821
2074,52,0.00712453
2074,53,0.00777882
2074,54,0.00837751
2074,55,0.00897649
2074,56,0.00962032
2074,57,0.01041463
2074,58,0.01142813
2074,59,0.01271311
2074,60,0.01427512
2074,61,0.01604363
2074,62,0.01794821
2074,63,0.01972994
2074,64,0.02144054
2074,65,0.02323728
2074,66,0.02523215
2074,67,0.02752127
2074,68,0.02986759
2074,69,0.03231732
2074,70,0.03499441
2074,71,0.03792984
2074,72,0.04123191
2074,73,0.04500305
2074,74,0.04923629
2074,75,0.05392115
2074,76,0.05917021
2074,77,0.06496033
2074,78,0.07126566
2074,79,0.07816288
2074,80,0.08577693
2074,81,0.09429139
2074,82,0.10372565
2074,83,0.11416075
2074,84,0.12566931
2074,85,0.13827687
2074,86,0.15213402
2074,87,0.16723268
2074,88,0.18360953
2074,89,0.20155004
2074,90,0.2212588
2074,91,0.24280189
2074,92,0.26609049
2074,93,0.29160053
2074,94,0.31986306
2074,95,0.35105742
2074,96,0.3872588
2074,97,0.42709448
2074,98,0.47150929
2074,99,0.52084203
2075,0,0.00908412
2075,1,0.00086189
2075,2,0.00067264
2075,3,0.00053322
2075,4,0.00043174
2075,5,0.00035624
2075,6,0.00030044
2075,7,0.00026134
2075,8,0.00023558
2075,9,0.00022008
2075,10,0.00021307
2075,11,0.00021508
2075,12,0.00022742
2075,13,0.00025004
2075,14,0.00028376
2075,15,0.00032968
2075,16,0.00038595
2075,17,0.00044926
2075,18,0.00051386
2075,19,0.0005728
2075,20,0.0006222
2075,21,0.0006599
2075,22,0.00068828
2075,23,0.00071035
2075,24,0.00072839
2075,25,0.0007449
2075,26,0.00076317
2075,27,0.00078422
2075,28,0.00080814
2075,29,0.00083731
2075,30,0.00087299
2075,31,0.00091301
2075,32,0.0009586
2075,33,0.00101249
2075,34,0.00107605
2075,35,0.00115403
2075,36,0.00125228
2075,37,0.00137322
2075,38,0.00151618
2075,39,0.00167585
2075,40,0.00184855
2075,41,0.00202848
2075,42,0.00221703
2075,43,0.00242391
2075,44,0.00266529
2075,45,0.00296014
2075,46,0.00332134
2075,47,0.00376756
2075,48,0.0043031
2075,49,0.00492485
2075,50,0.005618
2075,51,0.00633144
2075,52,0.00702607
2075,53,0.00767252
2075,54,0.00826359
2075,55,0.00885415
2075,56,0.00948957
2075,57,0.01027008
2075,58,0.01126715
2075,59,0.01253214
2075,60,0.01407168
2075,61,0.01581593
2075,62,0.01769203
2075,63,0.01944925
2075,64,0.02113714
2075,65,0.02290914
2075,66,0.0248824
2075,67,0.02713646
2075,68,0.02944253
2075,69,0.03185993
2075,70,0.03450833
2075,71,0.03741824
2075,72,0.0406869
2075,73,0.04441428
2075,74,0.04860047
2075,75,0.05324164
2075,76,0.05843989
2075,77,0.06417214
2075,78,0.07044274
2075,79,0.07730902
2075,80,0.08486247
2075,81,0.09331232
2075,82,0.10269069
2075,83,0.11308028
2075,84,0.1245239
2075,85,0.13705122
2075,86,0.15081959
2075,87,0.16581454
2075,88,0.18216063
2075,89,0.19996008
2075,90,0.21946542
2075,91,0.24094385
2075,92,0.26412889
2075,93,0.28948045
2075,94,0.31756861
2075,95,0.34857523
2075,96,0.38460449
2075,97,0.42424412
2075,98,0.46843209
2075,99,0.51755646
2076,0,0.00904693
2076,1,0.00085356
2076,2,0.00066707
2076,3,0.00052943
2076,4,0.00042905
2076,5,0.00035426
2076,6,0.00029891
2076,7,0.00026002
2076,8,0.00023435
2076,9,0.00021888
2076,10,0.00021188
2076,11,0.00021389
2076,12,0.0002262
2076,13,0.00024881
2076,14,0.00028254
2076,15,0.00032849
2076,16,0.00038484
2076,17,0.00044822
2076,18,0.00051281
2076,19,0.00057165
2076,20,0.00062086
2076,21,0.00065825
2076,22,0.00068631
2076,23,0.00070808
2076,24,0.00072589
2076,25,0.00074221
2076,26,0.00076029
2076,27,0.00078117
2076,28,0.00080495
2076,29,0.00083392
2076,30,0.00086934
2076,31,0.00090892
2076,32,0.00095393
2076,33,0.00100706
2076,34,0.00106964
2076,35,0.00114647
2076,36,0.00124324
2076,37,0.00136245
2076,38,0.00150344
2076,39,0.0016611
2076,40,0.00183165
2076,41,0.0020092
2076,42,0.0021952
2076,43,0.00239899
2076,44,0.00263642
2076,45,0.00292629
2076,46,0.00328146
2076,47,0.0037205
2076,48,0.00424777
2076,49,0.0048603
2076,50,0.00554352
2076,51,0.0062478
2076,52,0.00693258
2076,53,0.00756809
2076,54,0.00815227
2076,55,0.00873536
2076,56,0.00936258
2076,57,0.01013335
2076,58,0.01111429
2076,59,0.01236007
2076,60,0.0138772
2076,61,0.01559899
2076,62,0.01745153
2076,63,0.01918605
2076,64,0.02085331
2076,65,0.02260283
2076,66,0.02455076
2076,67,0.02678056
2076,68,0.02905484
2076,69,0.0314342
2076,70,0.03405049
2076,71,0.03693437
2076,72,0.0401765
2076,73,0.04386793
2076,74,0.04800862
2076,75,0.05260227
2076,76,0.05775918
2076,77,0.06344168
2076,78,0.06965662
2076,79,0.0764915
2076,80,0.08401734
2076,81,0.0924105
2076,82,0.10172612
2076,83,0.11206315
2076,84,0.12346729
2076,85,0.13593699
2076,86,0.14963476
2076,87,0.16455062
2076,88,0.18080285
2076,89,0.19858764
2076,90,0.21796256
2076,91,0.23924882
2076,92,0.26239664
2076,93,0.28767038
2076,94,0.31562525
2076,95,0.34649024
2076,96,0.38239991
2076,97,0.42192198
2076,98,0.46597129
2076,99,0.51493723
2077,0,0.009034
2077,1,0.00084844
2077,2,0.00066403
2077,3,0.00052765
2077,4,0.00042796
2077,5,0.00035357
2077,6,0.00029841
2077,7,0.00025956
2077,8,0.00023382
2077,9,0.00021828
2077,10,0.00021125
2077,11,0.00021323
2077,12,0.00022551
2077,13,0.00024813
2077,14,0.00028191
2077,15,0.00032797
2077,16,0.00038445
2077,17,0.00044798
2077,18,0.00051267
2077,19,0.00057147
2077,20,0.00062054
2077,21,0.00065771
2077,22,0.00068548
2077,23,0.00070697
2077,24,0.00072455
2077,25,0.00074071
2077,26,0.00075858
2077,27,0.00077928
2077,28,0.00080291
2077,29,0.00083168
2077,30,0.00086679
2077,31,0.00090593
2077,32,0.00095033
2077,33,0.00100263
2077,34,0.00106419
2077,35,0.00113976
2077,36,0.00123499
2077,37,0.00135241
2077,38,0.00149141
2077,39,0.00164695
2077,40,0.00181535
2077,41,0.00199055
2077,42,0.00217384
2077,43,0.00237444
2077,44,0.00260782
2077,45,0.00289249
2077,46,0.00324135
2077,47,0.00367285
2077,48,0.0041915
2077,49,0.00479439
2077,50,0.00546713
2077,51,0.00616092
2077,52,0.00683621
2077,53,0.00746167
2077,54,0.00803455
2077,55,0.00861002
2077,56,0.00922906
2077,57,0.00998917
2077,58,0.01095702
2077,59,0.01218205
2077,60,0.01367524
2077,61,0.01537174
2077,62,0.01719949
2077,63,0.01891339
2077,64,0.02055927
2077,65,0.02228599
2077,66,0.02420817
2077,67,0.02640663
2077,68,0.02865706
2077,69,0.03100425
2077,70,0.03357962
2077,71,0.03643076
2077,72,0.03964244
2077,73,0.04330111
2077,74,0.04739946
2077,75,0.05194109
2077,76,0.05704527
2077,77,0.0626799
2077,78,0.06883904
2077,79,0.07561102
2077,80,0.08309846
2077,81,0.09145825
2077,82,0.10070596
2077,83,0.11096673
2077,84,0.12230427
2077,85,0.13472101
2077,86,0.1483466
2077,87,0.16317394
2077,88,0.17932692
2077,89,0.19699412
2077,90,0.21633363
2077,91,0.23745839
2077,92,0.26038224
2077,93,0.28558384
2077,94,0.31341208
2077,95,0.34408809
2077,96,0.37981753
2077,97,0.41915142
2077,98,0.46300026
2077,99,0.51173699
2078,0,0.00899289
2078,1,0.00083963
2078,2,0.00065798
2078,3,0.00052341
2078,4,0.00042487
2078,5,0.00035124
2078,6,0.00029658
2078,7,0.000258
2078,8,0.0002324
2078,9,0.00021691
2078,10,0.00020991
2078,11,0.0002119
2078,12,0.00022414
2078,13,0.00024674
2078,14,0.0002805
2078,15,0.00032656
2078,16,0.00038306
2078,17,0.00044659
2078,18,0.00051124
2078,19,0.00056991
2078,20,0.00061872
2078,21,0.00065555
2078,22,0.000683
2078,23,0.00070418
2078,24,0.00072151
2078,25,0.0007375
2078,26,0.00075519
2078,27,0.00077572
2078,28,0.00079919
2078,29,0.00082777
2078,30,0.00086259
2078,31,0.0009013
2078,32,0.00094515
2078,33,0.00099668
2078,34,0.00105731
2078,35,0.00113173
2078,36,0.00122547
2078,37,0.0013412
2078,38,0.00147828
2078,39,0.00163178
2078,40,0.00179801
2078,41,0.00197094
2078,42,0.00215167
2078,43,0.00234914
2078,44,0.0025787
2078,45,0.0028586
2078,46,0.00320158
2078,47,0.00362606
2078,48,0.0041366
2078,49,0.00473046
2078,50,0.0053933
2078,51,0.00607708
2078,52,0.00674252
2078,53,0.00735933
2078,54,0.0079229
2078,55,0.00848688
2078,56,0.00909858
2078,57,0.00984926
2078,58,0.01080451
2078,59,0.01201401
2078,60,0.01348386
2078,61,0.01515603
2078,62,0.01695882
2078,63,0.0186535
2078,64,0.02028257
2078,65,0.02198794
2078,66,0.02388645
2078,67,0.02605593
2078,68,0.02827793
2078,69,0.0306038
2078,70,0.03314688
2078,71,0.03595869
2078,72,0.03913593
2078,73,0.04276155
2078,74,0.04682577
2078,75,0.05132439
2078,76,0.05637761
2078,77,0.06195989
2078,78,0.06807348
2078,79,0.0747914
2078,80,0.08221702
2078,81,0.09054337
2078,82,0.09976195
2078,83,0.1099577
2078,84,0.1212232
2078,85,0.13358126
2078,86,0.14716687
2078,87,0.16193495
2078,88,0.17801306
2078,89,0.19559585
2078,90,0.2148352
2078,91,0.23595092
2078,92,0.25874435
2078,93,0.28375582
2078,94,0.31155251
2078,95,0.34215125
2078,96,0.37778472
2078,97,0.41702723
2078,98,0.46078746
2078,99,0.50944267
2079,0,0.00897828
2079,1,0.00083418
2079,2,0.00065462
2079,3,0.00052134
2079,4,0.00042353
2079,5,0.00035033
2079,6,0.0002959
2079,7,0.00025739
2079,8,0.00023176
2079,9,0.00021623
2079,10,0.00020919
2079,11,0.00021116
2079,12,0.00022338
2079,13,0.00024597
2079,14,0.00027978
2079,15,0.00032592
2079,16,0.00038254
2079,17,0.00044618
2079,18,0.0005109
2079,19,0.00056954
2079,20,0.00061821
2079,21,0.00065477
2079,22,0.00068191
2079,23,0.00070282
2079,24,0.00071992
2079,25,0.00073573
2079,26,0.00075323
2079,27,0.0007736
2079,28,0.0007969
2079,29,0.00082528
2079,30,0.0008598
2079,31,0.00089806
2079,32,0.00094132
2079,33,0.00099208
2079,34,0.00105171
2079,35,0.00112492
2079,36,0.00121716
2079,37,0.00133112
2079,38,0.00146628
2079,39,0.00161775
2079,40,0.00178184
2079,41,0.00195244
2079,42,0.00213063
2079,43,0.00232498
2079,44,0.00255051
2079,45,0.00282546
2079,46,0.00316246
2079,47,0.00357969
2079,48,0.00408192
2079,49,0.00466648
2079,50,0.00531925
2079,51,0.0059928
2079,52,0.00664808
2079,53,0.00725503
2079,54,0.00780998
2079,55,0.00836381
2079,56,0.00896301
2079,57,0.00970415
2079,58,0.01064693
2079,59,0.01183996
2079,60,0.0132904
2079,61,0.01493678
2079,62,0.01671339
2079,63,0.01838644
2079,64,0.0199983
2079,65,0.02168547
2079,66,0.02355991
2079,67,0.02570048
2079,68,0.0278943
2079,69,0.03019212
2079,70,0.03271254
2079,71,0.03549218
2079,72,0.03862556
2079,73,0.0422108
2079,74,0.04623667
2079,75,0.05069636
2079,76,0.05570248
2079,77,0.06122769
2079,78,0.0672836
2079,79,0.07395015
2079,80,0.0813141
2079,81,0.08957091
2079,82,0.09874657
2079,83,0.10890233
2079,84,0.12008782
2079,85,0.13235723
2079,86,0.14586816
2079,87,0.16057878
2079,88,0.17657591
2079,89,0.19405701
2079,90,0.21318074
2079,91,0.23415921
2079,92,0.25690825
2079,93,0.28173762
2079,94,0.30927805
2079,95,0.33976915
2079,96,0.37525776
2079,97,0.41429665
2079,98,0.45783539
2079,99,0.50625219
2080,0,0.00894779
2080,1,0.00082597
2080,2,0.00064895
2080,3,0.00051736
2080,4,0.00042064
2080,5,0.00034816
2080,6,0.0002942
2080,7,0.00025595
2080,8,0.00023045
2080,9,0.00021498
2080,10,0.00020799
2080,11,0.00020998
2080,12,0.00022218
2080,13,0.00024476
2080,14,0.00027858
2080,15,0.00032477
2080,16,0.00038146
2080,17,0.00044515
2080,18,0.00050987
2080,19,0.0005684
2080,20,0.00061687
2080,21,0.00065313
2080,22,0.00067993
2080,23,0.00070053
2080,24,0.0007174
2080,25,0.00073305
2080,26,0.00075038
2080,27,0.0007706
2080,28,0.00079378
2080,29,0.00082197
2080,30,0.00085621
2080,31,0.00089407
2080,32,0.00093678
2080,33,0.00098682
2080,34,0.00104558
2080,35,0.00111769
2080,36,0.00120853
2080,37,0.00132087
2080,38,0.00145419
2080,39,0.00160376
2080,40,0.00176585
2080,41,0.00193427
2080,42,0.00211004
2080,43,0.00230153
2080,44,0.00252342
2080,45,0.00279372
2080,46,0.00312523
2080,47,0.00353592
2080,48,0.00403052
2080,49,0.00460655
2080,50,0.00525002
2080,51,0.00591419
2080,52,0.00656008
2080,53,0.00715784
2080,54,0.00770381
2080,55,0.00824924
2080,56,0.00883848
2080,57,0.0095657
2080,58,0.01049751
2080,59,0.01167621
2080,60,0.01310858
2080,61,0.01473604
2080,62,0.01648768
2080,63,0.0181404
2080,64,0.01973484
2080,65,0.02140571
2080,66,0.02326183
2080,67,0.02537585
2080,68,0.02754429
2080,69,0.0298169
2080,70,0.03231022
2080,71,0.03507071
2080,72,0.03817139
2080,73,0.04171029
2080,74,0.0456949
2080,75,0.05011679
2080,76,0.05508656
2080,77,0.06056619
2080,78,0.06656736
2080,79,0.07317835
2080,80,0.08049304
2080,81,0.08869121
2080,82,0.0977981
2080,83,0.10791371
2080,84,0.11906317
2080,85,0.13125483
2080,86,0.14468061
2080,87,0.15932105
2080,88,0.17526629
2080,89,0.19266872
2080,90,0.21169074
2080,91,0.23255159
2080,92,0.25516399
2080,93,0.2799457
2080,94,0.30729007
2080,95,0.33751106
2080,96,0.3728959
2080,97,0.41177361
2080,98,0.45508593
2080,99,0.50325626
2081,0,0.00889926
2081,1,0.00081623
2081,2,0.00064205
2081,3,0.00051238
2081,4,0.00041693
2081,5,0.00034532
2081,6,0.00029193
2081,7,0.00025402
2081,8,0.0002287
2081,9,0.00021333
2081,10,0.0002064
2081,11,0.00020841
2081,12,0.00022057
2081,13,0.0002431
2081,14,0.00027687
2081,15,0.00032301
2081,16,0.00037966
2081,17,0.00044329
2081,18,0.0005079
2081,19,0.00056622
2081,20,0.00061438
2081,21,0.0006503
2081,22,0.00067673
2081,23,0.00069697
2081,24,0.00071358
2081,25,0.00072905
2081,26,0.00074619
2081,27,0.00076624
2081,28,0.00078926
2081,29,0.00081725
2081,30,0.00085117
2081,31,0.00088859
2081,32,0.00093073
2081,33,0.00098
2081,34,0.0010378
2081,35,0.00110877
2081,36,0.00119812
2081,37,0.00130872
2081,38,0.00144009
2081,39,0.00158755
2081,40,0.00174746
2081,41,0.00191354
2081,42,0.00208668
2081,43,0.00227502
2081,44,0.00249308
2081,45,0.00275852
2081,46,0.00308405
2081,47,0.00348779
2081,48,0.00397438
2081,49,0.00454132
2081,50,0.00517488
2081,51,0.00582899
2081,52,0.00646491
2081,53,0.00705284
2081,54,0.00758912
2081,55,0.00812436
2081,56,0.00870408
2081,57,0.00941848
2081,58,0.01033239
2081,59,0.01149582
2081,60,0.01290937
2081,61,0.01451583
2081,62,0.01624609
2081,63,0.01787585
2081,64,0.01945055
2081,65,0.02110132
2081,66,0.02293753
2081,67,0.0250272
2081,68,0.02716856
2081,69,0.02941467
2081,70,0.03187942
2081,71,0.03461115
2081,72,0.03768772
2081,73,0.04118624
2081,74,0.04511649
2081,75,0.04949009
2081,76,0.05441674
2081,77,0.05985373
2081,78,0.06580343
2081,79,0.07235254
2081,80,0.07960354
2081,81,0.08774585
2081,82,0.09678465
2081,83,0.10682074
2081,84,0.11792198
2081,85,0.13007162
2081,86,0.14341263
2081,87,0.15796084
2081,88,0.17383149
2081,89,0.19118026
2081,90,0.2101224
2081,91,0.23088209
2081,92,0.25338564
2081,93,0.27804015
2081,94,0.30534811
2081,95,0.33539171
2081,96,0.37056339
2081,97,0.40938904
2081,98,0.45260266
2081,99,0.50062961
2082,0,0.00888209
2082,1,0.00081063
2082,2,0.00063839
2082,3,0.00050996
2082,4,0.00041523
2082,5,0.00034409
2082,6,0.00029097
2082,7,0.00025317
2082,8,0.00022786
2082,9,0.00021245
2082,10,0.00020552
2082,11,0.00020751
2082,12,0.00021964
2082,13,0.00024215
2082,14,0.00027594
2082,15,0.00032211
2082,16,0.00037882
2082,17,0.00044251
2082,18,0.00050711
2082,19,0.00056533
2082,20,0.00061328
2082,21,0.0006489
2082,22,0.00067503
2082,23,0.000695
2082,24,0.00071133
2082,25,0.00072663
2082,26,0.00074358
2082,27,0.00076346
2082,28,0.00078632
2082,29,0.0008141
2082,30,0.00084771
2082,31,0.00088464
2082,32,0.00092617
2082,33,0.00097462
2082,34,0.00103142
2082,35,0.00110116
2082,36,0.00118901
2082,37,0.00129782
2082,38,0.0014272
2082,39,0.00157259
2082,40,0.00173028
2082,41,0.00189403
2082,42,0.00206455
2082,43,0.00224971
2082,44,0.00246372
2082,45,0.00272416
2082,46,0.00304359
2082,47,0.00343991
2082,48,0.00391818
2082,49,0.00447585
2082,50,0.00509916
2082,51,0.00574287
2082,52,0.00636845
2082,53,0.00694634
2082,54,0.0074727
2082,55,0.00799738
2082,56,0.00856599
2082,57,0.00926843
2082,58,0.01016607
2082,59,0.0113071
2082,60,0.01270135
2082,61,0.01428661
2082,62,0.0159939
2082,63,0.01760542
2082,64,0.01915854
2082,65,0.02078768
2082,66,0.02260074
2082,67,0.02466507
2082,68,0.02678262
2082,69,0.02900168
2082,70,0.03143792
2082,71,0.03414087
2082,72,0.03718458
2082,73,0.04065332
2082,74,0.04453679
2082,75,0.04884913
2082,76,0.05372212
2082,77,0.05910969
2082,78,0.06501144
2082,79,0.0715025
2082,80,0.07868321
2082,81,0.08675343
2082,82,0.09572484
2082,83,0.10567823
2082,84,0.1166827
2082,85,0.12876851
2082,86,0.14205274
2082,87,0.15649621
2082,88,0.17225288
2082,89,0.18950439
2082,90,0.20836873
2082,91,0.22901773
2082,92,0.25138652
2082,93,0.27588642
2082,94,0.30300704
2082,95,0.33294485
2082,96,0.36788672
2082,97,0.40642131
2082,98,0.4494866
2082,99,0.49731164
2083,0,0.00884554
2083,1,0.00080197
2083,2,0.00063225
2083,3,0.00050553
2083,4,0.00041192
2083,5,0.00034155
2083,6,0.00028896
2083,7,0.00025148
2083,8,0.00022633
2083,9,0.00021101
2083,10,0.00020414
2083,11,0.00020615
2083,12,0.00021826
2083,13,0.00024075
2083,14,0.00027452
2083,15,0.00032071
2083,16,0.00037744
2083,17,0.00044114
2083,18,0.00050572
2083,19,0.00056379
2083,20,0.00061148
2083,21,0.00064676
2083,22,0.00067253
2083,23,0.00069219
2083,24,0.00070828
2083,25,0.00072338
2083,26,0.00074015
2083,27,0.00075989
2083,28,0.00078262
2083,29,0.00081023
2083,30,0.00084359
2083,31,0.00088015
2083,32,0.00092114
2083,33,0.00096889
2083,34,0.00102483
2083,35,0.00109351
2083,36,0.00118
2083,37,0.00128726
2083,38,0.00141487
2083,39,0.00155837
2083,40,0.00171409
2083,41,0.00187569
2083,42,0.00204387
2083,43,0.00222621
2083,44,0.00243667
2083,45,0.00269263
2083,46,0.00300675
2083,47,0.00339671
2083,48,0.00386754
2083,49,0.00441716
2083,50,0.00503175
2083,51,0.00566649
2083,52,0.00628314
2083,53,0.0068522
2083,54,0.00736984
2083,55,0.0078851
2083,56,0.00844367
2083,57,0.00913419
2083,58,0.01001882
2083,59,0.01114229
2083,60,0.01251325
2083,61,0.01408126
2083,62,0.01577029
2083,63,0.01736638
2083,64,0.01890701
2083,65,0.02051658
2083,66,0.0223093
2083,67,0.02435009
2083,68,0.0264479
2083,69,0.02864813
2083,70,0.03106016
2083,71,0.03373949
2083,72,0.03675621
2083,73,0.04019293
2083,74,0.04404944
2083,75,0.04831838
2083,76,0.05313487
2083,77,0.05847416
2083,78,0.064334
2083,79,0.07078475
2083,80,0.07791432
2083,81,0.08592219
2083,82,0.09482827
2083,83,0.10472223
2083,84,0.11565272
2083,85,0.12765217
2083,86,0.14088926
2083,87,0.15529472
2083,88,0.17096261
2083,89,0.18811575
2083,90,0.20690028
2083,91,0.22748934
2083,92,0.24976667
2083,93,0.2741453
2083,94,0.30112044
2083,95,0.33088324
2083,96,0.36575453
2083,97,0.40408219
2083,98,0.44688113
2083,99,0.49457714
2084,0,0.00881188
2084,1,0.00079339
2084,2,0.00062606
2084,3,0.000501
2084,4,0.00040849
2084,5,0.00033891
2084,6,0.00028685
2084,7,0.0002497
2084,8,0.00022474
2084,9,0.00020953
2084,10,0.00020272
2084,11,0.00020477
2084,12,0.00021686
2084,13,0.00023933
2084,14,0.00027309
2084,15,0.00031926
2084,16,0.000376
2084,17,0.00043968
2084,18,0.00050418
2084,19,0.00056208
2084,20,0.00060951
2084,21,0.00064444
2084,22,0.00066984
2084,23,0.00068919
2084,24,0.00070505
2084,25,0.00072
2084,26,0.00073658
2084,27,0.00075617
2084,28,0.00077877
2084,29,0.0008062
2084,30,0.00083928
2084,31,0.00087543
2084,32,0.00091589
2084,33,0.00096291
2084,34,0.00101795
2084,35,0.00108554
2084,36,0.00117065
2084,37,0.0012763
2084,38,0.00140214
2084,39,0.00154372
2084,40,0.00169742
2084,41,0.00185687
2084,42,0.00202264
2084,43,0.00220214
2084,44,0.00240902
2084,45,0.00266046
2084,46,0.00296908
2084,47,0.00335259
2084,48,0.00381596
2084,49,0.00435707
2084,50,0.00496265
2084,51,0.0055883
2084,52,0.00619576
2084,53,0.00675582
2084,54,0.00726457
2084,55,0.00777039
2084,56,0.0083188
2084,57,0.00899708
2084,58,0.00986683
2084,59,0.01097374
2084,60,0.01232338
2084,61,0.0138657
2084,62,0.01553613
2084,63,0.01711711
2084,64,0.01864411
2084,65,0.02023994
2084,66,0.02201026
2084,67,0.02402565
2084,68,0.02610028
2084,69,0.02828096
2084,70,0.03067257
2084,71,0.03332773
2084,72,0.03631752
2084,73,0.03972207
2084,74,0.04354152
2084,75,0.04777931
2084,76,0.05254812
2084,77,0.05782479
2084,78,0.06363183
2084,79,0.07003601
2084,80,0.07711983
2084,81,0.08507103
2084,82,0.09390588
2084,83,0.10372424
2084,84,0.11458506
2084,85,0.12649956
2084,86,0.13963942
2084,87,0.15398971
2084,88,0.16961177
2084,89,0.1866622
2084,90,0.20533209
2084,91,0.22582391
2084,92,0.24802592
2084,93,0.27228927
2084,94,0.29911089
2084,95,0.32869464
2084,96,0.3633786
2084,97,0.40160423
2084,98,0.44416411
2084,99,0.49156479
2085,0,0.00879463
2085,1,0.00078749
2085,2,0.00062209
2085,3,0.00049828
2085,4,0.00040656
2085,5,0.00033747
2085,6,0.00028573
2085,7,0.00024872
2085,8,0.00022381
2085,9,0.0002086
2085,10,0.00020179
2085,11,0.00020383
2085,12,0.0002159
2085,13,0.00023835
2085,14,0.00027212
2085,15,0.00031834
2085,16,0.00037514
2085,17,0.00043887
2085,18,0.00050337
2085,19,0.00056117
2085,20,0.0006084
2085,21,0.00064303
2085,22,0.00066811
2085,23,0.00068714
2085,24,0.00070276
2085,25,0.00071753
2085,26,0.00073394
2085,27,0.00075334
2085,28,0.00077579
2085,29,0.00080304
2085,30,0.00083582
2085,31,0.00087155
2085,32,0.00091145
2085,33,0.00095773
2085,34,0.00101182
2085,35,0.00107826
2085,36,0.00116194
2085,37,0.00126593
2085,38,0.00138992
2085,39,0.00152958
2085,40,0.00168124
2085,41,0.00183849
2085,42,0.00200182
2085,43,0.00217833
2085,44,0.0023815
2085,45,0.00262827
2085,46,0.0029312
2085,47,0.0033079
2085,48,0.0037636
2085,49,0.00429613
2085,50,0.00489223
2085,51,0.00550855
2085,52,0.00610677
2085,53,0.00665761
2085,54,0.00715723
2085,55,0.00765326
2085,56,0.00819125
2085,57,0.00885686
2085,58,0.00971107
2085,59,0.01079912
2085,60,0.01212837
2085,61,0.01364704
2085,62,0.01528984
2085,63,0.01685549
2085,64,0.01836917
2085,65,0.01994994
2085,66,0.02170393
2085,67,0.0236919
2085,68,0.02574177
2085,69,0.02789951
2085,70,0.03027
2085,71,0.0329047
2085,72,0.0358665
2085,73,0.0392384
2085,74,0.04302014
2085,75,0.04721561
2085,76,0.05194925
2085,77,0.05717217
2085,78,0.06291037
2085,79,0.06925522
2085,80,0.07628501
2085,81,0.08418297
2085,82,0.09295007
2085,83,0.1026835
2085,84,0.11345383
2085,85,0.12528431
2085,86,0.13832401
2085,87,0.15255963
2085,88,0.16811129
2085,89,0.1850987
2085,90,0.20364164
2085,91,0.22399067
2085,92,0.24606912
2085,93,0.27022309
2085,94,0.29688491
2085,95,0.32626744
2085,96,0.3607357
2085,97,0.39871595
2085,98,0.4410985
2085,99,0.48818068
2086,0,0.00876825
2086,1,0.0007824
2086,2,0.00061866
2086,3,0.00049591
2086,4,0.00040484
2086,5,0.00033618
2086,6,0.00028469
2086,7,0.0002478
2086,8,0.00022291
2086,9,0.00020769
2086,10,0.00020087
2086,11,0.00020288
2086,12,0.00021489
2086,13,0.00023731
2086,14,0.00027105
2086,15,0.00031725
2086,16,0.00037406
2086,17,0.00043778
2086,18,0.00050223
2086,19,0.00055989
2086,20,0.00060689
2086,21,0.00064126
2086,22,0.00066604
2086,23,0.0006848
2086,24,0.00070019
2086,25,0.0007148
2086,26,0.00073105
2086,27,0.00075031
2086,28,0.00077259
2086,29,0.00079964
2086,30,0.00083215
2086,31,0.00086749
2086,32,0.00090686
2086,33,0.00095245
2086,34,0.00100569
2086,35,0.00107107
2086,36,0.00115344
2086,37,0.00125592
2086,38,0.00137821
2086,39,0.00151608
2086,40,0.00166587
2086,41,0.00182109
2086,42,0.00198215
2086,43,0.00215595
2086,44,0.0023557
2086,45,0.00259825
2086,46,0.00289608
2086,47,0.00326663
2086,48,0.00371526
2086,49,0.00424005
2086,50,0.00482767
2086,51,0.00543524
2086,52,0.00602504
2086,53,0.00656769
2086,54,0.00705903
2086,55,0.00754623
2086,56,0.00807475
2086,57,0.00872895
2086,58,0.00956905
2086,59,0.01063977
2086,60,0.01194875
2086,61,0.0134477
2086,62,0.01506811
2086,63,0.01661147
2086,64,0.01811412
2086,65,0.01968281
2086,66,0.02142204
2086,67,0.02339236
2086,68,0.02541845
2086,69,0.02755446
2086,70,0.02990317
2086,71,0.03251957
2086,72,0.03546099
2086,73,0.03880349
2086,74,0.04255208
2086,75,0.04671021
2086,76,0.05140319
2086,77,0.05659312
2086,78,0.06228007
2086,79,0.06855769
2086,80,0.07553027
2086,81,0.08337793
2086,82,0.09209487
2086,83,0.10176326
2086,84,0.11245163
2086,85,0.12419679
2086,86,0.13716145
2086,87,0.15130693
2086,88,0.16675531
2086,89,0.18368908
2086,90,0.20218878
2086,91,0.22242889
2086,92,0.24438918
2086,93,0.26844476
2086,94,0.29502211
2086,95,0.32427621
2086,96,0.35860031
2086,97,0.3964228
2086,98,0.43862577
2086,99,0.48560306
2087,0,0.00874413
2087,1,0.00077869
2087,2,0.00061635
2087,3,0.00049446
2087,4,0.00040383
2087,5,0.00033543
2087,6,0.00028406
2087,7,0.00024718
2087,8,0.00022223
2087,9,0.00020694
2087,10,0.00020007
2087,11,0.00020203
2087,12,0.00021397
2087,13,0.00023632
2087,14,0.00027001
2087,15,0.00031618
2087,16,0.00037296
2087,17,0.00043665
2087,18,0.00050101
2087,19,0.00055852
2087,20,0.00060529
2087,21,0.00063938
2087,22,0.00066389
2087,23,0.00068239
2087,24,0.00069757
2087,25,0.00071201
2087,26,0.00072807
2087,27,0.00074716
2087,28,0.00076927
2087,29,0.00079606
2087,30,0.00082823
2087,31,0.00086308
2087,32,0.00090184
2087,33,0.00094661
2087,34,0.00099886
2087,35,0.00106306
2087,36,0.00114393
2087,37,0.00124468
2087,38,0.00136507
2087,39,0.0015009
2087,40,0.00164855
2087,41,0.00180152
2087,42,0.00196
2087,43,0.00213074
2087,44,0.00232664
2087,45,0.00256433
2087,46,0.00285635
2087,47,0.00321994
2087,48,0.00366048
2087,49,0.00417613
2087,50,0.00475398
2087,51,0.0053516
2087,52,0.00593131
2087,53,0.00646453
2087,54,0.00694664
2087,55,0.00742388
2087,56,0.00794176
2087,57,0.00858297
2087,58,0.00940713
2087,59,0.01045796
2087,60,0.01174336
2087,61,0.01321703
2087,62,0.01481313
2087,63,0.01633396
2087,64,0.01781289
2087,65,0.01936686
2087,66,0.02108899
2087,67,0.02303691
2087,68,0.02504273
2087,69,0.02715156
2087,70,0.02947322
2087,71,0.03206387
2087,72,0.03497991
2087,73,0.03829273
2087,74,0.04200188
2087,75,0.04611648
2087,76,0.05076176
2087,77,0.05589929
2087,78,0.06154245
2087,79,0.06775578
2087,80,0.07464559
2087,81,0.08242055
2087,82,0.09106913
2087,83,0.10066731
2087,84,0.11126796
2087,85,0.12290653
2087,86,0.13576066
2087,87,0.14980535
2087,88,0.16513497
2087,89,0.18193279
2087,90,0.20034669
2087,91,0.22050703
2087,92,0.24231735
2087,93,0.2662044
2087,94,0.29262212
2087,95,0.32172336
2087,96,0.35586113
2087,97,0.39346203
2087,98,0.43541685
2087,99,0.48211448
2088,0,0.0087208
2088,1,0.00077527
2088,2,0.00061417
2088,3,0.00049302
2088,4,0.00040281
2088,5,0.00033464
2088,6,0.00028339
2088,7,0.00024654
2088,8,0.00022154
2088,9,0.00020619
2088,10,0.00019928
2088,11,0.00020119
2088,12,0.00021307
2088,13,0.00023535
2088,14,0.00026897
2088,15,0.00031508
2088,16,0.00037181
2088,17,0.00043543
2088,18,0.00049968
2088,19,0.00055701
2088,20,0.00060355
2088,21,0.00063737
2088,22,0.0006616
2088,23,0.00067986
2088,24,0.00069483
2088,25,0.00070911
2088,26,0.00072499
2088,27,0.00074391
2088,28,0.00076586
2088,29,0.00079242
2088,30,0.00082423
2088,31,0.00085861
2088,32,0.00089677
2088,33,0.00094077
2088,34,0.00099207
2088,35,0.00105514
2088,36,0.00113463
2088,37,0.00123372
2088,38,0.00135228
2088,39,0.00148619
2088,40,0.00163181
2088,41,0.0017826
2088,42,0.0019387
2088,43,0.00210654
2088,44,0.00229879
2088,45,0.00253193
2088,46,0.00281839
2088,47,0.0031754
2088,48,0.00360837
2088,49,0.00411542
2088,50,0.00468388
2088,51,0.00527218
2088,52,0.00584256
2088,53,0.00636659
2088,54,0.00684002
2088,55,0.00730813
2088,56,0.00781604
2088,57,0.00844505
2088,58,0.00925412
2088,59,0.01028632
2088,60,0.01154946
2088,61,0.01299901
2088,62,0.01457003
2088,63,0.01607159
2088,64,0.01753132
2088,65,0.01906166
2088,66,0.02076863
2088,67,0.02269696
2088,68,0.02468323
2088,69,0.02677413
2088,70,0.02906867
2088,71,0.03163383
2088,72,0.03452276
2088,73,0.03780768
2088,74,0.04148538
2088,75,0.04555913
2088,76,0.05016019
2088,77,0.05524887
2088,78,0.06083963
2088,79,0.06700945
2088,80,0.07383362
2088,81,0.08152375
2088,82,0.09009661
2088,83,0.09962343
2088,84,0.1101514
2088,85,0.1217002
2088,86,0.13444606
2088,87,0.14837932
2088,88,0.16360914
2088,89,0.18028803
2088,90,0.19856575
2088,91,0.21864313
2088,92,0.24038072
2088,93,0.26411793
2088,94,0.2903629
2088,95,0.31930282
2088,96,0.35330419
2088,97,0.39072661
2088,98,0.43246717
2088,99,0.47892826
2089,0,0.00871327
2089,1,0.00077338
2089,2,0.00061331
2089,3,0.00049274
2089,4,0.00040277
2089,5,0.0003347
2089,6,0.00028344
2089,7,0.0002465
2089,8,0.00022138
2089,9,0.00020591
2089,10,0.0001989
2089,11,0.00020075
2089,12,0.00021256
2089,13,0.00023481
2089,14,0.00026844
2089,15,0.00031457
2089,16,0.00037136
2089,17,0.00043503
2089,18,0.00049932
2089,19,0.0005566
2089,20,0.00060298
2089,21,0.00063657
2089,22,0.00066055
2089,23,0.00067855
2089,24,0.00069332
2089,25,0.00070744
2089,26,0.00072314
2089,27,0.00074189
2089,28,0.00076368
2089,29,0.00079006
2089,30,0.00082159
2089,31,0.00085553
2089,32,0.00089315
2089,33,0.00093643
2089,34,0.00098685
2089,35,0.00104884
2089,36,0.00112699
2089,37,0.00122456
2089,38,0.0013414
2089,39,0.00147351
2089,40,0.00161727
2089,41,0.00176603
2089,42,0.00191984
2089,43,0.00208495
2089,44,0.00227369
2089,45,0.00250243
2089,46,0.00278359
2089,47,0.00313424
2089,48,0.00356008
2089,49,0.0040592
2089,50,0.00461902
2089,51,0.00519857
2089,52,0.00576043
2089,53,0.00627604
2089,54,0.00674087
2089,55,0.00720017
2089,56,0.00769865
2089,57,0.00831597
2089,58,0.0091107
2089,59,0.01012523
2089,60,0.01136763
2089,61,0.01279474
2089,62,0.01434235
2089,63,0.01582391
2089,64,0.0172681
2089,65,0.01878003
2089,66,0.0204631
2089,67,0.02237504
2089,68,0.02434564
2089,69,0.02642044
2089,70,0.02869894
2089,71,0.03123994
2089,72,0.03410393
2089,73,0.03736147
2089,74,0.04101244
2089,75,0.04505714
2089,76,0.04962073
2089,77,0.05466887
2089,78,0.06021588
2089,79,0.06633846
2089,80,0.07312497
2089,81,0.08075524
2089,82,0.08924729
2089,83,0.09870372
2089,84,0.10916771
2089,85,0.12065412
2089,86,0.13332248
2089,87,0.14716095
2089,88,0.1622954
2089,89,0.17889355
2089,90,0.19707348
2089,91,0.21703824
2089,92,0.23872573
2089,93,0.26242265
2089,94,0.28854871
2089,95,0.31735434
2089,96,0.35125747
2089,97,0.38860485
2089,98,0.4302341
2089,99,0.47655908
2090,0,0.00868882
2090,1,0.00076988
2090,2,0.000611
2090,3,0.00049117
2090,4,0.00040163
2090,5,0.00033381
2090,6,0.0002827
2090,7,0.00024579
2090,8,0.00022065
2090,9,0.00020513
2090,10,0.00019809
2090,11,0.00019989
2090,12,0.00021163
2090,13,0.00023381
2090,14,0.00026738
2090,15,0.00031344
2090,16,0.00037016
2090,17,0.00043375
2090,18,0.00049792
2090,19,0.00055503
2090,20,0.00060119
2090,21,0.0006345
2090,22,0.0006582
2090,23,0.00067595
2090,24,0.0006905
2090,25,0.00070447
2090,26,0.00072001
2090,27,0.00073858
2090,28,0.0007602
2090,29,0.00078635
2090,30,0.00081756
2090,31,0.00085108
2090,32,0.0008881
2090,33,0.00093064
2090,34,0.00098017
2090,35,0.00104109
2090,36,0.00111791
2090,37,0.00121393
2090,38,0.00132907
2090,39,0.00145932
2090,40,0.00160114
2090,41,0.00174785
2090,42,0.00189936
2090,43,0.00206174
2090,44,0.0022471
2090,45,0.00247155
2090,46,0.00274753
2090,47,0.00309199
2090,48,0.00351064
2090,49,0.00400181
2090,50,0.00455297
2090,51,0.00512369
2090,52,0.00567674
2090,53,0.00618409
2090,54,0.00664072
2090,55,0.00709111
2090,56,0.00758045
2090,57,0.00818661
2090,58,0.00896729
2090,59,0.00996438
2090,60,0.01118602
2090,61,0.01259069
2090,62,0.01411458
2090,63,0.01557561
2090,64,0.0170014
2090,65,0.01849681
2090,66,0.02015912
2090,67,0.02204257
2090,68,0.02399723
2090,69,0.02605613
2090,70,0.02831634
2090,71,0.03084014
2090,72,0.03367549
2090,73,0.03690206
2090,74,0.04051975
2090,75,0.0445321
2090,76,0.04906078
2090,77,0.054064
2090,78,0.05956316
2090,79,0.06563337
2090,80,0.07236241
2090,81,0.07994443
2090,82,0.08836186
2090,83,0.09771924
2090,84,0.10809382
2090,85,0.11949704
2090,86,0.13208278
2090,87,0.1458201
2090,88,0.16083206
2090,89,0.17730289
2090,90,0.19536651
2090,91,0.21519042
2090,92,0.23671832
2090,93,0.26030761
2090,94,0.28631976
2090,95,0.31492069
2090,96,0.34859946
2090,97,0.38573194
2090,98,0.42714412
2090,99,0.47319458
2091,0,0.0086651
2091,1,0.00076636
2091,2,0.00060871
2091,3,0.00048963
2091,4,0.00040052
2091,5,0.00033296
2091,6,0.00028198
2091,7,0.00024511
2091,8,0.00021993
2091,9,0.00020436
2091,10,0.00019728
2091,11,0.00019904
2091,12,0.00021071
2091,13,0.00023282
2091,14,0.00026633
2091,15,0.00031234
2091,16,0.00036901
2091,17,0.00043253
2091,18,0.00049658
2091,19,0.00055353
2091,20,0.00059946
2091,21,0.00063252
2091,22,0.00065593
2091,23,0.00067343
2091,24,0.00068778
2091,25,0.00070158
2091,26,0.00071695
2091,27,0.00073536
2091,28,0.00075681
2091,29,0.00078272
2091,30,0.00081361
2091,31,0.00084669
2091,32,0.00088314
2091,33,0.0009249
2091,34,0.00097351
2091,35,0.00103334
2091,36,0.0011088
2091,37,0.00120325
2091,38,0.00131662
2091,39,0.00144502
2091,40,0.00158485
2091,41,0.00172945
2091,42,0.00187862
2091,43,0.00203819
2091,44,0.00222002
2091,45,0.00244012
2091,46,0.00271077
2091,47,0.00304883
2091,48,0.00346017
2091,49,0.00394304
2091,50,0.00448531
2091,51,0.00504705
2091,52,0.00559108
2091,53,0.0060897
2091,54,0.00653796
2091,55,0.00697941
2091,56,0.00745892
2091,57,0.00805355
2091,58,0.00882001
2091,59,0.00979914
2091,60,0.01099946
2091,61,0.01238096
2091,62,0.01388063
2091,63,0.01532055
2091,64,0.01672719
2091,65,0.01820288
2091,66,0.01984634
2091,67,0.02170468
2091,68,0.02363117
2091,69,0.02567457
2091,70,0.0279176
2091,71,0.03042306
2091,72,0.03323888
2091,73,0.03643243
2091,74,0.04001535
2091,75,0.04399127
2091,76,0.0484853
2091,77,0.05345128
2091,78,0.05890379
2091,79,0.06492404
2091,80,0.07159798
2091,81,0.07911998
2091,82,0.0874865
2091,83,0.09676453
2091,84,0.10703387
2091,85,0.11834387
2091,86,0.13084495
2091,87,0.14449986
2091,88,0.15941043
2091,89,0.17575712
2091,90,0.19369245
2091,91,0.2133999
2091,92,0.23479004
2091,93,0.25821882
2091,94,0.28411872
2091,95,0.3126017
2091,96,0.34608733
2091,97,0.38300775
2091,98,0.42421658
2091,99,0.47006465
2092,0,0.00863945
2092,1,0.00076271
2092,2,0.00060627
2092,3,0.00048796
2092,4,0.00039929
2092,5,0.000332
2092,6,0.00028119
2092,7,0.00024436
2092,8,0.00021916
2092,9,0.00020355
2092,10,0.00019643
2092,11,0.00019815
2092,12,0.00020975
2092,13,0.00023179
2092,14,0.00026523
2092,15,0.00031119
2092,16,0.0003678
2092,17,0.00043124
2092,18,0.00049517
2092,19,0.00055194
2092,20,0.00059763
2092,21,0.00063042
2092,22,0.00065357
2092,23,0.0006708
2092,24,0.00068494
2092,25,0.00069858
2092,26,0.00071378
2092,27,0.00073203
2092,28,0.00075331
2092,29,0.000779
2092,30,0.00080955
2092,31,0.00084219
2092,32,0.0008781
2092,33,0.00091914
2092,34,0.00096683
2092,35,0.00102559
2092,36,0.00109974
2092,37,0.00119266
2092,38,0.00130433
2092,39,0.00143091
2092,40,0.00156885
2092,41,0.00171138
2092,42,0.00185827
2092,43,0.00201513
2092,44,0.00219354
2092,45,0.00240938
2092,46,0.00267496
2092,47,0.00300685
2092,48,0.00341113
2092,49,0.00388609
2092,50,0.00441972
2092,51,0.00497287
2092,52,0.00550835
2092,53,0.00599863
2092,54,0.00643862
2092,55,0.00687157
2092,56,0.00734188
2092,57,0.00792495
2092,58,0.00867773
2092,59,0.00963991
2092,60,0.01081979
2092,61,0.01217913
2092,62,0.01365547
2092,63,0.01507527
2092,64,0.01646345
2092,65,0.01791986
2092,66,0.01954239
2092,67,0.02137909
2092,68,0.0232824
2092,69,0.02529872
2092,70,0.02752616
2092,71,0.03001541
2092,72,0.03281134
2092,73,0.03598272
2092,74,0.03952992
2092,75,0.04346912
2092,76,0.04792532
2092,77,0.05285517
2092,78,0.0582697
2092,79,0.06424146
2092,80,0.07086275
2092,81,0.07832652
2092,82,0.08662808
2092,83,0.09585034
2092,84,0.10603329
2092,85,0.11722968
2092,86,0.1296307
2092,87,0.14319482
2092,88,0.1580165
2092,89,0.1742519
2092,90,0.19205016
2092,91,0.21161388
2092,92,0.23287396
2092,93,0.25614343
2092,94,0.28185269
2092,95,0.31019007
2092,96,0.34352694
2092,97,0.38020842
2092,98,0.42114734
2092,99,0.46672333
2093,0,0.00861101
2093,1,0.00075921
2093,2,0.00060391
2093,3,0.00048631
2093,4,0.00039806
2093,5,0.00033104
2093,6,0.00028038
2093,7,0.00024361
2093,8,0.0002184
2093,9,0.00020275
2093,10,0.0001956
2093,11,0.00019727
2093,12,0.0002088
2093,13,0.00023076
2093,14,0.00026412
2093,15,0.00030999
2093,16,0.00036654
2093,17,0.00042989
2093,18,0.0004937
2093,19,0.00055027
2093,20,0.00059571
2093,21,0.00062823
2093,22,0.00065112
2093,23,0.00066812
2093,24,0.00068204
2093,25,0.00069553
2093,26,0.00071057
2093,27,0.00072866
2093,28,0.00074979
2093,29,0.00077527
2093,30,0.00080554
2093,31,0.00083778
2093,32,0.00087316
2093,33,0.00091357
2093,34,0.00096046
2093,35,0.00101822
2093,36,0.00109117
2093,37,0.0011827
2093,38,0.00129282
2093,39,0.00141774
2093,40,0.00155393
2093,41,0.00169461
2093,42,0.00183938
2093,43,0.00199375
2093,44,0.00216908
2093,45,0.00238105
2093,46,0.00264198
2093,47,0.00296839
2093,48,0.00336631
2093,49,0.00383415
2093,50,0.0043601
2093,51,0.00490542
2093,52,0.00543325
2093,53,0.00591614
2093,54,0.00634871
2093,55,0.00677375
2093,56,0.00723584
2093,57,0.00780876
2093,58,0.00854873
2093,59,0.00949564
2093,60,0.01065749
2093,61,0.01199694
2093,62,0.01345242
2093,63,0.01485406
2093,64,0.01622581
2093,65,0.01766493
2093,66,0.01926847
2093,67,0.02108324
2093,68,0.02296853
2093,69,0.02496458
2093,70,0.027166
2093,71,0.0296423
2093,72,0.0324228
2093,73,0.03557431
2093,74,0.0391005
2093,75,0.04300542
2093,76,0.04742727
2093,77,0.05232211
2093,78,0.05770493
2093,79,0.06364321
2093,80,0.07022011
2093,81,0.07763605
2093,82,0.08588393
2093,83,0.09504623
2093,84,0.10518094
2093,85,0.11629883
2093,86,0.12859454
2093,87,0.14207112
2093,88,0.15681835
2093,89,0.17298398
2093,90,0.19069216
2093,91,0.21014254
2093,92,0.23129097
2093,93,0.25446486
2093,94,0.28005158
2093,95,0.30824459
2093,96,0.34150338
2093,97,0.37811385
2093,98,0.41890471
2093,99,0.46432044
2094,0,0.00860031
2094,1,0.00075706
2094,2,0.00060269
2094,3,0.00048563
2094,4,0.00039764
2094,5,0.00033075
2094,6,0.00028012
2094,7,0.00024332
2094,8,0.00021803
2094,9,0.0002023
2094,10,0.00019507
2094,11,0.00019668
2094,12,0.00020815
2094,13,0.00023006
2094,14,0.00026339
2094,15,0.00030923
2094,16,0.00036577
2094,17,0.00042911
2094,18,0.00049286
2094,19,0.00054931
2094,20,0.00059454
2094,21,0.00062681
2094,22,0.00064943
2094,23,0.0006662
2094,24,0.00067993
2094,25,0.00069324
2094,26,0.0007081
2094,27,0.00072602
2094,28,0.00074698
2094,29,0.00077226
2094,30,0.00080221
2094,31,0.00083401
2094,32,0.00086883
2094,33,0.00090849
2094,34,0.00095451
2094,35,0.00101121
2094,36,0.0010828
2094,37,0.00117278
2094,38,0.00128121
2094,39,0.00140434
2094,40,0.00153864
2094,41,0.0016773
2094,42,0.00181983
2094,43,0.00197145
2094,44,0.00214335
2094,45,0.00235105
2094,46,0.00260678
2094,47,0.002927
2094,48,0.00331791
2094,49,0.00377782
2094,50,0.00429518
2094,51,0.00483185
2094,52,0.00535099
2094,53,0.00582564
2094,54,0.00625011
2094,55,0.00666644
2094,56,0.00711912
2094,57,0.00768089
2094,58,0.00840698
2094,59,0.00933634
2094,60,0.01047799
2094,61,0.01179554
2094,62,0.01322766
2094,63,0.01460901
2094,64,0.01596223
2094,65,0.0173821
2094,66,0.01896416
2094,67,0.02075377
2094,68,0.02261526
2094,69,0.02459129
2094,70,0.02676872
2094,71,0.02921567
2094,72,0.03197846
2094,73,0.03510821
2094,74,0.03860801
2094,75,0.04248547
2094,76,0.04686554
2094,77,0.05171803
2094,78,0.05705821
2094,79,0.06295654
2094,80,0.06949055
2094,81,0.07685128
2094,82,0.08503835
2094,83,0.09413187
2094,84,0.10418981
2094,85,0.11524327
2094,86,0.12744103
2094,87,0.14078952
2094,88,0.15542651
2094,89,0.17149319
2094,90,0.18910442
2094,91,0.20843192
2094,92,0.22943278
2094,93,0.25245305
2094,94,0.27789256
2094,95,0.3059057
2094,96,0.33896737
2094,97,0.37543452
2094,98,0.41607519
2094,99,0.46125681
2095,0,0.00856915
2095,1,0.00075316
2095,2,0.00059993
2095,3,0.00048363
2095,4,0.0003961
2095,5,0.00032951
2095,6,0.00027908
2095,7,0.00024236
2095,8,0.0002171
2095,9,0.00020135
2095,10,0.00019411
2095,11,0.00019568
2095,12,0.00020707
2095,13,0.0002289
2095,14,0.00026213
2095,15,0.00030786
2095,16,0.00036427
2095,17,0.00042747
2095,18,0.00049106
2095,19,0.00054728
2095,20,0.00059223
2095,21,0.00062419
2095,22,0.00064653
2095,23,0.00066304
2095,24,0.00067658
2095,25,0.00068975
2095,26,0.00070444
2095,27,0.00072219
2095,28,0.00074298
2095,29,0.00076802
2095,30,0.00079766
2095,31,0.00082904
2095,32,0.00086332
2095,33,0.00090229
2095,34,0.00094746
2095,35,0.00100317
2095,36,0.00107353
2095,37,0.00116204
2095,38,0.00126884
2095,39,0.00139025
2095,40,0.00152273
2095,41,0.00165946
2095,42,0.00179984
2095,43,0.00194896
2095,44,0.00211766
2095,45,0.00232141
2095,46,0.00257242
2095,47,0.00288692
2095,48,0.00327128
2095,49,0.0037239
2095,50,0.00423325
2095,51,0.00476183
2095,52,0.00527298
2095,53,0.00573987
2095,54,0.00615688
2095,55,0.00656537
2095,56,0.00700949
2095,57,0.00756073
2095,58,0.00827419
2095,59,0.00918771
2095,60,0.01031016
2095,61,0.01160741
2095,62,0.01301821
2095,63,0.01438071
2095,64,0.01571668
2095,65,0.01711844
2095,66,0.01868051
2095,67,0.02044643
2095,68,0.02228501
2095,69,0.02423875
2095,70,0.02639603
2095,71,0.02881924
2095,72,0.03155041
2095,73,0.03466017
2095,74,0.03813659
2095,75,0.04198652
2095,76,0.04633808
2095,77,0.05114674
2095,78,0.05644328
2095,79,0.06229707
2095,80,0.06878872
2095,81,0.07610349
2095,82,0.0842304
2095,83,0.09325721
2095,84,0.10323985
2095,85,0.11421026
2095,86,0.12633852
2095,87,0.13958093
2095,88,0.15407859
2095,89,0.1700237
2095,90,0.18752377
2095,91,0.20673898
2095,92,0.22760068
2095,93,0.25044882
2095,94,0.27570161
2095,95,0.30353042
2095,96,0.3363727
2095,97,0.37259126
2095,98,0.4130193
2095,99,0.45796801
2096,0,0.00854347
2096,1,0.00074967
2096,2,0.00059751
2096,3,0.0004819
2096,4,0.0003948
2096,5,0.00032848
2096,6,0.00027821
2096,7,0.00024156
2096,8,0.00021629
2096,9,0.00020053
2096,10,0.00019326
2096,11,0.0001948
2096,12,0.00020612
2096,13,0.00022788
2096,14,0.00026103
2096,15,0.00030669
2096,16,0.00036304
2096,17,0.00042613
2096,18,0.00048959
2096,19,0.00054564
2096,20,0.00059035
2096,21,0.00062203
2096,22,0.00064408
2096,23,0.00066034
2096,24,0.0006737
2096,25,0.00068672
2096,26,0.00070127
2096,27,0.00071886
2096,28,0.0007395
2096,29,0.00076433
2096,30,0.00079366
2096,31,0.00082466
2096,32,0.00085842
2096,33,0.00089671
2096,34,0.00094105
2096,35,0.00099577
2096,36,0.00106495
2096,37,0.00115206
2096,38,0.00125727
2096,39,0.00137702
2096,40,0.00150777
2096,41,0.00164264
2096,42,0.00178094
2096,43,0.00192759
2096,44,0.00209322
2096,45,0.00229307
2096,46,0.0025394
2096,47,0.00284834
2096,48,0.00322632
2096,49,0.00367181
2096,50,0.00417353
2096,51,0.00469432
2096,52,0.00519773
2096,53,0.00565719
2096,54,0.00606674
2096,55,0.00646751
2096,56,0.00690334
2096,57,0.0074443
2096,58,0.0081451
2096,59,0.00904333
2096,60,0.01014753
2096,61,0.01142458
2096,62,0.01281487
2096,63,0.01415972
2096,64,0.01547928
2096,65,0.01686383
2096,66,0.01840674
2096,67,0.02015027
2096,68,0.02196707
2096,69,0.02389943
2096,70,0.0260345
2096,71,0.02843862
2096,72,0.03114528
2096,73,0.03422141
2096,74,0.03767779
2096,75,0.04150511
2096,76,0.04583023
2096,77,0.05061213
2096,78,0.05586681
2096,79,0.06167908
2096,80,0.06812832
2096,81,0.07540352
2096,82,0.08348729
2096,83,0.09245622
2096,84,0.10237502
2096,85,0.1132743
2096,86,0.12532457
2096,87,0.13850565
2096,88,0.15290336
2096,89,0.16871314
2096,90,0.18609836
2096,91,0.20521002
2096,92,0.22597084
2096,93,0.24868629
2096,94,0.27376877
2096,95,0.30141444
2096,96,0.33408173
2096,97,0.37009292
2096,98,0.41028127
2096,99,0.45502415
2097,0,0.008521
2097,1,0.00074653
2097,2,0.00059535
2097,3,0.00048037
2097,4,0.00039364
2097,5,0.00032756
2097,6,0.00027744
2097,7,0.00024084
2097,8,0.00021557
2097,9,0.00019978
2097,10,0.00019248
2097,11,0.00019398
2097,12,0.00020524
2097,13,0.00022693
2097,14,0.00026002
2097,15,0.00030562
2097,16,0.00036191
2097,17,0.00042494
2097,18,0.00048828
2097,19,0.00054415
2097,20,0.00058864
2097,21,0.00062007
2097,22,0.00064185
2097,23,0.00065786
2097,24,0.00067102
2097,25,0.00068391
2097,26,0.00069833
2097,27,0.00071579
2097,28,0.00073627
2097,29,0.0007609
2097,30,0.00078995
2097,31,0.00082054
2097,32,0.0008538
2097,33,0.00089144
2097,34,0.00093498
2097,35,0.00098873
2097,36,0.00105673
2097,37,0.0011425
2097,38,0.0012462
2097,39,0.00136429
2097,40,0.00149334
2097,41,0.00162642
2097,42,0.00176271
2097,43,0.00190695
2097,44,0.00206956
2097,45,0.00226568
2097,46,0.00250743
2097,47,0.00281091
2097,48,0.0031827
2097,49,0.0036212
2097,50,0.00411539
2097,51,0.00462869
2097,52,0.00512453
2097,53,0.0055767
2097,54,0.00597909
2097,55,0.00637214
2097,56,0.0067999
2097,57,0.00733099
2097,58,0.00801949
2097,59,0.00890244
2097,60,0.00998897
2097,61,0.0112467
2097,62,0.01261629
2097,63,0.01394398
2097,64,0.01524806
2097,65,0.01661599
2097,66,0.0181404
2097,67,0.01986201
2097,68,0.02165787
2097,69,0.0235695
2097,70,0.02568276
2097,71,0.02806502
2097,72,0.03075142
2097,73,0.03380075
2097,74,0.0372214
2097,75,0.04102846
2097,76,0.04533106
2097,77,0.05008663
2097,78,0.05531575
2097,79,0.06108629
2097,80,0.06749412
2097,81,0.07472738
2097,82,0.08277213
2097,83,0.09169848
2097,84,0.1015596
2097,85,0.11239644
2097,86,0.12437773
2097,87,0.13748386
2097,88,0.15182583
2097,89,0.16753826
2097,90,0.18478929
2097,91,0.20378967
2097,92,0.22445557
2097,93,0.24707578
2097,94,0.27202691
2097,95,0.2995062
2097,96,0.33200722
2097,97,0.36786443
2097,98,0.40786869
2097,99,0.45240376
2098,0,0.00847977
2098,1,0.00074198
2098,2,0.00059207
2098,3,0.00047794
2098,4,0.00039176
2098,5,0.00032605
2098,6,0.00027617
2098,7,0.00023969
2098,8,0.00021447
2098,9,0.00019867
2098,10,0.00019136
2098,11,0.00019282
2098,12,0.00020399
2098,13,0.00022557
2098,14,0.00025854
2098,15,0.00030399
2098,16,0.00036013
2098,17,0.00042298
2098,18,0.00048611
2098,19,0.00054171
2098,20,0.00058589
2098,21,0.00061702
2098,22,0.0006385
2098,23,0.00065424
2098,24,0.00066717
2098,25,0.00067989
2098,26,0.00069413
2098,27,0.00071144
2098,28,0.00073177
2098,29,0.00075617
2098,30,0.00078491
2098,31,0.00081509
2098,32,0.00084783
2098,33,0.00088482
2098,34,0.00092756
2098,35,0.00098033
2098,36,0.00104711
2098,37,0.00113146
2098,38,0.00123361
2098,39,0.00135001
2098,40,0.00147722
2098,41,0.00160838
2098,42,0.00174256
2098,43,0.00188432
2098,44,0.00204384
2098,45,0.00223615
2098,46,0.00247334
2098,47,0.00277128
2098,48,0.00313674
2098,49,0.0035682
2098,50,0.00405473
2098,51,0.00456033
2098,52,0.00504861
2098,53,0.00549338
2098,54,0.00588846
2098,55,0.00627383
2098,56,0.00669319
2098,57,0.00721425
2098,58,0.00789045
2098,59,0.00875799
2098,60,0.00982625
2098,61,0.01106457
2098,62,0.0124136
2098,63,0.01372286
2098,64,0.01501077
2098,65,0.01636185
2098,66,0.01786712
2098,67,0.01956629
2098,68,0.02134019
2098,69,0.02323007
2098,70,0.02531999
2098,71,0.02767802
2098,72,0.030338
2098,73,0.03336168
2098,74,0.03675032
2098,75,0.0405164
2098,76,0.04479461
2098,77,0.04952323
2098,78,0.05472169
2098,79,0.06046157
2098,80,0.06682065
2098,81,0.07400485
2098,82,0.08199888
2098,83,0.09087713
2098,84,0.10068639
2098,85,0.11145594
2098,86,0.12336507
2098,87,0.13639223
2098,88,0.15064885
2098,89,0.16629609
2098,90,0.18343696
2098,91,0.20228807
2098,92,0.22283318
2098,93,0.24534659
2098,94,0.2701873
2098,95,0.29752227
2098,96,0.3298534
2098,97,0.36553986
2098,98,0.4053841
2098,99,0.44973322
2099,0,0.00846707
2099,1,0.00073994
2099,2,0.00059077
2099,3,0.0004771
2099,4,0.00039115
2099,5,0.00032558
2099,6,0.00027577
2099,7,0.0002393
2099,8,0.00021402
2099,9,0.00019817
2099,10,0.0001908
2099,11,0.00019221
2099,12,0.00020332
2099,13,0.00022485
2099,14,0.00025776
2099,15,0.00030315
2099,16,0.00035925
2099,17,0.00042205
2099,18,0.0004851
2099,19,0.00054056
2099,20,0.00058451
2099,21,0.00061539
2099,22,0.00063663
2099,23,0.00065214
2099,24,0.00066487
2099,25,0.00067741
2099,26,0.0006915
2099,27,0.00070866
2099,28,0.00072884
2099,29,0.00075306
2099,30,0.0007815
2099,31,0.00081131
2099,32,0.00084356
2099,33,0.0008799
2099,34,0.00092187
2099,35,0.00097371
2099,36,0.00103934
2099,37,0.00112235
2099,38,0.00122301
2099,39,0.00133788
2099,40,0.00146346
2099,41,0.00159284
2099,42,0.00172507
2099,43,0.00186452
2099,44,0.00202114
2099,45,0.00220981
2099,46,0.00244262
2099,47,0.00273537
2099,48,0.00309481
2099,49,0.00351957
2099,50,0.00399893
2099,51,0.00449724
2099,52,0.00497831
2099,53,0.00541625
2099,54,0.00580446
2099,55,0.00618257
2099,56,0.00659413
2099,57,0.00710553
2099,58,0.00777012
2099,59,0.0086233
2099,60,0.00967436
2099,61,0.01089385
2099,62,0.01222359
2099,63,0.01351601
2099,64,0.01478807
2099,65,0.01612341
2099,66,0.01761105
2099,67,0.01928891
2099,68,0.02104219
2099,69,0.02291166
2099,70,0.02498016
2099,71,0.02731564
2099,72,0.02995061
2099,73,0.03294626
2099,74,0.03630844
2099,75,0.04004193
2099,76,0.04427782
2099,77,0.04898212
2099,78,0.05415422
2099,79,0.05986344
2099,80,0.06619151
2099,81,0.07332489
2099,82,0.08126708
2099,83,0.0900911
2099,84,0.09984881
2099,85,0.1105633
2099,86,0.12240014
2099,87,0.13534951
2099,88,0.14951991
2099,89,0.16507205
2099,90,0.18213728
2099,91,0.20086141
2099,92,0.22123942
2099,93,0.24360928
2099,94,0.26831261
2099,95,0.29550261
2099,96,0.3276506
2099,97,0.36312092
2099,98,0.40273636
2099,99,0.44685717
