year,age,value
2020,0,17030.0
2020,1,17138.5
2020,2,17328.0
2020,3,17569.5
2020,4,17773.0
2020,5,17823.0
2020,6,17710.0
2020,7,17469.0
2020,8,17193.0
2020,9,17106.0
2020,10,17149.0
2020,11,17151.5
2020,12,17121.0
2020,13,16914.5
2020,14,16507.0
2020,15,16118.500000000002
2020,16,15809.5
2020,17,15522.5
2020,18,15198.0
2020,19,14894.0
2020,20,14794.0
2020,21,14861.0
2020,22,14993.5
2020,23,15211.5
2020,24,15245.0
2020,25,15045.0
2020,26,14948.0
2020,27,14973.0
2020,28,14982.5
2020,29,14888.5
2020,30,14671.0
2020,31,14441.5
2020,32,14255.5
2020,33,14060.5
2020,34,13974.5
2020,35,14209.0
2020,36,14344.5
2020,37,14098.5
2020,38,13730.5
2020,39,13320.5
2020,40,12902.0
2020,41,12479.5
2020,42,11985.5
2020,43,11499.0
2020,44,10913.5
2020,45,10114.0
2020,46,9566.5
2020,47,9458.5
2020,48,9536.5
2020,49,9614.5
2020,50,9624.0
2020,51,9564.0
2020,52,9454.5
2020,53,9384.0
2020,54,9290.0
2020,55,9174.5
2020,56,9069.0
2020,57,8854.0
2020,58,8401.0
2020,59,7944.0
2020,60,7611.5
2020,61,7218.0
2020,62,6773.0
2020,63,6315.0
2020,64,5864.0
2020,65,5430.0
2020,66,5010.0
2020,67,4622.0
2020,68,4236.5
2020,69,3836.5
2020,70,3599.0
2020,71,3440.5
2020,72,3199.0
2020,73,2924.0
2020,74,2610.5
2020,75,2300.0
2020,76,2055.5
2020,77,1854.5
2020,78,1648.5
2020,79,1435.0
2020,80,1236.0
2020,81,1057.5
2020,82,893.5
2020,83,745.5
2020,84,614.0
2020,85,498.5
2020,86,397.0
2020,87,309.5
2020,88,237.5
2020,89,178.5
2020,90,131.5
2020,91,95.5
2020,92,67.5
2020,93,45.5
2020,94,29.0
2020,95,18.0
2020,96,10.5
2020,97,7.0
2020,98,3.0
2020,99,2.0
2021,0,16752.0
2021,1,16839.0
2021,2,17018.0
2021,3,17197.0
2021,4,17422.5
2021,5,17608.0
2021,6,17640.0
2021,7,17514.5
2021,8,17262.5
2021,9,16981.5
2021,10,16895.5
2021,11,16950.0
2021,12,16967.0
2021,13,16950.5
2021,14,16755.5
2021,15,16361.0
2021,16,15979.5
2021,17,15679.5
2021,18,15402.5
2021,19,15084.0
2021,20,14779.5
2021,21,14673.0
2021,22,14734.0
2021,23,14858.0
2021,24,15070.0
2021,25,15097.5
2021,26,14894.5
2021,27,14798.0
2021,28,14822.0
2021,29,14831.5
2021,30,14738.0
2021,31,14517.5
2021,32,14287.5
2021,33,14106.5
2021,34,13918.5
2021,35,13839.5
2021,36,14074.5
2021,37,14210.5
2021,38,13962.5
2021,39,13596.5
2021,40,13193.5
2021,41,12783.5
2021,42,12364.0
2021,43,11870.0
2021,44,11379.0
2021,45,10792.0
2021,46,9994.0
2021,47,9445.5
2021,48,9332.0
2021,49,9401.5
2021,50,9468.0
2021,51,9464.5
2021,52,9395.0
2021,53,9279.5
2021,54,9201.5
2021,55,9098.5
2021,56,8971.5
2021,57,8855.0
2021,58,8630.0
2021,59,8170.999999999999
2021,60,7708.5
2021,61,7365.5
2021,62,6961.0
2021,63,6510.0
2021,64,6054.0
2021,65,5610.0
2021,66,5179.5
2021,67,4760.0
2021,68,4373.5
2021,69,3993.0
2021,70,3601.5
2021,71,3366.0
2021,72,3206.0
2021,73,2968.0
2021,74,2701.5
2021,75,2401.5
2021,76,2103.5
2021,77,1866.5
2021,78,1668.5
2021,79,1468.0
2021,80,1265.5
2021,81,1078.0
2021,82,911.5
2021,83,761.0
2021,84,626.5
2021,85,506.5
2021,86,404.0
2021,87,315.0
2021,88,240.5
2021,89,178.5
2021,90,130.0
2021,91,93.5
2021,92,65.5
2021,93,43.5
2021,94,27.5
2021,95,17.5
2021,96,9.5
2021,97,6.5
2021,98,3.0
2021,99,1.5
2022,0,16508.0
2022,1,16591.5
2022,2,16729.0
2022,3,16908.0
2022,4,17082.0
2022,5,17300.5
2022,6,17478.5
2022,7,17505.0
2022,8,17374.5
2022,9,17121.0
2022,10,16841.0
2022,11,16760.5
2022,12,16822.0
2022,13,16845.5
2022,14,16834.5
2022,15,16645.5
2022,16,16255.500000000002
2022,17,15879.0
2022,18,15583.5
2022,19,15310.5
2022,20,14992.0
2022,21,14685.0
2022,22,14574.5
2022,23,14630.5
2022,24,14751.0
2022,25,14959.0
2022,26,14985.0
2022,27,14782.5
2022,28,14685.0
2022,29,14708.5
2022,30,14717.5
2022,31,14622.5
2022,32,14402.0
2022,33,14174.0
2022,34,13996.0
2022,35,13811.0
2022,36,13730.5
2022,37,13963.0
2022,38,14096.0
2022,39,13848.0
2022,40,13484.5
2022,41,13085.0
2022,42,12675.0
2022,43,12253.5
2022,44,11755.5
2022,45,11261.0
2022,46,10673.0
2022,47,9875.5
2022,48,9323.5
2022,49,9201.5
2022,50,9259.5
2022,51,9311.5
2022,52,9297.5
2022,53,9219.5
2022,54,9097.0
2022,55,9009.0
2022,56,8895.0
2022,57,8757.0
2022,58,8627.5
2022,59,8390.0
2022,60,7923.0
2022,61,7452.0
2022,62,7096.5
2022,63,6685.5
2022,64,6235.0
2022,65,5785.0
2022,66,5345.0
2022,67,4916.5
2022,68,4501.5
2022,69,4119.5
2022,70,3746.5
2022,71,3364.0
2022,72,3128.5
2022,73,2965.0
2022,74,2732.5
2022,75,2475.0
2022,76,2187.0
2022,77,1902.0
2022,78,1672.0
2022,79,1480.5
2022,80,1289.5
2022,81,1098.5
2022,82,925.5
2022,83,772.0
2022,84,635.5
2022,85,513.0
2022,86,407.5
2022,87,317.5
2022,88,242.0
2022,89,179.0
2022,90,129.0
2022,91,91.5
2022,92,63.5
2022,93,42.0
2022,94,26.5
2022,95,17.0
2022,96,9.0
2022,97,6.0
2022,98,2.5
2022,99,1.0
2023,0,16307.500000000002
2023,1,16381.0
2023,2,16495.5
2023,3,16643.5
2023,4,16828.5
2023,5,17006.5
2023,6,17227.0
2023,7,17406.0
2023,8,17434.0
2023,9,17305.0
2023,10,17052.5
2023,11,16773.5
2023,12,16691.5
2023,13,16752.5
2023,14,16775.5
2023,15,16763.0
2023,16,16576.0
2023,17,16186.499999999998
2023,18,15810.0
2023,19,15515.5
2023,20,15243.0
2023,21,14925.5
2023,22,14617.5
2023,23,14506.0
2023,24,14561.5
2023,25,14680.0
2023,26,14887.5
2023,27,14913.5
2023,28,14711.5
2023,29,14613.5
2023,30,14636.0
2023,31,14644.0
2023,32,14549.5
2023,33,14327.5
2023,34,14098.0
2023,35,13919.0
2023,36,13731.5
2023,37,13648.5
2023,38,13876.0
2023,39,14007.0
2023,40,13757.5
2023,41,13392.5
2023,42,12991.0
2023,43,12579.0
2023,44,12154.0
2023,45,11652.5
2023,46,11155.0
2023,47,10564.5
2023,48,9765.5
2023,49,9209.5
2023,50,9079.0
2023,51,9124.0
2023,52,9165.0
2023,53,9141.0
2023,54,9056.0
2023,55,8925.0
2023,56,8828.0
2023,57,8703.0
2023,58,8552.5
2023,59,8408.0
2023,60,8155.5
2023,61,7679.5
2023,62,7200.0
2023,63,6837.5
2023,64,6424.0
2023,65,5977.5
2023,66,5531.0
2023,67,5094.0
2023,68,4670.5
2023,69,4260.5
2023,70,3884.0
2023,71,3516.5
2023,72,3142.0
2023,73,2906.5
2023,74,2740.0
2023,75,2511.5
2023,76,2262.5
2023,77,1985.0
2023,78,1712.5
2023,79,1492.5
2023,80,1308.5
2023,81,1128.0
2023,82,951.0
2023,83,790.0
2023,84,651.0
2023,85,527.0
2023,86,418.5
2023,87,325.5
2023,88,249.0
2023,89,185.5
2023,90,133.5
2023,91,94.0
2023,92,64.5
2023,93,42.5
2023,94,27.5
2023,95,17.0
2023,96,9.0
2023,97,6.0
2023,98,2.5
2023,99,1.0
2024,0,16254.999999999998
2024,1,16185.500000000002
2024,2,16289.000000000002
2024,3,16415.5
2024,4,16571.5
2024,5,16762.5
2024,6,16943.5
2024,7,17167.5
2024,8,17349.5
2024,9,17379.0
2024,10,17251.5
2024,11,17001.5
2024,12,16722.5
2024,13,16641.5
2024,14,16702.5
2024,15,16724.0
2024,16,16709.0
2024,17,16514.5
2024,18,16114.999999999998
2024,19,15728.5
2024,20,15426.0
2024,21,15148.0
2024,22,14827.0
2024,23,14516.5
2024,24,14404.5
2024,25,14458.5
2024,26,14579.5
2024,27,14789.0
2024,28,14819.0
2024,29,14621.0
2024,30,14525.5
2024,31,14550.5
2024,32,14561.5
2024,33,14467.5
2024,34,14247.5
2024,35,14019.5
2024,36,13840.5
2024,37,13653.0
2024,38,13567.0
2024,39,13793.0
2024,40,13921.0
2024,41,13670.0
2024,42,13304.5
2024,43,12901.5
2024,44,12485.5
2024,45,12058.5
2024,46,11552.5
2024,47,11050.5
2024,48,10456.5
2024,49,9654.5
2024,50,9093.5
2024,51,8953.0
2024,52,8987.5
2024,53,9017.5
2024,54,8985.5
2024,55,8892.5
2024,56,8754.5
2024,57,8647.5
2024,58,8510.0
2024,59,8345.0
2024,60,8183.5
2024,61,7915.5
2024,62,7429.0
2024,63,6944.5
2024,64,6576.5
2024,65,6163.5
2024,66,5718.0
2024,67,5274.0
2024,68,4840.5
2024,69,4421.0
2024,70,4017.000000000001
2024,71,3646.5
2024,72,3287.0
2024,73,2921.5
2024,74,2686.5
2024,75,2517.0
2024,76,2298.5
2024,77,2055.0
2024,78,1789.5
2024,79,1530.0
2024,80,1320.5
2024,81,1146.0
2024,82,977.0
2024,83,812.5
2024,84,666.5
2024,85,539.5
2024,86,430.0
2024,87,334.5
2024,88,255.5
2024,89,191.0
2024,90,138.0
2024,91,97.5
2024,92,66.0
2024,93,44.0
2024,94,28.0
2024,95,17.5
2024,96,9.5
2024,97,6.0
2024,98,3.0
2024,99,1.0
2025,0,16204.5
2025,1,16136.500000000002
2025,2,16094.999999999998
2025,3,16212.0
2025,4,16347.999999999998
2025,5,16511.0
2025,6,16707.5
2025,7,16894.5
2025,8,17122.0
2025,9,17306.0
2025,10,17338.0
2025,11,17214.0
2025,12,16965.5
2025,13,16688.5
2025,14,16608.5
2025,15,16668.0
2025,16,16683.0
2025,17,16653.0
2025,18,16437.5
2025,19,16018.0
2025,20,15615.0
2025,21,15301.0
2025,22,15016.0
2025,23,14690.0
2025,24,14378.5
2025,25,14267.0
2025,26,14326.5
2025,27,14451.5
2025,28,14668.5
2025,29,14706.0
2025,30,14514.0
2025,31,14425.5
2025,32,14456.0
2025,33,14471.0
2025,34,14382.0
2025,35,14165.0
2025,36,13939.5
2025,37,13761.0
2025,38,13574.0
2025,39,13488.0
2025,40,13711.0
2025,41,13837.0
2025,42,13585.5
2025,43,13218.5
2025,44,12812.5
2025,45,12395.0
2025,46,11963.0
2025,47,11452.5
2025,48,10944.5
2025,49,10344.5
2025,50,9538.5
2025,51,8972.5
2025,52,8824.0
2025,53,8847.5
2025,54,8868.5
2025,55,8828.5
2025,56,8728.5
2025,57,8582.0
2025,58,8463.5
2025,59,8312.5
2025,60,8131.0
2025,61,7951.0
2025,62,7665.0
2025,63,7172.0
2025,64,6685.0
2025,65,6313.0
2025,66,5898.0
2025,67,5453.5
2025,68,5011.0
2025,69,4581.5
2025,70,4168.0
2025,71,3772.0
2025,72,3409.0
2025,73,3056.5
2025,74,2700.5
2025,75,2466.5
2025,76,2305.0
2025,77,2089.0
2025,78,1852.5
2025,79,1598.5
2025,80,1353.5
2025,81,1156.0
2025,82,992.0
2025,83,834.5
2025,84,685.0
2025,85,552.0
2025,86,440.0
2025,87,343.5
2025,88,262.0
2025,89,195.5
2025,90,142.5
2025,91,101.0
2025,92,68.5
2025,93,45.5
2025,94,28.5
2025,95,18.0
2025,96,10.0
2025,97,6.0
2025,98,3.0
2025,99,1.0
2026,0,16085.5
2026,1,16085.999999999998
2026,2,16045.5
2026,3,16017.499999999998
2026,4,16143.999999999998
2026,5,16286.5
2026,6,16456.0
2026,7,16657.5
2026,8,16847.5
2026,9,17078.0
2026,10,17265.0
2026,11,17300.5
2026,12,17177.5
2026,13,16931.0
2026,14,16655.0
2026,15,16574.0
2026,16,16626.5
2026,17,16626.0
2026,18,16575.0
2026,19,16338.999999999998
2026,20,15902.5
2026,21,15488.5
2026,22,15167.0
2026,23,14877.5
2026,24,14549.5
2026,25,14239.5
2026,26,14133.5
2026,27,14197.5
2026,28,14330.5
2026,29,14554.0
2026,30,14597.5
2026,31,14413.0
2026,32,14329.5
2026,33,14365.5
2026,34,14384.5
2026,35,14298.0
2026,36,14084.5
2026,37,13859.0
2026,38,13682.0
2026,39,13495.0
2026,40,13407.0
2026,41,13628.0
2026,42,13752.5
2026,43,13498.5
2026,44,13129.5
2026,45,12720.5
2026,46,12298.5
2026,47,11860.5
2026,48,11344.0
2026,49,10829.0
2026,50,10222.5
2026,51,9414.0
2026,52,8844.0
2026,53,8687.5
2026,54,8702.5
2026,55,8714.5
2026,56,8666.5
2026,57,8557.5
2026,58,8401.0
2026,59,8269.0
2026,60,8101.5
2026,61,7902.0
2026,62,7701.5
2026,63,7402.5
2026,64,6906.5
2026,65,6419.5
2026,66,6044.0
2026,67,5627.5
2026,68,5183.5
2026,69,4745.5
2026,70,4322.0
2026,71,3916.5
2026,72,3527.5
2026,73,3171.5
2026,74,2827.5
2026,75,2481.0
2026,76,2260.0
2026,77,2096.5
2026,78,1883.5
2026,79,1656.5
2026,80,1415.0
2026,81,1186.0
2026,82,1001.0
2026,83,848.0
2026,84,704.0
2026,85,568.5
2026,86,450.5
2026,87,352.5
2026,88,269.5
2026,89,201.5
2026,90,146.5
2026,91,104.5
2026,92,71.0
2026,93,47.0
2026,94,30.0
2026,95,18.5
2026,96,10.5
2026,97,6.5
2026,98,3.0
2026,99,1.0
2027,0,15994.0
2027,1,15970.0
2027,2,15996.5
2027,3,15969.5
2027,4,15951.0
2027,5,16084.0
2027,6,16233.5
2027,7,16406.5
2027,8,16611.5
2027,9,16805.0
2027,10,17038.5
2027,11,17228.5
2027,12,17264.5
2027,13,17144.0
2027,14,16898.5
2027,15,16621.5
2027,16,16533.0
2027,17,16570.5
2027,18,16549.0
2027,19,16477.5
2027,20,16225.000000000002
2027,21,15778.0
2027,22,15356.5
2027,23,15031.5
2027,24,14739.5
2027,25,14414.0
2027,26,14109.5
2027,27,14008.5
2027,28,14080.0
2027,29,14218.5
2027,30,14448.5
2027,31,14499.0
2027,32,14319.5
2027,33,14242.0
2027,34,14280.5
2027,35,14303.0
2027,36,14219.0
2027,37,14005.5
2027,38,13781.5
2027,39,13604.5
2027,40,13416.0
2027,41,13327.0
2027,42,13546.5
2027,43,13666.5
2027,44,13409.5
2027,45,13037.0
2027,46,12624.0
2027,47,12195.5
2027,48,11751.0
2027,49,11226.5
2027,50,10704.0
2027,51,10092.5
2027,52,9282.0
2027,53,8709.0
2027,54,8547.0
2027,55,8553.0
2027,56,8556.5
2027,57,8499.0
2027,58,8379.0
2027,59,8210.0
2027,60,8061.500000000001
2027,61,7875.5
2027,62,7657.0
2027,63,7441.0
2027,64,7131.5
2027,65,6636.0
2027,66,6149.0
2027,67,5769.5
2027,68,5352.0
2027,69,4912.0
2027,70,4480.0
2027,71,4063.0
2027,72,3664.5
2027,73,3284.5
2027,74,2936.0
2027,75,2599.5
2027,76,2275.0
2027,77,2057.0
2027,78,1891.5
2027,79,1685.5
2027,80,1468.0
2027,81,1241.5
2027,82,1028.0
2027,83,857.0
2027,84,716.0
2027,85,585.5
2027,86,464.5
2027,87,362.0
2027,88,277.0
2027,89,207.5
2027,90,151.0
2027,91,107.0
2027,92,73.5
2027,93,49.0
2027,94,31.5
2027,95,19.5
2027,96,11.0
2027,97,7.0
2027,98,3.0
2027,99,1.5
2028,0,15919.0
2028,1,15883.0
2028,2,15884.5
2028,3,15924.0
2028,4,15905.5
2028,5,15893.5
2028,6,16033.000000000002
2028,7,16185.500000000002
2028,8,16363.0
2028,9,16571.5
2028,10,16767.5
2028,11,17003.5
2028,12,17194.0
2028,13,17233.0
2028,14,17113.0
2028,15,16865.5
2028,16,16582.0
2028,17,16479.5
2028,18,16496.0
2028,19,16454.5
2028,20,16367.5
2028,21,16104.500000000002
2028,22,15650.5
2028,23,15225.5
2028,24,14899.5
2028,25,14610.0
2028,26,14289.0
2028,27,13990.0
2028,28,13896.0
2028,29,13973.0
2028,30,14119.0
2028,31,14355.0
2028,32,14410.0
2028,33,14236.0
2028,34,14161.0
2028,35,14203.0
2028,36,14226.5
2028,37,14143.0
2028,38,13930.5
2028,39,13706.0
2028,40,13527.5
2028,41,13338.0
2028,42,13248.5
2028,43,13463.0
2028,44,13578.5
2028,45,13318.0
2028,46,12940.5
2028,47,12521.5
2028,48,12085.5
2028,49,11632.5
2028,50,11100.5
2028,51,10571.0
2028,52,9954.0
2028,53,9143.0
2028,54,8570.5
2028,55,8402.5
2028,56,8400.0
2028,57,8393.0
2028,58,8324.0
2028,59,8191.5
2028,60,8006.0
2028,61,7839.0
2028,62,7634.0
2028,63,7401.0
2028,64,7172.0
2028,65,6856.0
2028,66,6359.5
2028,67,5872.5
2028,68,5490.5
2028,69,5075.0
2028,70,4640.0
2028,71,4214.0
2028,72,3805.0
2028,73,3415.0
2028,74,3043.0
2028,75,2701.5
2028,76,2385.5
2028,77,2072.0
2028,78,1858.0
2028,79,1693.5
2028,80,1495.5
2028,81,1289.0
2028,82,1077.5
2028,83,881.0
2028,84,724.0
2028,85,596.0
2028,86,479.0
2028,87,373.0
2028,88,285.0
2028,89,213.5
2028,90,156.0
2028,91,110.5
2028,92,76.5
2028,93,51.0
2028,94,32.5
2028,95,20.5
2028,96,11.5
2028,97,7.0
2028,98,3.0
2028,99,2.0
2029,0,15851.0
2029,1,15809.5
2029,2,15799.0
2029,3,15812.0
2029,4,15860.0
2029,5,15848.5
2029,6,15843.0
2029,7,15985.5
2029,8,16143.0
2029,9,16323.5
2029,10,16534.0
2029,11,16732.5
2029,12,16969.5
2029,13,17162.0
2029,14,17202.0
2029,15,17080.0
2029,16,16827.0
2029,17,16528.5
2029,18,16405.0
2029,19,16402.0
2029,20,16345.500000000002
2029,21,16247.0
2029,22,15977.5
2029,23,15519.5
2029,24,15094.5
2029,25,14770.5
2029,26,14485.5
2029,27,14170.5
2029,28,13878.5
2029,29,13791.0
2029,30,13875.5
2029,31,14027.0
2029,32,14267.0
2029,33,14327.0
2029,34,14156.0
2029,35,14084.0
2029,36,14127.5
2029,37,14152.0
2029,38,14069.0
2029,39,13855.0
2029,40,13629.5
2029,41,13450.5
2029,42,13260.0
2029,43,13167.0
2029,44,13377.5
2029,45,13487.5
2029,46,13221.0
2029,47,12837.0
2029,48,12410.0
2029,49,11966.0
2029,50,11504.5
2029,51,10964.5
2029,52,10428.0
2029,53,9808.5
2029,54,8999.5
2029,55,8427.5
2029,56,8253.5
2029,57,8241.0
2029,58,8222.5
2029,59,8139.5
2029,60,7989.5
2029,61,7787.5
2029,62,7601.0
2029,63,7381.0
2029,64,7136.5
2029,65,6897.0
2029,66,6573.5
2029,67,6077.0
2029,68,5591.5
2029,69,5208.5
2029,70,4796.5
2029,71,4367.5
2029,72,3949.0
2029,73,3548.0
2029,74,3165.5
2029,75,2802.0
2029,76,2480.5
2029,77,2174.0
2029,78,1873.5
2029,79,1665.0
2029,80,1504.5
2029,81,1314.0
2029,82,1120.0
2029,83,924.5
2029,84,745.0
2029,85,603.5
2029,86,488.0
2029,87,385.0
2029,88,294.0
2029,89,220.0
2029,90,160.5
2029,91,114.5
2029,92,79.0
2029,93,52.5
2029,94,33.5
2029,95,21.5
2029,96,12.0
2029,97,7.0
2029,98,3.0
2029,99,2.0
2030,0,15786.0
2030,1,15743.0
2030,2,15726.5
2030,3,15727.0
2030,4,15749.5
2030,5,15804.5
2030,6,15799.0
2030,7,15796.5
2030,8,15944.0
2030,9,16103.5
2030,10,16286.5
2030,11,16499.5
2030,12,16699.5
2030,13,16937.5
2030,14,17132.0
2030,15,17169.5
2030,16,17042.0
2030,17,16773.0
2030,18,16455.5
2030,19,16312.5
2030,20,16294.0
2030,21,16226.0
2030,22,16122.0
2030,23,15848.0
2030,24,15390.5
2030,25,14968.0
2030,26,14648.0
2030,27,14369.0
2030,28,14061.5
2030,29,13776.0
2030,30,13695.0
2030,31,13785.0
2030,32,13941.0
2030,33,14186.0
2030,34,14248.0
2030,35,14080.5
2030,36,14010.5
2030,37,14054.5
2030,38,14078.5
2030,39,13994.0
2030,40,13780.0
2030,41,13554.5
2030,42,13373.0
2030,43,13180.0
2030,44,13084.5
2030,45,13289.0
2030,46,13391.0
2030,47,13117.0
2030,48,12725.5
2030,49,12289.5
2030,50,11836.5
2030,51,11366.0
2030,52,10819.0
2030,53,10279.0
2030,54,9657.0
2030,55,8852.5
2030,56,8280.0
2030,57,8099.500000000001
2030,58,8075.5
2030,59,8041.499999999999
2030,60,7941.0
2030,61,7773.5
2030,62,7554.0
2030,63,7351.5
2030,64,7120.0
2030,65,6865.0
2030,66,6616.5
2030,67,6285.0
2030,68,5789.0
2030,69,5307.0
2030,70,4926.0
2030,71,4517.5
2030,72,4096.0
2030,73,3685.0
2030,74,3291.0
2030,75,2917.5
2030,76,2574.0
2030,77,2261.5
2030,78,1966.5
2030,79,1680.0
2030,80,1480.0
2030,81,1323.0
2030,82,1143.5
2030,83,962.0
2030,84,783.0
2030,85,622.0
2030,86,494.5
2030,87,393.5
2030,88,304.0
2030,89,227.0
2030,90,165.5
2030,91,118.0
2030,92,82.0
2030,93,54.0
2030,94,35.0
2030,95,22.0
2030,96,12.5
2030,97,7.5
2030,98,3.5
2030,99,2.0
2031,0,15718.5
2031,1,15677.0
2031,2,15659.0
2031,3,15653.5
2031,4,15664.0
2031,5,15693.0
2031,6,15753.5
2031,7,15751.5
2031,8,15754.0
2031,9,15903.5
2031,10,16066.500000000002
2031,11,16251.000000000002
2031,12,16466.0
2031,13,16667.0
2031,14,16907.0
2031,15,17099.0
2031,16,17130.0
2031,17,16987.0
2031,18,16699.5
2031,19,16361.0
2031,20,16202.5
2031,21,16172.5
2031,22,16098.500000000002
2031,23,15989.5
2031,24,15716.0
2031,25,15260.5
2031,26,14842.0
2031,27,14528.5
2031,28,14257.0
2031,29,13956.0
2031,30,13677.5
2031,31,13602.5
2031,32,13697.5
2031,33,13858.5
2031,34,14105.5
2031,35,14171.5
2031,36,14006.0
2031,37,13936.5
2031,38,13980.0
2031,39,14003.5
2031,40,13918.5
2031,41,13703.5
2031,42,13476.0
2031,43,13293.5
2031,44,13098.0
2031,45,12998.0
2031,46,13194.0
2031,47,13286.5
2031,48,13005.0
2031,49,12603.0
2031,50,12158.0
2031,51,11695.5
2031,52,11217.0
2031,53,10666.0
2031,54,10122.5
2031,55,9501.0
2031,56,8699.0
2031,57,8127.000000000001
2031,58,7937.5
2031,59,7899.0
2031,60,7847.0
2031,61,7728.0
2031,62,7542.5
2031,63,7308.0
2031,64,7093.0
2031,65,6851.5
2031,66,6588.0
2031,67,6328.5
2031,68,5989.5
2031,69,5497.0
2031,70,5021.5
2031,71,4642.0
2031,72,4239.0
2031,73,3824.0
2031,74,3421.0
2031,75,3036.0
2031,76,2682.0
2031,77,2348.5
2031,78,2047.0
2031,79,1765.0
2031,80,1494.0
2031,81,1303.0
2031,82,1152.0
2031,83,982.5
2031,84,815.5
2031,85,654.0
2031,86,510.0
2031,87,399.0
2031,88,311.0
2031,89,235.0
2031,90,171.5
2031,91,122.5
2031,92,85.0
2031,93,56.5
2031,94,36.5
2031,95,22.5
2031,96,13.0
2031,97,8.0
2031,98,4.0
2031,99,2.0
2032,0,15655.0
2032,1,15609.5
2032,2,15592.0
2032,3,15585.5
2032,4,15589.5
2032,5,15606.0
2032,6,15641.0
2032,7,15705.5
2032,8,15708.0
2032,9,15713.0
2032,10,15866.0
2032,11,16030.000000000002
2032,12,16216.999999999998
2032,13,16433.5
2032,14,16635.5
2032,15,16874.0
2032,16,17059.0
2032,17,17075.0
2032,18,16911.5
2032,19,16603.5
2032,20,16249.500000000002
2032,21,16079.0
2032,22,16042.5
2032,23,15964.0
2032,24,15855.0
2032,25,15582.5
2032,26,15132.0
2032,27,14720.0
2032,28,14414.0
2032,29,14149.0
2032,30,13855.5
2032,31,13583.0
2032,32,13513.5
2032,33,13613.5
2032,34,13778.0
2032,35,14028.0
2032,36,14095.5
2032,37,13931.0
2032,38,13862.0
2032,39,13905.5
2032,40,13927.0
2032,41,13840.5
2032,42,13625.0
2032,43,13396.0
2032,44,13210.5
2032,45,13011.5
2032,46,12905.0
2032,47,13091.0
2032,48,13173.5
2032,49,12880.5
2032,50,12469.5
2032,51,12014.5
2032,52,11544.5
2032,53,11060.0
2032,54,10506.0
2032,55,9960.5
2032,56,9339.0
2032,57,8540.0
2032,58,7966.0
2032,59,7765.0
2032,60,7709.0
2032,61,7638.5
2032,62,7500.5
2032,63,7299.0
2032,64,7052.5
2032,65,6828.0
2032,66,6577.0
2032,67,6304.0
2032,68,6033.5
2032,69,5690.0
2032,70,5204.0
2032,71,4734.5
2032,72,4357.0
2032,73,3959.5
2032,74,3552.0
2032,75,3157.5
2032,76,2792.5
2032,77,2449.0
2032,78,2127.5
2032,79,1839.0
2032,80,1571.0
2032,81,1317.0
2032,82,1135.0
2032,83,991.0
2032,84,834.0
2032,85,682.0
2032,86,537.5
2032,87,412.0
2032,88,316.0
2032,89,241.0
2032,90,178.5
2032,91,127.0
2032,92,88.0
2032,93,59.0
2032,94,38.0
2032,95,23.5
2032,96,14.0
2032,97,8.5
2032,98,4.0
2032,99,2.0
2033,0,15596.5
2033,1,15547.5
2033,2,15525.5
2033,3,15519.5
2033,4,15522.0
2033,5,15532.0
2033,6,15554.5
2033,7,15593.5
2033,8,15662.0
2033,9,15668.0
2033,10,15676.0
2033,11,15830.0
2033,12,15997.0
2033,13,16185.500000000002
2033,14,16402.5
2033,15,16603.5
2033,16,16834.5
2033,17,17004.5
2033,18,17000.5
2033,19,16817.0
2033,20,16493.0
2033,21,16128.0
2033,22,15951.0
2033,23,15910.5
2033,24,15831.5
2033,25,15723.5
2033,26,15456.0
2033,27,15011.5
2033,28,14607.5
2033,29,14307.5
2033,30,14050.0
2033,31,13762.5
2033,32,13496.0
2033,33,13431.5
2033,34,13535.5
2033,35,13702.0
2033,36,13953.5
2033,37,14022.0
2033,38,13858.0
2033,39,13789.0
2033,40,13830.0
2033,41,13850.5
2033,42,13763.0
2033,43,13544.5
2033,44,13314.0
2033,45,13124.5
2033,46,12919.5
2033,47,12805.5
2033,48,12980.5
2033,49,13049.5
2033,50,12746.5
2033,51,12325.0
2033,52,11862.0
2033,53,11385.0
2033,54,10896.5
2033,55,10340.5
2033,56,9793.5
2033,57,9171.5
2033,58,8374.0
2033,59,7794.0
2033,60,7580.5
2033,61,7506.0
2033,62,7416.0
2033,63,7260.0
2033,64,7047.0
2033,65,6792.0
2033,66,6557.5
2033,67,6296.0
2033,68,6013.0
2033,69,5735.0
2033,70,5390.0
2033,71,4909.5
2033,72,4447.0
2033,73,4073.000000000001
2033,74,3680.0
2033,75,3280.5
2033,76,2906.0
2033,77,2551.5
2033,78,2220.0
2033,79,1912.5
2033,80,1638.0
2033,81,1385.5
2033,82,1148.0
2033,83,977.5
2033,84,842.0
2033,85,698.0
2033,86,561.5
2033,87,434.5
2033,88,327.0
2033,89,245.0
2033,90,183.0
2033,91,131.5
2033,92,91.5
2033,93,61.0
2033,94,40.0
2033,95,24.5
2033,96,15.5
2033,97,9.0
2033,98,4.0
2033,99,2.0
2034,0,15541.5
2034,1,15490.5
2034,2,15464.5
2034,3,15453.0
2034,4,15456.0
2034,5,15464.5
2034,6,15481.0
2034,7,15507.5
2034,8,15550.5
2034,9,15623.0
2034,10,15631.5
2034,11,15640.5
2034,12,15797.5
2034,13,15965.5
2034,14,16155.000000000002
2034,15,16370.5
2034,16,16564.5
2034,17,16780.5
2034,18,16931.0
2034,19,16906.0
2034,20,16707.0
2034,21,16372.0
2034,22,16000.0
2034,23,15820.0
2034,24,15778.5
2034,25,15701.5
2034,26,15598.5
2034,27,15336.5
2034,28,14900.0
2034,29,14502.0
2034,30,14209.5
2034,31,13958.0
2034,32,13676.5
2034,33,13414.5
2034,34,13354.5
2034,35,13461.0
2034,36,13629.5
2034,37,13881.5
2034,38,13949.5
2034,39,13785.5
2034,40,13715.5
2034,41,13755.0
2034,42,13774.0
2034,43,13683.5
2034,44,13463.5
2034,45,13228.0
2034,46,13033.0
2034,47,12821.5
2034,48,12698.5
2034,49,12860.5
2034,50,12916.0
2034,51,12601.0
2034,52,12170.0
2034,53,11701.0
2034,54,11219.5
2034,55,10727.5
2034,56,10170.0
2034,57,9621.0
2034,58,8995.5
2034,59,8196.5
2034,60,7611.5
2034,61,7383.0
2034,62,7289.5
2034,63,7180.0
2034,64,7012.5
2034,65,6788.5
2034,66,6525.0
2034,67,6279.5
2034,68,6008.0
2034,69,5718.5
2034,70,5435.0
2034,71,5088.0
2034,72,4614.5
2034,73,4159.5
2034,74,3788.5
2034,75,3402.0
2034,76,3021.5
2034,77,2657.0
2034,78,2314.5
2034,79,1997.5
2034,80,1704.5
2034,81,1445.5
2034,82,1209.0
2034,83,990.0
2034,84,832.0
2034,85,705.5
2034,86,575.0
2034,87,454.0
2034,88,345.5
2034,89,254.0
2034,90,186.0
2034,91,135.0
2034,92,95.0
2034,93,64.0
2034,94,41.5
2034,95,25.5
2034,96,16.0
2034,97,9.0
2034,98,4.5
2034,99,2.0
2035,0,15489.5
2035,1,15437.5
2035,2,15408.5
2035,3,15393.0
2035,4,15391.0
2035,5,15400.0
2035,6,15415.0
2035,7,15435.5
2035,8,15465.5
2035,9,15512.5
2035,10,15586.5
2035,11,15596.5
2035,12,15608.5
2035,13,15766.5
2035,14,15935.5
2035,15,16123.5
2035,16,16332.5
2035,17,16512.0
2035,18,16707.5
2035,19,16837.5
2035,20,16796.5
2035,21,16586.5
2035,22,16245.000000000002
2035,23,15871.0
2035,24,15690.0
2035,25,15651.5
2035,26,15578.5
2035,27,15481.0
2035,28,15226.5
2035,29,14796.5
2035,30,14405.0
2035,31,14119.0
2035,32,13873.5
2035,33,13596.0
2035,34,13339.5
2035,35,13282.0
2035,36,13390.0
2035,37,13558.5
2035,38,13810.5
2035,39,13878.5
2035,40,13713.5
2035,41,13641.5
2035,42,13680.5
2035,43,13696.0
2035,44,13602.5
2035,45,13378.0
2035,46,13137.5
2035,47,12935.5
2035,48,12715.5
2035,49,12582.0
2035,50,12730.0
2035,51,12770.5
2035,52,12445.0
2035,53,12008.0
2035,54,11533.5
2035,55,11048.0
2035,56,10553.5
2035,57,9993.0
2035,58,9438.5
2035,59,8809.0
2035,60,8007.0
2035,61,7416.0
2035,62,7172.0
2035,63,7060.0
2035,64,6937.5
2035,65,6757.5
2035,66,6524.0
2035,67,6251.5
2035,68,5995.5
2035,69,5717.0
2035,70,5422.0
2035,71,5134.0
2035,72,4785.0
2035,73,4319.5
2035,74,3872.0
2035,75,3504.5
2035,76,3135.0
2035,77,2765.0
2035,78,2412.0
2035,79,2084.5
2035,80,1781.5
2035,81,1505.5
2035,82,1263.0
2035,83,1044.0
2035,84,844.0
2035,85,697.5
2035,86,582.0
2035,87,466.0
2035,88,361.5
2035,89,269.5
2035,90,193.5
2035,91,138.0
2035,92,98.0
2035,93,67.0
2035,94,43.0
2035,95,26.5
2035,96,16.5
2035,97,9.5
2035,98,5.0
2035,99,2.0
2036,0,15439.5
2036,1,15387.0
2036,2,15357.0
2036,3,15339.0
2036,4,15333.0
2036,5,15336.5
2036,6,15351.5
2036,7,15370.5
2036,8,15394.0
2036,9,15428.0
2036,10,15476.0
2036,11,15552.0
2036,12,15564.5
2036,13,15578.0
2036,14,15737.5
2036,15,15905.0
2036,16,16086.5
2036,17,16280.999999999998
2036,18,16439.5
2036,19,16615.5
2036,20,16729.0
2036,21,16678.5
2036,22,16462.5
2036,23,16117.999999999998
2036,24,15743.5
2036,25,15565.5
2036,26,15530.5
2036,27,15463.5
2036,28,15372.5
2036,29,15125.0
2036,30,14701.0
2036,31,14316.5
2036,32,14036.0
2036,33,13794.5
2036,34,13522.5
2036,35,13268.0
2036,36,13212.0
2036,37,13321.0
2036,38,13490.5
2036,39,13741.5
2036,40,13807.5
2036,41,13641.0
2036,42,13568.5
2036,43,13604.0
2036,44,13616.0
2036,45,13518.0
2036,46,13288.5
2036,47,13041.0
2036,48,12830.5
2036,49,12600.5
2036,50,12455.5
2036,51,12589.0
2036,52,12615.0
2036,53,12281.5
2036,54,11838.5
2036,55,11359.5
2036,56,10871.0
2036,57,10372.0
2036,58,9806.5
2036,59,9246.0
2036,60,8608.0
2036,61,7804.0
2036,62,7206.0
2036,63,6948.5
2036,64,6824.0
2036,65,6688.5
2036,66,6496.5
2036,67,6253.5
2036,68,5971.5
2036,69,5707.5
2036,70,5423.5
2036,71,5125.0
2036,72,4831.5
2036,73,4482.5
2036,74,4023.500000000001
2036,75,3584.0
2036,76,3232.0
2036,77,2871.0
2036,78,2512.0
2036,79,2173.5
2036,80,1860.5
2036,81,1574.5
2036,82,1317.0
2036,83,1091.0
2036,84,890.0
2036,85,708.0
2036,86,577.0
2036,87,472.5
2036,88,371.5
2036,89,282.5
2036,90,205.5
2036,91,144.0
2036,92,100.0
2036,93,69.0
2036,94,45.5
2036,95,28.5
2036,96,17.5
2036,97,10.0
2036,98,5.0
2036,99,2.5
2037,0,15388.5
2037,1,15340.5
2037,2,15310.0
2037,3,15291.0
2037,4,15281.0
2037,5,15280.5
2037,6,15289.5
2037,7,15308.0
2037,8,15330.5
2037,9,15357.5
2037,10,15393.0
2037,11,15443.5
2037,12,15521.5
2037,13,15535.5
2037,14,15550.5
2037,15,15708.0
2037,16,15869.0
2037,17,16035.499999999998
2037,18,16210.5
2037,19,16350.000000000002
2037,20,16510.5
2037,21,16614.5
2037,22,16557.5
2037,23,16338.5
2037,24,15994.5
2037,25,15623.0
2037,26,15449.5
2037,27,15420.5
2037,28,15359.5
2037,29,15275.0
2037,30,15033.0
2037,31,14616.0
2037,32,14236.5
2037,33,13960.0
2037,34,13723.0
2037,35,13453.0
2037,36,13200.5
2037,37,13147.0
2037,38,13255.5
2037,39,13424.0
2037,40,13673.5
2037,41,13737.0
2037,42,13569.5
2037,43,13494.5
2037,44,13526.0
2037,45,13533.5
2037,46,13430.0
2037,47,13193.0
2037,48,12937.5
2037,49,12717.0
2037,50,12476.5
2037,51,12320.0
2037,52,12438.0
2037,53,12452.0
2037,54,12110.5
2037,55,11663.0
2037,56,11180.5
2037,57,10687.0
2037,58,10182.0
2037,59,9609.5
2037,60,9038.0
2037,61,8393.0
2037,62,7586.5
2037,63,6984.5
2037,64,6719.0
2037,65,6581.5
2037,66,6432.5
2037,67,6229.5
2037,68,5975.5
2037,69,5687.0
2037,70,5417.0
2037,71,5128.5
2037,72,4825.5
2037,73,4528.0
2037,74,4178.0
2037,75,3728.0
2037,76,3308.0
2037,77,2961.0
2037,78,2610.5
2037,79,2264.5
2037,80,1942.0
2037,81,1646.0
2037,82,1379.0
2037,83,1138.0
2037,84,930.5
2037,85,748.0
2037,86,586.0
2037,87,468.5
2037,88,377.0
2037,89,290.0
2037,90,216.0
2037,91,152.5
2037,92,104.0
2037,93,70.5
2037,94,47.0
2037,95,30.5
2037,96,18.0
2037,97,10.5
2037,98,5.0
2037,99,3.0
2038,0,15332.5
2038,1,15291.0
2038,2,15265.5
2038,3,15245.0
2038,4,15233.0
2038,5,15230.0
2038,6,15233.5
2038,7,15246.5
2038,8,15269.0
2038,9,15294.5
2038,10,15323.5
2038,11,15361.5
2038,12,15413.5
2038,13,15493.5
2038,14,15508.5
2038,15,15521.0
2038,16,15672.0
2038,17,15818.5
2038,18,15966.5
2038,19,16122.0
2038,20,16246.500000000002
2038,21,16397.0
2038,22,16494.5
2038,23,16435.5
2038,24,16216.5
2038,25,15876.0
2038,26,15509.0
2038,27,15341.5
2038,28,15318.5
2038,29,15264.0
2038,30,15184.5
2038,31,14949.5
2038,32,14537.0
2038,33,14162.0
2038,34,13890.0
2038,35,13655.0
2038,36,13387.0
2038,37,13137.0
2038,38,13082.0
2038,39,13191.0
2038,40,13358.0
2038,41,13603.5
2038,42,13666.0
2038,43,13496.5
2038,44,13418.5
2038,45,13445.5
2038,46,13446.5
2038,47,13335.0
2038,48,13090.0
2038,49,12825.0
2038,50,12593.5
2038,51,12341.5
2038,52,12174.0
2038,53,12278.5
2038,54,12281.0
2038,55,11934.0
2038,56,11481.5
2038,57,10994.0
2038,58,10494.0
2038,59,9979.5
2038,60,9396.5
2038,61,8815.5
2038,62,8163.0
2038,63,7356.5
2038,64,6756.0
2038,65,6482.5
2038,66,6332.5
2038,67,6170.0
2038,68,5955.5
2038,69,5693.5
2038,70,5400.0
2038,71,5124.0
2038,72,4831.0
2038,73,4525.0
2038,74,4223.5
2038,75,3874.0
2038,76,3442.0
2038,77,3032.0
2038,78,2694.0
2038,79,2354.5
2038,80,2025.5
2038,81,1719.5
2038,82,1442.5
2038,83,1192.5
2038,84,971.5
2038,85,783.5
2038,86,619.0
2038,87,477.0
2038,88,374.0
2038,89,294.5
2038,90,222.0
2038,91,160.5
2038,92,110.5
2038,93,73.5
2038,94,48.0
2038,95,31.0
2038,96,18.5
2038,97,11.0
2038,98,5.5
2038,99,3.0
2039,0,15264.5
2039,1,15235.5
2039,2,15216.0
2039,3,15199.5
2039,4,15187.0
2039,5,15182.0
2039,6,15182.0
2039,7,15191.0
2039,8,15207.0
2039,9,15233.0
2039,10,15260.5
2039,11,15291.5
2039,12,15331.0
2039,13,15385.5
2039,14,15466.0
2039,15,15478.5
2039,16,15485.0
2039,17,15622.5
2039,18,15749.0
2039,19,15877.5
2039,20,16018.0
2039,21,16132.5
2039,22,16277.000000000002
2039,23,16372.499999999998
2039,24,16312.5
2039,25,16097.5
2039,26,15761.5
2039,27,15400.0
2039,28,15239.0
2039,29,15222.5
2039,30,15173.5
2039,31,15100.5
2039,32,14869.5
2039,33,14462.0
2039,34,14091.5
2039,35,13821.5
2039,36,13588.5
2039,37,13322.5
2039,38,13072.5
2039,39,13018.0
2039,40,13125.5
2039,41,13289.0
2039,42,13534.0
2039,43,13593.5
2039,44,13421.5
2039,45,13339.0
2039,46,13359.5
2039,47,13352.5
2039,48,13232.0
2039,49,12977.5
2039,50,12701.5
2039,51,12458.5
2039,52,12197.0
2039,53,12019.0
2039,54,12112.0
2039,55,12104.0
2039,56,11750.0
2039,57,11292.5
2039,58,10797.0
2039,59,10287.0
2039,60,9761.5
2039,61,9167.5
2039,62,8576.5
2039,63,7918.5
2039,64,7118.5
2039,65,6520.5
2039,66,6239.0
2039,67,6076.0
2039,68,5901.5
2039,69,5676.5
2039,70,5408.5
2039,71,5110.5
2039,72,4830.0
2039,73,4532.5
2039,74,4223.0
2039,75,3918.0
2039,76,3578.5
2039,77,3157.0
2039,78,2760.5
2039,79,2432.0
2039,80,2107.5
2039,81,1794.5
2039,82,1507.5
2039,83,1248.5
2039,84,1019.0
2039,85,819.0
2039,86,649.0
2039,87,504.5
2039,88,381.5
2039,89,293.0
2039,90,225.5
2039,91,166.0
2039,92,116.5
2039,93,78.5
2039,94,50.5
2039,95,31.5
2039,96,19.5
2039,97,11.5
2039,98,6.0
2039,99,3.0
2040,0,15179.0
2040,1,15169.5
2040,2,15160.5
2040,3,15151.0
2040,4,15142.5
2040,5,15136.0
2040,6,15134.5
2040,7,15140.5
2040,8,15151.5
2040,9,15171.5
2040,10,15199.0
2040,11,15228.5
2040,12,15262.0
2040,13,15303.0
2040,14,15357.5
2040,15,15436.5
2040,16,15443.5
2040,17,15436.0
2040,18,15553.0
2040,19,15661.0
2040,20,15774.5
2040,21,15905.0
2040,22,16013.5
2040,23,16155.5
2040,24,16250.499999999998
2040,25,16194.500000000002
2040,26,15984.0
2040,27,15653.0
2040,28,15299.0
2040,29,15144.0
2040,30,15133.0
2040,31,15090.0
2040,32,15021.5
2040,33,14795.0
2040,34,14391.5
2040,35,14023.5
2040,36,13755.5
2040,37,13524.5
2040,38,13259.0
2040,39,13008.5
2040,40,12954.0
2040,41,13058.5
2040,42,13222.0
2040,43,13463.0
2040,44,13518.5
2040,45,13343.0
2040,46,13254.5
2040,47,13267.5
2040,48,13250.5
2040,49,13119.5
2040,50,12854.5
2040,51,12567.5
2040,52,12314.5
2040,53,12044.0
2040,54,11857.0
2040,55,11939.0
2040,56,11920.0
2040,57,11559.5
2040,58,11092.5
2040,59,10587.0
2040,60,10065.5
2040,61,9526.5
2040,62,8922.0
2040,63,8323.0
2040,64,7666.0
2040,65,6872.5
2040,66,6278.0
2040,67,5989.0
2040,68,5814.0
2040,69,5627.5
2040,70,5395.0
2040,71,5121.5
2040,72,4819.5
2040,73,4533.0
2040,74,4232.5
2040,75,3920.5
2040,76,3622.0
2040,77,3285.0
2040,78,2877.0
2040,79,2494.5
2040,80,2178.5
2040,81,1869.5
2040,82,1574.5
2040,83,1306.5
2040,84,1068.0
2040,85,859.0
2040,86,679.0
2040,87,529.5
2040,88,404.0
2040,89,299.0
2040,90,225.0
2040,91,168.5
2040,92,120.5
2040,93,82.5
2040,94,54.0
2040,95,33.0
2040,96,20.0
2040,97,12.0
2040,98,6.0
2040,99,3.0
2041,0,15080.5
2041,1,15088.5
2041,2,15098.0
2041,3,15099.5
2041,4,15097.0
2041,5,15094.0
2041,6,15091.5
2041,7,15095.0
2041,8,15103.5
2041,9,15118.0
2041,10,15139.5
2041,11,15169.0
2041,12,15200.5
2041,13,15235.0
2041,14,15276.5
2041,15,15330.5
2041,16,15403.5
2041,17,15396.0
2041,18,15370.0
2041,19,15469.0
2041,20,15562.5
2041,21,15666.5
2041,22,15791.0
2041,23,15897.5
2041,24,16041.0
2041,25,16139.500000000002
2041,26,16087.499999999998
2041,27,15882.5
2041,28,15558.5
2041,29,15210.0
2041,30,15060.5
2041,31,15055.0
2041,32,15016.0
2041,33,14951.0
2041,34,14728.5
2041,35,14327.0
2041,36,13961.0
2041,37,13694.5
2041,38,13463.5
2041,39,13197.5
2041,40,12948.0
2041,41,12891.0
2041,42,12994.5
2041,43,13154.0
2041,44,13390.5
2041,45,13441.5
2041,46,13260.5
2041,47,13165.0
2041,48,13168.0
2041,49,13140.5
2041,50,12998.0
2041,51,12721.5
2041,52,12424.5
2041,53,12162.5
2041,54,11884.0
2041,55,11690.5
2041,56,11761.0
2041,57,11729.0
2041,58,11358.0
2041,59,10880.5
2041,60,10362.5
2041,61,9827.0
2041,62,9275.0
2041,63,8662.5
2041,64,8061.500000000001
2041,65,7404.5
2041,66,6621.5
2041,67,6029.0
2041,68,5733.0
2041,69,5546.5
2041,70,5351.0
2041,71,5111.0
2041,72,4832.5
2041,73,4526.5
2041,74,4236.5
2041,75,3932.5
2041,76,3626.5
2041,77,3328.0
2041,78,2995.5
2041,79,2601.5
2041,80,2236.0
2041,81,1934.0
2041,82,1641.5
2041,83,1366.0
2041,84,1118.5
2041,85,901.0
2041,86,713.5
2041,87,555.0
2041,88,424.0
2041,89,317.5
2041,90,229.5
2041,91,168.0
2041,92,123.0
2041,93,85.5
2041,94,57.0
2041,95,35.5
2041,96,21.0
2041,97,12.0
2041,98,6.0
2041,99,3.0
2042,0,14972.0
2042,1,14990.5
2042,2,15018.5
2042,3,15037.5
2042,4,15046.5
2042,5,15048.5
2042,6,15050.5
2042,7,15052.0
2042,8,15059.5
2042,9,15070.0
2042,10,15086.5
2042,11,15110.5
2042,12,15141.0
2042,13,15174.0
2042,14,15209.0
2042,15,15250.5
2042,16,15297.0
2042,17,15356.0
2042,18,15331.0
2042,19,15287.0
2042,20,15371.0
2042,21,15455.5
2042,22,15553.5
2042,23,15677.0
2042,24,15785.5
2042,25,15931.0
2042,26,16033.999999999998
2042,27,15987.5
2042,28,15788.5
2042,29,15470.0
2042,30,15128.5
2042,31,14983.5
2042,32,14982.0
2042,33,14947.0
2042,34,14885.0
2042,35,14664.0
2042,36,14265.0
2042,37,13900.0
2042,38,13634.0
2042,39,13403.0
2042,40,13137.0
2042,41,12886.0
2042,42,12827.5
2042,43,12928.0
2042,44,13084.0
2042,45,13315.0
2042,46,13360.0
2042,47,13172.0
2042,48,13068.0
2042,49,13060.0
2042,50,13020.0
2042,51,12865.5
2042,52,12579.0
2042,53,12273.0
2042,54,12004.0
2042,55,11719.0
2042,56,11517.5
2042,57,11573.5
2042,58,11527.5
2042,59,11144.0
2042,60,10652.5
2042,61,10120.0
2042,62,9570.5
2042,63,9009.0
2042,64,8393.0
2042,65,7790.0
2042,66,7137.5
2042,67,6361.5
2042,68,5774.0
2042,69,5472.0
2042,70,5276.5
2042,71,5071.5
2042,72,4825.5
2042,73,4541.5
2042,74,4232.5
2042,75,3938.0
2042,76,3640.0
2042,77,3334.5
2042,78,3036.5
2042,79,2711.0
2042,80,2333.5
2042,81,1986.5
2042,82,1699.5
2042,83,1425.0
2042,84,1171.0
2042,85,945.0
2042,86,749.5
2042,87,583.5
2042,88,445.0
2042,89,334.0
2042,90,243.5
2042,91,172.5
2042,92,123.0
2042,93,87.5
2042,94,59.0
2042,95,38.0
2042,96,22.5
2042,97,12.5
2042,98,7.0
2042,99,3.5
2043,0,14848.0
2043,1,14879.0
2043,2,14918.5
2043,3,14955.0
2043,4,14981.5
2043,5,14995.5
2043,6,15003.5
2043,7,15009.5
2043,8,15015.0
2043,9,15024.0
2043,10,15037.0
2043,11,15056.5
2043,12,15081.0
2043,13,15113.5
2043,14,15147.0
2043,15,15181.5
2043,16,15215.0
2043,17,15248.5
2043,18,15288.5
2043,19,15245.0
2043,20,15185.5
2043,21,15260.0
2043,22,15338.5
2043,23,15435.5
2043,24,15559.0
2043,25,15669.5
2043,26,15820.0
2043,27,15928.0
2043,28,15888.0
2043,29,15695.0
2043,30,15384.0
2043,31,15046.5
2043,32,14907.5
2043,33,14910.0
2043,34,14877.0
2043,35,14818.0
2043,36,14599.0
2043,37,14201.5
2043,38,13837.5
2043,39,13571.0
2043,40,13340.0
2043,41,13073.0
2043,42,12821.5
2043,43,12761.0
2043,44,12858.5
2043,45,13009.5
2043,46,13234.0
2043,47,13271.5
2043,48,13075.5
2043,49,12960.5
2043,50,12941.0
2043,51,12888.0
2043,52,12722.5
2043,53,12427.0
2043,54,12115.0
2043,55,11838.0
2043,56,11546.5
2043,57,11335.5
2043,58,11377.0
2043,59,11312.0
2043,60,10912.5
2043,61,10405.5
2043,62,9859.0
2043,63,9298.5
2043,64,8731.0
2043,65,8113.5
2043,66,7511.5
2043,67,6861.0
2043,68,6095.5
2043,69,5513.5
2043,70,5207.5
2043,71,5003.0
2043,72,4790.0
2043,73,4537.0
2043,74,4248.0
2043,75,3936.0
2043,76,3648.0
2043,77,3348.0
2043,78,3045.0
2043,79,2750.5
2043,80,2434.0
2043,81,2075.5
2043,82,1747.0
2043,83,1477.5
2043,84,1223.5
2043,85,990.5
2043,86,787.0
2043,87,614.0
2043,88,469.0
2043,89,350.0
2043,90,257.0
2043,91,183.5
2043,92,126.5
2043,93,87.5
2043,94,60.5
2043,95,39.5
2043,96,24.0
2043,97,13.5
2043,98,8.0
2043,99,4.0
2044,0,14704.0
2044,1,14758.0
2044,2,14809.0
2044,3,14856.5
2044,4,14900.5
2044,5,14932.5
2044,6,14951.5
2044,7,14963.0
2044,8,14972.5
2044,9,14980.0
2044,10,14991.5
2044,11,15007.0
2044,12,15027.5
2044,13,15054.0
2044,14,15087.5
2044,15,15119.5
2044,16,15147.5
2044,17,15168.0
2044,18,15181.5
2044,19,15203.5
2044,20,15145.0
2044,21,15075.5
2044,22,15145.0
2044,23,15222.5
2044,24,15319.5
2044,25,15446.5
2044,26,15561.5
2044,27,15717.0
2044,28,15831.5
2044,29,15797.5
2044,30,15610.5
2044,31,15304.0
2044,32,14972.5
2044,33,14836.5
2044,34,14842.0
2044,35,14812.0
2044,36,14754.5
2044,37,14537.0
2044,38,14139.5
2044,39,13775.5
2044,40,13509.5
2044,41,13277.0
2044,42,13010.0
2044,43,12756.0
2044,44,12693.5
2044,45,12786.0
2044,46,12931.5
2044,47,13148.0
2044,48,13175.0
2044,49,12970.0
2044,50,12844.5
2044,51,12811.5
2044,52,12747.0
2044,53,12571.0
2044,54,12268.5
2044,55,11950.0
2044,56,11666.5
2044,57,11367.0
2044,58,11145.0
2044,59,11166.5
2044,60,11080.0
2044,61,10662.5
2044,62,10140.5
2044,63,9581.5
2044,64,9015.5
2044,65,8444.5
2044,66,7827.0
2044,67,7224.5
2044,68,6577.0
2044,69,5823.5
2044,70,5249.5
2044,71,4940.5
2044,72,4728.0
2044,73,4506.5
2044,74,4246.0
2044,75,3953.0
2044,76,3648.0
2044,77,3357.0
2044,78,3059.5
2044,79,2760.0
2044,80,2471.5
2044,81,2166.0
2044,82,1826.5
2044,83,1521.0
2044,84,1269.5
2044,85,1036.0
2044,86,825.5
2044,87,645.5
2044,88,494.0
2044,89,369.0
2044,90,270.0
2044,91,193.5
2044,92,135.0
2044,93,90.0
2044,94,60.5
2044,95,40.0
2044,96,25.5
2044,97,14.5
2044,98,8.5
2044,99,4.0
2045,0,14555.5
2045,1,14616.0
2045,2,14689.0
2045,3,14748.5
2045,4,14803.5
2045,5,14852.5
2045,6,14889.5
2045,7,14911.5
2045,8,14927.0
2045,9,14938.5
2045,10,14948.5
2045,11,14962.0
2045,12,14979.5
2045,13,15001.0
2045,14,15029.0
2045,15,15060.5
2045,16,15087.5
2045,17,15100.5
2045,18,15102.5
2045,19,15098.0
2045,20,15105.5
2045,21,15037.0
2045,22,14963.0
2045,23,15031.5
2045,24,15109.5
2045,25,15210.0
2045,26,15341.5
2045,27,15461.5
2045,28,15623.5
2045,29,15743.5
2045,30,15714.5
2045,31,15533.0
2045,32,15231.0
2045,33,14903.5
2045,34,14770.5
2045,35,14778.0
2045,36,14750.5
2045,37,14694.0
2045,38,14475.5
2045,39,14079.0
2045,40,13714.5
2045,41,13447.5
2045,42,13214.0
2045,43,12945.0
2045,44,12690.0
2045,45,12623.0
2045,46,12710.5
2045,47,12848.0
2045,48,13053.5
2045,49,13071.0
2045,50,12855.0
2045,51,12718.0
2045,52,12673.5
2045,53,12597.0
2045,54,12413.0
2045,55,12103.5
2045,56,11778.5
2045,57,11487.5
2045,58,11178.0
2045,59,10941.5
2045,60,10940.0
2045,61,10829.5
2045,62,10393.5
2045,63,9859.0
2045,64,9294.0
2045,65,8723.5
2045,66,8149.5
2045,67,7531.5
2045,68,6929.0
2045,69,6288.0
2045,70,5548.0
2045,71,4983.5
2045,72,4671.0
2045,73,4450.5
2045,74,4219.5
2045,75,3953.5
2045,76,3665.5
2045,77,3359.5
2045,78,3069.5
2045,79,2775.5
2045,80,2482.0
2045,81,2201.0
2045,82,1908.5
2045,83,1591.5
2045,84,1307.5
2045,85,1075.5
2045,86,864.5
2045,87,677.5
2045,88,520.0
2045,89,389.5
2045,90,285.0
2045,91,203.5
2045,92,142.0
2045,93,96.0
2045,94,62.5
2045,95,40.0
2045,96,26.0
2045,97,15.0
2045,98,9.0
2045,99,4.0
2046,0,14416.0
2046,1,14469.0
2046,2,14548.0
2046,3,14629.5
2046,4,14696.0
2046,5,14756.0
2046,6,14810.0
2046,7,14850.5
2046,8,14876.0
2046,9,14894.0
2046,10,14908.0
2046,11,14920.0
2046,12,14935.5
2046,13,14953.0
2046,14,14976.5
2046,15,15002.5
2046,16,15028.5
2046,17,15040.5
2046,18,15036.5
2046,19,15019.0
2046,20,15001.5
2046,21,14999.0
2046,22,14925.5
2046,23,14851.0
2046,24,14920.0
2046,25,15001.5
2046,26,15106.5
2046,27,15243.0
2046,28,15369.5
2046,29,15536.5
2046,30,15662.0
2046,31,15638.5
2046,32,15460.5
2046,33,15163.5
2046,34,14838.0
2046,35,14708.0
2046,36,14717.5
2046,37,14690.0
2046,38,14633.0
2046,39,14415.0
2046,40,14017.5
2046,41,13653.0
2046,42,13384.5
2046,43,13150.0
2046,44,12879.0
2046,45,12620.5
2046,46,12549.5
2046,47,12629.0
2046,48,12757.0
2046,49,12951.5
2046,50,12956.5
2046,51,12730.5
2046,52,12582.0
2046,53,12526.5
2046,54,12441.0
2046,55,12247.5
2046,56,11932.5
2046,57,11600.0
2046,58,11298.5
2046,59,10976.0
2046,60,10722.0
2046,61,10695.5
2046,62,10559.5
2046,63,10109.0
2046,64,9565.5
2046,65,8996.0
2046,66,8421.5
2046,67,7845.0
2046,68,7226.5
2046,69,6628.0
2046,70,5993.5
2046,71,5269.5
2046,72,4713.5
2046,73,4399.0
2046,74,4169.0
2046,75,3931.0
2046,76,3668.5
2046,77,3378.0
2046,78,3074.0
2046,79,2787.0
2046,80,2498.0
2046,81,2212.5
2046,82,1941.5
2046,83,1664.0
2046,84,1369.5
2046,85,1109.0
2046,86,899.0
2046,87,710.0
2046,88,546.5
2046,89,410.5
2046,90,301.0
2046,91,215.0
2046,92,149.5
2046,93,101.5
2046,94,66.5
2046,95,42.0
2046,96,26.0
2046,97,15.5
2046,98,9.5
2046,99,4.5
2047,0,14277.0
2047,1,14332.0
2047,2,14402.5
2047,3,14490.0
2047,4,14579.0
2047,5,14650.0
2047,6,14714.0
2047,7,14772.5
2047,8,14815.5
2047,9,14843.5
2047,10,14864.0
2047,11,14879.5
2047,12,14893.5
2047,13,14909.5
2047,14,14929.0
2047,15,14950.5
2047,16,14970.5
2047,17,14983.0
2047,18,14977.0
2047,19,14954.0
2047,20,14924.0
2047,21,14896.5
2047,22,14889.0
2047,23,14815.5
2047,24,14742.0
2047,25,14814.5
2047,26,14900.5
2047,27,15011.0
2047,28,15153.0
2047,29,15285.5
2047,30,15458.0
2047,31,15588.0
2047,32,15568.0
2047,33,15394.0
2047,34,15099.5
2047,35,14777.5
2047,36,14649.0
2047,37,14658.0
2047,38,14631.0
2047,39,14573.0
2047,40,14354.0
2047,41,13956.5
2047,42,13591.0
2047,43,13321.0
2047,44,13084.5
2047,45,12810.0
2047,46,12548.0
2047,47,12470.0
2047,48,12541.0
2047,49,12658.5
2047,50,12840.0
2047,51,12833.5
2047,52,12596.0
2047,53,12438.5
2047,54,12372.5
2047,55,12278.0
2047,56,12077.0
2047,57,11754.0
2047,58,11411.5
2047,59,11097.5
2047,60,10758.5
2047,61,10484.5
2047,62,10432.0
2047,63,10273.5
2047,64,9811.0
2047,65,9262.5
2047,66,8688.5
2047,67,8110.5
2047,68,7531.0
2047,69,6916.5
2047,70,6321.5
2047,71,5696.0
2047,72,4987.5
2047,73,4441.5
2047,74,4123.5
2047,75,3886.5
2047,76,3650.0
2047,77,3383.0
2047,78,3093.0
2047,79,2793.0
2047,80,2510.0
2047,81,2228.5
2047,82,1953.5
2047,83,1694.5
2047,84,1434.0
2047,85,1163.5
2047,86,928.0
2047,87,739.5
2047,88,573.5
2047,89,432.0
2047,90,318.0
2047,91,228.0
2047,92,158.5
2047,93,107.0
2047,94,70.0
2047,95,45.0
2047,96,27.0
2047,97,16.0
2047,98,10.0
2047,99,5.0
2048,0,14134.5
2048,1,14195.0
2048,2,14267.5
2048,3,14346.5
2048,4,14441.0
2048,5,14534.0
2048,6,14609.5
2048,7,14677.5
2048,8,14738.0
2048,9,14784.0
2048,10,14814.5
2048,11,14836.0
2048,12,14854.0
2048,13,14868.5
2048,14,14886.0
2048,15,14904.0
2048,16,14919.5
2048,17,14926.5
2048,18,14920.5
2048,19,14897.0
2048,20,14861.0
2048,21,14821.0
2048,22,14789.5
2048,23,14782.0
2048,24,14709.5
2048,25,14640.0
2048,26,14717.5
2048,27,14809.0
2048,28,14924.5
2048,29,15073.0
2048,30,15209.5
2048,31,15386.5
2048,32,15520.0
2048,33,15503.0
2048,34,15332.5
2048,35,15040.0
2048,36,14720.0
2048,37,14591.5
2048,38,14601.5
2048,39,14572.5
2048,40,14514.0
2048,41,14293.5
2048,42,13895.5
2048,43,13528.0
2048,44,13256.5
2048,45,13016.5
2048,46,12738.0
2048,47,12470.0
2048,48,12384.5
2048,49,12445.5
2048,50,12551.5
2048,51,12719.5
2048,52,12700.0
2048,53,12454.0
2048,54,12287.5
2048,55,12213.0
2048,56,12108.5
2048,57,11899.0
2048,58,11565.5
2048,59,11211.0
2048,60,10879.5
2048,61,10523.0
2048,62,10229.0
2048,63,10152.5
2048,64,9974.5
2048,65,9504.0
2048,66,8950.0
2048,67,8371.5
2048,68,7790.0
2048,69,7211.0
2048,70,6600.5
2048,71,6011.0
2048,72,5395.0
2048,73,4703.0
2048,74,4166.5
2048,75,3846.5
2048,76,3610.5
2048,77,3368.0
2048,78,3099.5
2048,79,2812.0
2048,80,2517.5
2048,81,2241.0
2048,82,1969.0
2048,83,1706.5
2048,84,1462.0
2048,85,1219.5
2048,86,974.5
2048,87,764.0
2048,88,598.0
2048,89,454.0
2048,90,335.5
2048,91,241.5
2048,92,168.0
2048,93,114.0
2048,94,74.5
2048,95,47.5
2048,96,29.0
2048,97,17.0
2048,98,10.0
2048,99,5.0
2049,0,13994.5
2049,1,14053.0
2049,2,14131.0
2049,3,14212.0
2049,4,14297.0
2049,5,14396.0
2049,6,14493.5
2049,7,14572.5
2049,8,14643.5
2049,9,14707.0
2049,10,14754.5
2049,11,14787.0
2049,12,14811.0
2049,13,14829.0
2049,14,14845.0
2049,15,14861.0
2049,16,14873.0
2049,17,14875.5
2049,18,14864.0
2049,19,14840.5
2049,20,14803.5
2049,21,14757.5
2049,22,14714.5
2049,23,14682.0
2049,24,14676.0
2049,25,14608.0
2049,26,14543.5
2049,27,14626.0
2049,28,14723.0
2049,29,14844.0
2049,30,14997.0
2049,31,15138.5
2049,32,15318.5
2049,33,15455.5
2049,34,15441.5
2049,35,15273.0
2049,36,14982.0
2049,37,14662.5
2049,38,14534.5
2049,39,14543.0
2049,40,14514.0
2049,41,14452.5
2049,42,14232.0
2049,43,13832.0
2049,44,13463.0
2049,45,13188.5
2049,46,12944.5
2049,47,12660.0
2049,48,12385.5
2049,49,12291.0
2049,50,12341.5
2049,51,12434.0
2049,52,12588.5
2049,53,12558.5
2049,54,12305.0
2049,55,12130.5
2049,56,12046.5
2049,57,11932.0
2049,58,11710.0
2049,59,11364.0
2049,60,10993.0
2049,61,10644.5
2049,62,10269.0
2049,63,9957.0
2049,64,9859.5
2049,65,9665.5
2049,66,9186.5
2049,67,8626.5
2049,68,8043.5
2049,69,7461.5
2049,70,6885.0
2049,71,6279.0
2049,72,5696.5
2049,73,5090.5
2049,74,4414.5
2049,75,3888.5
2049,76,3575.0
2049,77,3334.0
2049,78,3087.5
2049,79,2819.5
2049,80,2536.5
2049,81,2249.5
2049,82,1982.0
2049,83,1721.5
2049,84,1473.5
2049,85,1244.5
2049,86,1022.0
2049,87,802.5
2049,88,618.5
2049,89,474.0
2049,90,353.0
2049,91,254.5
2049,92,178.0
2049,93,121.5
2049,94,79.5
2049,95,50.5
2049,96,31.0
2049,97,18.5
2049,98,10.0
2049,99,5.0
2050,0,13853.0
2050,1,13912.5
2050,2,13988.0
2050,3,14074.5
2050,4,14161.5
2050,5,14252.0
2050,6,14354.5
2050,7,14456.5
2050,8,14538.5
2050,9,14611.5
2050,10,14677.5
2050,11,14727.5
2050,12,14761.5
2050,13,14785.5
2050,14,14805.5
2050,15,14819.0
2050,16,14829.5
2050,17,14828.0
2050,18,14811.5
2050,19,14782.5
2050,20,14745.5
2050,21,14699.0
2050,22,14649.5
2050,23,14605.0
2050,24,14574.5
2050,25,14572.5
2050,26,14509.5
2050,27,14450.0
2050,28,14538.5
2050,29,14640.5
2050,30,14767.5
2050,31,14924.5
2050,32,15070.0
2050,33,15253.5
2050,34,15392.5
2050,35,15381.0
2050,36,15214.0
2050,37,14923.5
2050,38,14604.5
2050,39,14476.0
2050,40,14484.5
2050,41,14452.5
2050,42,14390.5
2050,43,14167.5
2050,44,13766.0
2050,45,13394.5
2050,46,13116.0
2050,47,12865.5
2050,48,12575.0
2050,49,12293.5
2050,50,12189.0
2050,51,12227.0
2050,52,12307.0
2050,53,12450.0
2050,54,12409.5
2050,55,12149.5
2050,56,11967.0
2050,57,11872.5
2050,58,11744.5
2050,59,11508.5
2050,60,11146.0
2050,61,10758.5
2050,62,10389.5
2050,63,9998.5
2050,64,9672.5
2050,65,9557.5
2050,66,9345.5
2050,67,8857.5
2050,68,8292.0
2050,69,7708.0
2050,70,7127.5
2050,71,6553.0
2050,72,5954.0
2050,73,5377.5
2050,74,4781.0
2050,75,4122.5
2050,76,3616.5
2050,77,3303.5
2050,78,3058.0
2050,79,2810.5
2050,80,2545.0
2050,81,2268.5
2050,82,1991.0
2050,83,1734.0
2050,84,1488.0
2050,85,1255.5
2050,86,1044.0
2050,87,843.5
2050,88,651.0
2050,89,491.5
2050,90,369.0
2050,91,268.0
2050,92,188.5
2050,93,129.0
2050,94,85.0
2050,95,54.0
2050,96,33.0
2050,97,19.5
2050,98,10.5
2050,99,5.0
2051,0,13709.5
2051,1,13773.5
2051,2,13850.0
2051,3,13933.5
2051,4,14025.5
2051,5,14118.0
2051,6,14212.0
2051,7,14319.0
2051,8,14423.5
2051,9,14507.5
2051,10,14583.5
2051,11,14651.0
2051,12,14702.5
2051,13,14737.0
2051,14,14762.5
2051,15,14780.5
2051,16,14788.5
2051,17,14785.5
2051,18,14766.0
2051,19,14732.5
2051,20,14689.5
2051,21,14644.0
2051,22,14593.5
2051,23,14543.5
2051,24,14501.5
2051,25,14474.5
2051,26,14477.0
2051,27,14419.5
2051,28,14365.5
2051,29,14459.5
2051,30,14567.0
2051,31,14697.5
2051,32,14859.0
2051,33,15007.0
2051,34,15193.0
2051,35,15334.0
2051,36,15324.0
2051,37,15156.5
2051,38,14867.5
2051,39,14548.0
2051,40,14420.0
2051,41,14425.0
2051,42,14392.5
2051,43,14327.5
2051,44,14102.0
2051,45,13697.5
2051,46,13322.5
2051,47,13038.0
2051,48,12781.0
2051,49,12483.5
2051,50,12192.5
2051,51,12077.5
2051,52,12104.5
2051,53,12173.5
2051,54,12304.0
2051,55,12254.5
2051,56,11988.0
2051,57,11796.0
2051,58,11688.0
2051,59,11545.0
2051,60,11290.5
2051,61,10911.0
2051,62,10504.0
2051,63,10120.0
2051,64,9716.5
2051,65,9379.5
2051,66,9244.0
2051,67,9014.5
2051,68,8518.0
2051,69,7949.5
2051,70,7366.5
2051,71,6788.0
2051,72,6217.0
2051,73,5623.5
2051,74,5054.0
2051,75,4468.5
2051,76,3836.5
2051,77,3343.5
2051,78,3032.5
2051,79,2786.0
2051,80,2539.0
2051,81,2277.5
2051,82,2008.5
2051,83,1743.5
2051,84,1500.5
2051,85,1269.0
2051,86,1055.0
2051,87,863.5
2051,88,685.0
2051,89,518.5
2051,90,383.0
2051,91,280.5
2051,92,199.0
2051,93,136.5
2051,94,90.5
2051,95,57.5
2051,96,35.0
2051,97,20.5
2051,98,11.5
2051,99,5.5
2052,0,13569.0
2052,1,13631.5
2052,2,13712.0
2052,3,13796.5
2052,4,13885.0
2052,5,13982.5
2052,6,14079.0
2052,7,14176.5
2052,8,14287.0
2052,9,14392.5
2052,10,14479.5
2052,11,14557.0
2052,12,14626.0
2052,13,14678.5
2052,14,14714.0
2052,15,14738.5
2052,16,14750.0
2052,17,14745.5
2052,18,14725.0
2052,19,14688.0
2052,20,14640.5
2052,21,14589.5
2052,22,14540.0
2052,23,14489.5
2052,24,14441.5
2052,25,14402.5
2052,26,14380.5
2052,27,14389.0
2052,28,14336.5
2052,29,14288.5
2052,30,14387.5
2052,31,14498.5
2052,32,14633.0
2052,33,14797.0
2052,34,14948.5
2052,35,15136.0
2052,36,15278.0
2052,37,15267.5
2052,38,15101.5
2052,39,14811.5
2052,40,14492.5
2052,41,14361.0
2052,42,14366.0
2052,43,14330.0
2052,44,14262.5
2052,45,14033.5
2052,46,13625.5
2052,47,13245.0
2052,48,12954.0
2052,49,12689.0
2052,50,12382.5
2052,51,12082.5
2052,52,11958.5
2052,53,11974.5
2052,54,12032.5
2052,55,12152.0
2052,56,12094.0
2052,57,11818.5
2052,58,11615.5
2052,59,11491.5
2052,60,11328.5
2052,61,11054.5
2052,62,10656.0
2052,63,10234.5
2052,64,9838.0
2052,65,9424.5
2052,66,9075.0
2052,67,8920.0
2052,68,8672.5
2052,69,8169.499999999999
2052,70,7601.0
2052,71,7019.0
2052,72,6443.0
2052,73,5876.0
2052,74,5288.5
2052,75,4727.0
2052,76,4161.0
2052,77,3549.5
2052,78,3072.0
2052,79,2765.0
2052,80,2518.5
2052,81,2274.0
2052,82,2019.0
2052,83,1761.0
2052,84,1510.0
2052,85,1281.0
2052,86,1068.0
2052,87,873.5
2052,88,701.5
2052,89,546.0
2052,90,404.5
2052,91,292.0
2052,92,209.0
2052,93,144.0
2052,94,96.0
2052,95,61.0
2052,96,37.5
2052,97,21.5
2052,98,12.5
2052,99,6.0
2053,0,13445.0
2053,1,13493.5
2053,2,13571.5
2053,3,13660.0
2053,4,13749.5
2053,5,13843.5
2053,6,13945.0
2053,7,14044.0
2053,8,14145.5
2053,9,14256.5
2053,10,14365.5
2053,11,14454.0
2053,12,14533.0
2053,13,14602.5
2053,14,14656.0
2053,15,14690.5
2053,16,14708.5
2053,17,14707.5
2053,18,14686.0
2053,19,14647.5
2053,20,14598.0
2053,21,14542.5
2053,22,14488.0
2053,23,14438.5
2053,24,14389.5
2053,25,14345.5
2053,26,14312.0
2053,27,14295.5
2053,28,14309.0
2053,29,14262.0
2053,30,14218.5
2053,31,14321.5
2053,32,14436.0
2053,33,14573.5
2053,34,14741.0
2053,35,14893.0
2053,36,15081.5
2053,37,15223.5
2053,38,15213.5
2053,39,15046.5
2053,40,14756.0
2053,41,14434.5
2053,42,14303.0
2053,43,14304.5
2053,44,14266.0
2053,45,14195.0
2053,46,13961.5
2053,47,13548.0
2053,48,13161.5
2053,49,12862.5
2053,50,12588.5
2053,51,12273.0
2053,52,11965.5
2053,53,11832.0
2053,54,11837.5
2053,55,11886.5
2053,56,11995.0
2053,57,11926.0
2053,58,11640.5
2053,59,11422.5
2053,60,11279.5
2053,61,11094.5
2053,62,10800.0
2053,63,10385.5
2053,64,9952.5
2053,65,9545.0
2053,66,9122.5
2053,67,8760.0
2053,68,8585.5
2053,69,8322.0
2053,70,7815.0
2053,71,7246.5
2053,72,6666.5
2053,73,6093.0
2053,74,5529.5
2053,75,4950.0
2053,76,4405.0
2053,77,3853.0
2053,78,3263.5
2053,79,2803.0
2053,80,2501.5
2053,81,2258.0
2053,82,2018.0
2053,83,1771.5
2053,84,1526.5
2053,85,1291.0
2053,86,1079.5
2053,87,884.5
2053,88,710.5
2053,89,560.0
2053,90,427.0
2053,91,309.5
2053,92,218.0
2053,93,151.5
2053,94,102.0
2053,95,65.0
2053,96,40.0
2053,97,23.0
2053,98,13.0
2053,99,6.5
2054,0,13319.5
2054,1,13371.0
2054,2,13435.0
2054,3,13520.5
2054,4,13614.5
2054,5,13709.0
2054,6,13806.5
2054,7,13910.5
2054,8,14014.0
2054,9,14116.0
2054,10,14230.0
2054,11,14340.5
2054,12,14430.5
2054,13,14510.0
2054,14,14581.0
2054,15,14633.0
2054,16,14661.0
2054,17,14666.5
2054,18,14649.0
2054,19,14609.5
2054,20,14559.0
2054,21,14501.0
2054,22,14442.5
2054,23,14388.0
2054,24,14340.5
2054,25,14296.5
2054,26,14257.0
2054,27,14229.5
2054,28,14218.0
2054,29,14236.0
2054,30,14194.0
2054,31,14155.0
2054,32,14261.0
2054,33,14379.0
2054,34,14519.0
2054,35,14687.0
2054,36,14840.0
2054,37,15028.5
2054,38,15170.5
2054,39,15159.5
2054,40,14991.0
2054,41,14699.0
2054,42,14377.5
2054,43,14243.5
2054,44,14241.5
2054,45,14199.5
2054,46,14123.5
2054,47,13884.0
2054,48,13464.0
2054,49,13070.5
2054,50,12762.0
2054,51,12479.5
2054,52,12156.0
2054,53,11840.5
2054,54,11698.5
2054,55,11696.0
2054,56,11734.5
2054,57,11831.0
2054,58,11748.0
2054,59,11449.5
2054,60,11214.5
2054,61,11049.0
2054,62,10842.5
2054,63,10529.0
2054,64,10103.0
2054,65,9659.5
2054,66,9243.0
2054,67,8809.5
2054,68,8435.0
2054,69,8242.5
2054,70,7964.5
2054,71,7455.0
2054,72,6886.0
2054,73,6307.5
2054,74,5738.0
2054,75,5179.0
2054,76,4616.0
2054,77,4081.5
2054,78,3544.5
2054,79,2979.5
2054,80,2538.0
2054,81,2244.0
2054,82,2005.5
2054,83,1772.5
2054,84,1537.0
2054,85,1306.5
2054,86,1088.5
2054,87,895.0
2054,88,721.0
2054,89,568.5
2054,90,439.0
2054,91,327.0
2054,92,230.5
2054,93,158.0
2054,94,107.5
2054,95,69.0
2054,96,42.5
2054,97,25.0
2054,98,13.5
2054,99,7.0
2055,0,13189.0
2055,1,13246.0
2055,2,13313.5
2055,3,13383.5
2055,4,13475.5
2055,5,13574.0
2055,6,13672.0
2055,7,13773.0
2055,8,13880.5
2055,9,13985.0
2055,10,14089.5
2055,11,14205.0
2055,12,14317.5
2055,13,14408.5
2055,14,14488.5
2055,15,14558.0
2055,16,14603.5
2055,17,14619.5
2055,18,14608.0
2055,19,14573.0
2055,20,14521.0
2055,21,14462.0
2055,22,14401.0
2055,23,14342.0
2055,24,14290.5
2055,25,14247.5
2055,26,14207.5
2055,27,14174.5
2055,28,14152.0
2055,29,14145.0
2055,30,14169.0
2055,31,14130.5
2055,32,14095.0
2055,33,14204.5
2055,34,14324.5
2055,35,14466.0
2055,36,14635.0
2055,37,14788.0
2055,38,14976.5
2055,39,15116.5
2055,40,15104.0
2055,41,14934.5
2055,42,14642.0
2055,43,14318.5
2055,44,14181.5
2055,45,14176.0
2055,46,14129.0
2055,47,14046.0
2055,48,13799.0
2055,49,13372.5
2055,50,12969.5
2055,51,12653.0
2055,52,12361.5
2055,53,12030.5
2055,54,11709.5
2055,55,11560.0
2055,56,11548.0
2055,57,11575.5
2055,58,11656.5
2055,59,11558.0
2055,60,11243.0
2055,61,10988.0
2055,62,10800.5
2055,63,10573.5
2055,64,10246.0
2055,65,9809.0
2055,66,9357.0
2055,67,8929.5
2055,68,8485.5
2055,69,8101.5
2055,70,7891.5
2055,71,7601.0
2055,72,7087.5
2055,73,6519.0
2055,74,5943.5
2055,75,5377.5
2055,76,4832.5
2055,77,4279.5
2055,78,3757.5
2055,79,3238.5
2055,80,2700.0
2055,81,2278.5
2055,82,1995.5
2055,83,1763.5
2055,84,1539.0
2055,85,1316.5
2055,86,1102.5
2055,87,904.0
2055,88,730.5
2055,89,578.0
2055,90,446.0
2055,91,336.5
2055,92,244.0
2055,93,168.0
2055,94,112.0
2055,95,72.5
2055,96,45.5
2055,97,27.0
2055,98,14.5
2055,99,8.0
2056,0,13070.5
2056,1,13116.5
2056,2,13189.5
2056,3,13263.0
2056,4,13339.5
2056,5,13435.0
2056,6,13537.5
2056,7,13639.0
2056,8,13742.5
2056,9,13852.5
2056,10,13958.0
2056,11,14064.5
2056,12,14182.5
2056,13,14295.5
2056,14,14386.5
2056,15,14466.0
2056,16,14529.0
2056,17,14562.5
2056,18,14561.5
2056,19,14533.0
2056,20,14484.5
2056,21,14425.0
2056,22,14363.0
2056,23,14301.0
2056,24,14245.5
2056,25,14197.5
2056,26,14159.5
2056,27,14125.5
2056,28,14098.0
2056,29,14080.0
2056,30,14078.5
2056,31,14106.0
2056,32,14071.0
2056,33,14039.0
2056,34,14150.0
2056,35,14272.0
2056,36,14414.5
2056,37,14584.0
2056,38,14737.0
2056,39,14923.5
2056,40,15062.0
2056,41,15048.0
2056,42,14877.0
2056,43,14582.5
2056,44,14257.0
2056,45,14117.0
2056,46,14106.0
2056,47,14052.5
2056,48,13961.5
2056,49,13706.5
2056,50,13271.5
2056,51,12860.5
2056,52,12535.0
2056,53,12236.5
2056,54,11899.5
2056,55,11572.5
2056,56,11415.5
2056,57,11393.0
2056,58,11407.5
2056,59,11470.5
2056,60,11352.0
2056,61,11019.5
2056,62,10743.5
2056,63,10535.5
2056,64,10292.0
2056,65,9951.0
2056,66,9504.5
2056,67,9042.5
2056,68,8604.0
2056,69,8153.000000000001
2056,70,7759.5
2056,71,7534.5
2056,72,7230.0
2056,73,6713.0
2056,74,6146.5
2056,75,5574.0
2056,76,5020.5
2056,77,4483.5
2056,78,3942.5
2056,79,3436.0
2056,80,2937.0
2056,81,2426.5
2056,82,2028.0
2056,83,1755.5
2056,84,1532.5
2056,85,1320.0
2056,86,1112.5
2056,87,917.0
2056,88,738.5
2056,89,586.0
2056,90,453.5
2056,91,342.5
2056,92,252.0
2056,93,178.5
2056,94,119.0
2056,95,76.0
2056,96,48.0
2056,97,29.0
2056,98,15.5
2056,99,9.0
2057,0,12963.5
2057,1,13000.0
2057,2,13061.5
2057,3,13141.0
2057,4,13219.5
2057,5,13300.0
2057,6,13399.5
2057,7,13504.5
2057,8,13609.5
2057,9,13715.0
2057,10,13826.5
2057,11,13934.0
2057,12,14042.5
2057,13,14161.0
2057,14,14274.5
2057,15,14364.5
2057,16,14437.5
2057,17,14488.5
2057,18,14505.5
2057,19,14487.5
2057,20,14445.5
2057,21,14390.5
2057,22,14328.0
2057,23,14265.5
2057,24,14207.0
2057,25,14155.5
2057,26,14112.5
2057,27,14080.0
2057,28,14051.5
2057,29,14028.5
2057,30,14015.0
2057,31,14017.5
2057,32,14048.0
2057,33,14016.5
2057,34,13986.0
2057,35,14099.0
2057,36,14222.0
2057,37,14365.5
2057,38,14534.0
2057,39,14686.0
2057,40,14870.5
2057,41,15007.5
2057,42,14991.5
2057,43,14818.5
2057,44,14521.5
2057,45,14193.5
2057,46,14048.0
2057,47,14031.5
2057,48,13969.5
2057,49,13869.5
2057,50,13605.0
2057,51,13162.0
2057,52,12742.5
2057,53,12410.0
2057,54,12104.5
2057,55,11762.5
2057,56,11429.5
2057,57,11264.5
2057,58,11230.0
2057,59,11227.0
2057,60,11268.5
2057,61,11129.0
2057,62,10777.0
2057,63,10483.0
2057,64,10258.5
2057,65,9999.0
2057,66,9645.5
2057,67,9188.5
2057,68,8717.0
2057,69,8270.0
2057,70,7812.5
2057,71,7411.5
2057,72,7170.5
2057,73,6851.5
2057,74,6333.5
2057,75,5768.0
2057,76,5207.0
2057,77,4661.0
2057,78,4133.0
2057,79,3608.0
2057,80,3118.0
2057,81,2642.0
2057,82,2161.0
2057,83,1785.5
2057,84,1527.5
2057,85,1316.0
2057,86,1116.5
2057,87,926.5
2057,88,750.5
2057,89,593.5
2057,90,460.5
2057,91,349.0
2057,92,257.0
2057,93,184.5
2057,94,126.5
2057,95,81.5
2057,96,50.5
2057,97,30.5
2057,98,16.5
2057,99,9.5
2058,0,12863.5
2058,1,12894.5
2058,2,12945.5
2058,3,13013.0
2058,4,13097.5
2058,5,13181.0
2058,6,13265.5
2058,7,13367.5
2058,8,13476.0
2058,9,13582.0
2058,10,13690.0
2058,11,13802.5
2058,12,13912.5
2058,13,14021.5
2058,14,14140.0
2058,15,14252.0
2058,16,14336.5
2058,17,14397.5
2058,18,14431.5
2058,19,14431.5
2058,20,14401.5
2058,21,14352.5
2058,22,14294.5
2058,23,14231.5
2058,24,14172.5
2058,25,14119.0
2058,26,14071.5
2058,27,14034.0
2058,28,14007.0
2058,29,13983.5
2058,30,13964.0
2058,31,13955.0
2058,32,13960.5
2058,33,13994.0
2058,34,13965.0
2058,35,13936.5
2058,36,14051.0
2058,37,14174.0
2058,38,14316.5
2058,39,14484.0
2058,40,14634.5
2058,41,14817.0
2058,42,14952.5
2058,43,14933.5
2058,44,14757.5
2058,45,14457.5
2058,46,14125.5
2058,47,13975.0
2058,48,13949.5
2058,49,13878.5
2058,50,13768.0
2058,51,13494.5
2058,52,13043.0
2058,53,12617.0
2058,54,12278.5
2058,55,11967.0
2058,56,11619.0
2058,57,11280.5
2058,58,11104.5
2058,59,11054.0
2058,60,11032.0
2058,61,11049.5
2058,62,10887.5
2058,63,10519.0
2058,64,10211.0
2058,65,9969.5
2058,66,9695.5
2058,67,9328.0
2058,68,8862.0
2058,69,8382.0
2058,70,7928.5
2058,71,7465.0
2058,72,7057.0
2058,73,6799.0
2058,74,6467.5
2058,75,5946.5
2058,76,5391.5
2058,77,4836.5
2058,78,4300.0
2058,79,3785.0
2058,80,3277.0
2058,81,2807.5
2058,82,2354.5
2058,83,1905.0
2058,84,1555.0
2058,85,1313.0
2058,86,1114.5
2058,87,930.5
2058,88,759.0
2058,89,603.5
2058,90,467.5
2058,91,355.0
2058,92,262.0
2058,93,188.0
2058,94,130.5
2058,95,87.0
2058,96,54.5
2058,97,32.0
2058,98,18.0
2058,99,10.5
2059,0,12775.5
2059,1,12795.5
2059,2,12840.5
2059,3,12897.5
2059,4,12970.5
2059,5,13059.5
2059,6,13147.0
2059,7,13234.0
2059,8,13339.0
2059,9,13449.5
2059,10,13557.0
2059,11,13666.5
2059,12,13781.5
2059,13,13891.5
2059,14,14000.5
2059,15,14118.0
2059,16,14224.5
2059,17,14297.0
2059,18,14340.5
2059,19,14358.5
2059,20,14347.0
2059,21,14308.5
2059,22,14257.0
2059,23,14199.0
2059,24,14139.5
2059,25,14085.0
2059,26,14036.0
2059,27,13994.5
2059,28,13962.5
2059,29,13940.0
2059,30,13920.0
2059,31,13905.0
2059,32,13899.0
2059,33,13907.5
2059,34,13944.0
2059,35,13916.0
2059,36,13889.5
2059,37,14003.0
2059,38,14126.5
2059,39,14267.5
2059,40,14434.0
2059,41,14582.0
2059,42,14763.5
2059,43,14895.0
2059,44,14873.0
2059,45,14693.5
2059,46,14390.0
2059,47,14052.5
2059,48,13894.0
2059,49,13860.0
2059,50,13779.0
2059,51,13658.0
2059,52,13375.0
2059,53,12916.5
2059,54,12485.0
2059,55,12140.5
2059,56,11823.5
2059,57,11469.5
2059,58,11122.5
2059,59,10933.5
2059,60,10864.5
2059,61,10820.5
2059,62,10812.5
2059,63,10630.0
2059,64,10249.0
2059,65,9926.5
2059,66,9670.5
2059,67,9380.0
2059,68,8999.5
2059,69,8524.5
2059,70,8039.0
2059,71,7579.5
2059,72,7111.5
2059,73,6695.0
2059,74,6421.0
2059,75,6076.0
2059,76,5562.0
2059,77,5010.5
2059,78,4465.0
2059,79,3940.5
2059,80,3441.0
2059,81,2953.0
2059,82,2504.5
2059,83,2078.0
2059,84,1661.0
2059,85,1338.0
2059,86,1113.0
2059,87,929.5
2059,88,763.0
2059,89,610.5
2059,90,476.5
2059,91,360.5
2059,92,267.0
2059,93,192.0
2059,94,133.5
2059,95,90.5
2059,96,58.0
2059,97,34.5
2059,98,19.5
2059,99,11.0
2060,0,12700.5
2060,1,12710.0
2060,2,12744.0
2060,3,12795.0
2060,4,12857.5
2060,5,12934.5
2060,6,13027.0
2060,7,13116.5
2060,8,13206.5
2060,9,13314.0
2060,10,13425.5
2060,11,13535.0
2060,12,13646.0
2060,13,13761.0
2060,14,13872.0
2060,15,13980.0
2060,16,14092.0
2060,17,14186.0
2060,18,14242.0
2060,19,14270.5
2060,20,14276.5
2060,21,14256.5
2060,22,14216.0
2060,23,14166.0
2060,24,14110.5
2060,25,14056.0
2060,26,14007.0
2060,27,13963.0
2060,28,13926.5
2060,29,13899.0
2060,30,13880.5
2060,31,13864.5
2060,32,13852.5
2060,33,13849.5
2060,34,13860.0
2060,35,13897.0
2060,36,13870.5
2060,37,13843.5
2060,38,13957.5
2060,39,14079.5
2060,40,14219.5
2060,41,14384.0
2060,42,14530.0
2060,43,14708.5
2060,44,14836.0
2060,45,14810.5
2060,46,14626.5
2060,47,14317.0
2060,48,13973.0
2060,49,13807.0
2060,50,13762.5
2060,51,13670.0
2060,52,13539.0
2060,53,13247.0
2060,54,12783.0
2060,55,12347.5
2060,56,11998.0
2060,57,11673.5
2060,58,11312.0
2060,59,10953.5
2060,60,10748.0
2060,61,10659.0
2060,62,10591.0
2060,63,10560.0
2060,64,10360.0
2060,65,9967.0
2060,66,9632.0
2060,67,9359.0
2060,68,9052.5
2060,69,8661.0
2060,70,8179.500000000001
2060,71,7689.5
2060,72,7224.0
2060,73,6750.0
2060,74,6325.5
2060,75,6036.5
2060,76,5686.0
2060,77,5172.0
2060,78,4629.0
2060,79,4095.0
2060,80,3585.0
2060,81,3103.0
2060,82,2636.5
2060,83,2212.0
2060,84,1813.5
2060,85,1430.5
2060,86,1135.5
2060,87,930.0
2060,88,764.0
2060,89,615.0
2060,90,483.5
2060,91,367.5
2060,92,271.5
2060,93,196.0
2060,94,137.0
2060,95,92.5
2060,96,60.0
2060,97,37.0
2060,98,21.0
2060,99,11.5
2061,0,12626.5
2061,1,12634.5
2061,2,12658.5
2061,3,12699.0
2061,4,12755.0
2061,5,12821.5
2061,6,12902.0
2061,7,12997.0
2061,8,13089.0
2061,9,13181.0
2061,10,13289.5
2061,11,13403.0
2061,12,13514.0
2061,13,13625.5
2061,14,13741.5
2061,15,13851.0
2061,16,13954.5
2061,17,14053.5
2061,18,14132.0
2061,19,14172.0
2061,20,14188.0
2061,21,14186.5
2061,22,14164.5
2061,23,14125.5
2061,24,14077.0
2061,25,14027.5
2061,26,13978.0
2061,27,13933.0
2061,28,13895.0
2061,29,13863.0
2061,30,13839.5
2061,31,13825.0
2061,32,13811.5
2061,33,13803.5
2061,34,13801.5
2061,35,13813.5
2061,36,13851.5
2061,37,13825.5
2061,38,13798.5
2061,39,13912.0
2061,40,14032.5
2061,41,14170.5
2061,42,14332.0
2061,43,14476.5
2061,44,14650.0
2061,45,14774.0
2061,46,14743.0
2061,47,14553.5
2061,48,14237.5
2061,49,13886.5
2061,50,13710.5
2061,51,13654.5
2061,52,13552.0
2061,53,13411.0
2061,54,13113.0
2061,55,12644.5
2061,56,12204.5
2061,57,11847.5
2061,58,11515.0
2061,59,11142.0
2061,60,10770.0
2061,61,10547.0
2061,62,10436.0
2061,63,10346.5
2061,64,10294.5
2061,65,10078.5
2061,66,9673.5
2061,67,9325.0
2061,68,9036.5
2061,69,8716.5
2061,70,8314.5
2061,71,7827.5
2061,72,7331.5
2061,73,6860.5
2061,74,6380.5
2061,75,5950.0
2061,76,5652.0
2061,77,5291.5
2061,78,4782.0
2061,79,4249.0
2061,80,3728.5
2061,81,3235.5
2061,82,2773.0
2061,83,2331.0
2061,84,1932.5
2061,85,1563.5
2061,86,1216.0
2061,87,950.5
2061,88,765.5
2061,89,616.5
2061,90,487.5
2061,91,373.5
2061,92,277.5
2061,93,200.0
2061,94,140.0
2061,95,95.0
2061,96,62.0
2061,97,38.5
2061,98,22.5
2061,99,12.5
2062,0,12552.0
2062,1,12559.5
2062,2,12582.5
2062,3,12613.0
2062,4,12658.0
2062,5,12718.0
2062,6,12788.0
2062,7,12871.5
2062,8,12969.0
2062,9,13063.0
2062,10,13156.5
2062,11,13267.0
2062,12,13382.0
2062,13,13494.0
2062,14,13606.0
2062,15,13720.5
2062,16,13825.0
2062,17,13915.5
2062,18,13998.5
2062,19,14060.5
2062,20,14088.0
2062,21,14097.5
2062,22,14093.0
2062,23,14071.5
2062,24,14035.5
2062,25,13992.0
2062,26,13947.5
2062,27,13902.0
2062,28,13863.5
2062,29,13829.5
2062,30,13802.0
2062,31,13782.5
2062,32,13770.5
2062,33,13761.5
2062,34,13754.0
2062,35,13754.5
2062,36,13767.5
2062,37,13806.5
2062,38,13780.5
2062,39,13753.0
2062,40,13864.5
2062,41,13983.5
2062,42,14119.0
2062,43,14279.0
2062,44,14419.0
2062,45,14588.5
2062,46,14707.5
2062,47,14670.5
2062,48,14473.5
2062,49,14150.0
2062,50,13790.5
2062,51,13604.0
2062,52,13538.0
2062,53,13425.5
2062,54,13277.0
2062,55,12971.5
2062,56,12499.0
2062,57,12053.5
2062,58,11688.0
2062,59,11344.5
2062,60,10957.5
2062,61,10570.5
2062,62,10329.0
2062,63,10197.5
2062,64,10089.0
2062,65,10018.5
2062,66,9785.0
2062,67,9369.5
2062,68,9007.5
2062,69,8704.0
2062,70,8371.0
2062,71,7960.0
2062,72,7467.0
2062,73,6966.5
2062,74,6489.0
2062,75,6005.0
2062,76,5575.5
2062,77,5264.0
2062,78,4896.0
2062,79,4392.5
2062,80,3872.0
2062,81,3368.5
2062,82,2895.0
2062,83,2455.0
2062,84,2039.0
2062,85,1668.0
2062,86,1331.0
2062,87,1018.5
2062,88,783.0
2062,89,619.0
2062,90,489.0
2062,91,378.0
2062,92,282.5
2062,93,205.5
2062,94,143.0
2062,95,97.5
2062,96,64.0
2062,97,39.5
2062,98,23.5
2062,99,13.5
2063,0,12471.5
2063,1,12485.0
2063,2,12507.5
2063,3,12536.5
2063,4,12572.0
2063,5,12621.0
2063,6,12684.5
2063,7,12757.0
2063,8,12843.5
2063,9,12942.5
2063,10,13039.0
2063,11,13134.0
2063,12,13246.0
2063,13,13362.0
2063,14,13474.0
2063,15,13585.0
2063,16,13694.0
2063,17,13786.0
2063,18,13859.5
2063,19,13927.0
2063,20,13977.0
2063,21,13998.0
2063,22,14003.5
2063,23,13999.5
2063,24,13981.5
2063,25,13949.5
2063,26,13912.0
2063,27,13871.5
2063,28,13832.5
2063,29,13798.0
2063,30,13768.5
2063,31,13745.0
2063,32,13728.5
2063,33,13720.0
2063,34,13712.0
2063,35,13707.0
2063,36,13708.5
2063,37,13722.5
2063,38,13761.5
2063,39,13734.0
2063,40,13705.5
2063,41,13816.0
2063,42,13932.5
2063,43,14066.5
2063,44,14222.5
2063,45,14358.5
2063,46,14523.5
2063,47,14635.5
2063,48,14590.5
2063,49,14385.5
2063,50,14053.0
2063,51,13684.0
2063,52,13489.0
2063,53,13413.0
2063,54,13292.5
2063,55,13135.0
2063,56,12824.5
2063,57,12347.5
2063,58,11892.5
2063,59,11517.0
2063,60,11159.0
2063,61,10757.5
2063,62,10355.0
2063,63,10095.5
2063,64,9947.0
2063,65,9822.0
2063,66,9730.0
2063,67,9480.5
2063,68,9053.5
2063,69,8679.5
2063,70,8363.0
2063,71,8017.5
2063,72,7597.5
2063,73,7098.5
2063,74,6593.5
2063,75,6111.0
2063,76,5631.5
2063,77,5195.5
2063,78,4874.5
2063,79,4500.5
2063,80,4006.5
2063,81,3501.5
2063,82,3016.5
2063,83,2565.5
2063,84,2149.5
2063,85,1762.5
2063,86,1422.0
2063,87,1116.5
2063,88,840.5
2063,89,634.5
2063,90,491.5
2063,91,380.0
2063,92,286.0
2063,93,209.5
2063,94,147.0
2063,95,99.5
2063,96,65.5
2063,97,40.5
2063,98,24.5
2063,99,14.0
2064,0,12380.5
2064,1,12403.0
2064,2,12432.0
2064,3,12460.0
2064,4,12494.0
2064,5,12534.0
2064,6,12586.5
2064,7,12652.5
2064,8,12728.5
2064,9,12816.0
2064,10,12918.0
2064,11,13016.0
2064,12,13112.5
2064,13,13225.0
2064,14,13341.0
2064,15,13452.0
2064,16,13557.5
2064,17,13654.5
2064,18,13729.5
2064,19,13787.5
2064,20,13842.5
2064,21,13884.5
2064,22,13901.5
2064,23,13907.5
2064,24,13907.0
2064,25,13893.0
2064,26,13866.5
2064,27,13833.5
2064,28,13799.5
2064,29,13765.0
2064,30,13735.0
2064,31,13709.5
2064,32,13689.0
2064,33,13676.0
2064,34,13669.5
2064,35,13663.5
2064,36,13660.0
2064,37,13662.0
2064,38,13676.5
2064,39,13714.0
2064,40,13686.5
2064,41,13656.5
2064,42,13765.5
2064,43,13880.0
2064,44,14010.5
2064,45,14162.5
2064,46,14293.5
2064,47,14452.0
2064,48,14555.5
2064,49,14502.0
2064,50,14286.5
2064,51,13946.0
2064,52,13569.5
2064,53,13365.5
2064,54,13281.0
2064,55,13152.0
2064,56,12988.0
2064,57,12670.0
2064,58,12184.0
2064,59,11721.0
2064,60,11331.5
2064,61,10958.0
2064,62,10540.5
2064,63,10123.5
2064,64,9851.0
2064,65,9686.0
2064,66,9542.5
2064,67,9430.5
2064,68,9164.5
2064,69,8728.0
2064,70,8343.0
2064,71,8013.500000000001
2064,72,7656.0
2064,73,7226.0
2064,74,6722.5
2064,75,6213.5
2064,76,5734.0
2064,77,5251.0
2064,78,4814.5
2064,79,4484.5
2064,80,4109.0
2064,81,3626.0
2064,82,3138.5
2064,83,2676.0
2064,84,2249.0
2064,85,1860.5
2064,86,1504.5
2064,87,1195.0
2064,88,923.0
2064,89,682.0
2064,90,505.0
2064,91,382.5
2064,92,288.5
2064,93,212.0
2064,94,150.0
2064,95,102.5
2064,96,67.5
2064,97,42.0
2064,98,25.5
2064,99,14.5
2065,0,12287.0
2065,1,12311.5
2065,2,12349.5
2065,3,12384.0
2065,4,12417.0
2065,5,12456.0
2065,6,12498.5
2065,7,12554.5
2065,8,12623.5
2065,9,12700.5
2065,10,12791.5
2065,11,12895.0
2065,12,12994.0
2065,13,13091.0
2065,14,13204.5
2065,15,13319.5
2065,16,13425.0
2065,17,13518.0
2065,18,13598.0
2065,19,13656.5
2065,20,13701.5
2065,21,13748.0
2065,22,13787.0
2065,23,13804.0
2065,24,13814.0
2065,25,13817.5
2065,26,13808.5
2065,27,13787.0
2065,28,13759.5
2065,29,13730.5
2065,30,13700.5
2065,31,13674.5
2065,32,13652.5
2065,33,13635.5
2065,34,13624.5
2065,35,13620.5
2065,36,13616.0
2065,37,13613.0
2065,38,13615.5
2065,39,13629.0
2065,40,13666.5
2065,41,13637.0
2065,42,13607.5
2065,43,13712.5
2065,44,13825.0
2065,45,13951.5
2065,46,14099.0
2065,47,14223.5
2065,48,14373.5
2065,49,14468.0
2065,50,14403.5
2065,51,14179.5
2065,52,13830.0
2065,53,13446.0
2065,54,13235.0
2065,55,13142.5
2065,56,13005.5
2065,57,12832.5
2065,58,12505.5
2065,59,12011.0
2065,60,11534.5
2065,61,11129.0
2065,62,10739.0
2065,63,10308.0
2065,64,9881.5
2065,65,9595.0
2065,66,9414.5
2065,67,9252.5
2065,68,9120.0
2065,69,8838.5
2065,70,8393.0
2065,71,7998.0
2065,72,7656.0
2065,73,7286.0
2065,74,6847.5
2065,75,6338.5
2065,76,5833.0
2065,77,5351.0
2065,78,4869.0
2065,79,4433.5
2065,80,4097.5
2065,81,3722.0
2065,82,3253.5
2065,83,2787.0
2065,84,2349.0
2065,85,1949.0
2065,86,1590.0
2065,87,1266.0
2065,88,989.0
2065,89,750.0
2065,90,544.0
2065,91,393.5
2065,92,291.0
2065,93,214.0
2065,94,152.5
2065,95,105.5
2065,96,70.0
2065,97,44.0
2065,98,26.0
2065,99,15.0
2066,0,12202.0
2066,1,12221.5
2066,2,12261.0
2066,3,12304.5
2066,4,12343.5
2066,5,12381.5
2066,6,12422.5
2066,7,12468.5
2066,8,12526.5
2066,9,12597.5
2066,10,12677.5
2066,11,12769.5
2066,12,12874.0
2066,13,12974.0
2066,14,13072.0
2066,15,13184.5
2066,16,13293.5
2066,17,13387.0
2066,18,13463.5
2066,19,13527.0
2066,20,13573.5
2066,21,13611.0
2066,22,13655.5
2066,23,13695.0
2066,24,13716.0
2066,25,13730.0
2066,26,13738.0
2066,27,13734.5
2066,28,13717.5
2066,29,13695.0
2066,30,13670.0
2066,31,13644.0
2066,32,13622.0
2066,33,13602.0
2066,34,13587.5
2066,35,13578.5
2066,36,13575.0
2066,37,13572.0
2066,38,13569.0
2066,39,13570.5
2066,40,13584.0
2066,41,13619.0
2066,42,13590.0
2066,43,13556.5
2066,44,13660.0
2066,45,13768.5
2066,46,13891.0
2066,47,14031.0
2066,48,14148.0
2066,49,14289.0
2066,50,14372.0
2066,51,14297.5
2066,52,14064.0
2066,53,13706.5
2066,54,13317.5
2066,55,13099.5
2066,56,12998.0
2066,57,12853.0
2066,58,12669.5
2066,59,12330.0
2066,60,11822.5
2066,61,11331.5
2066,62,10910.5
2066,63,10506.5
2066,64,10065.5
2066,65,9629.0
2066,66,9330.5
2066,67,9132.0
2066,68,8951.5
2066,69,8800.0
2066,70,8504.5
2066,71,8051.0
2066,72,7646.0
2066,73,7291.0
2066,74,6909.0
2066,75,6460.5
2066,76,5954.5
2066,77,5448.0
2066,78,4966.0
2066,79,4487.5
2066,80,4054.5
2066,81,3715.5
2066,82,3343.0
2066,83,2892.5
2066,84,2449.5
2066,85,2038.5
2066,86,1667.5
2066,87,1340.0
2066,88,1049.0
2066,89,805.5
2066,90,599.0
2066,91,425.0
2066,92,300.0
2066,93,216.5
2066,94,154.5
2066,95,107.5
2066,96,71.5
2066,97,45.5
2066,98,26.5
2066,99,15.5
2067,0,12117.5
2067,1,12139.0
2067,2,12173.0
2067,3,12218.0
2067,4,12265.0
2067,5,12309.0
2067,6,12349.5
2067,7,12393.5
2067,8,12442.0
2067,9,12502.0
2067,10,12575.0
2067,11,12656.5
2067,12,12749.5
2067,13,12854.5
2067,14,12955.0
2067,15,13052.0
2067,16,13158.5
2067,17,13256.5
2067,18,13333.5
2067,19,13395.0
2067,20,13447.0
2067,21,13486.0
2067,22,13521.5
2067,23,13566.5
2067,24,13610.0
2067,25,13635.0
2067,26,13653.5
2067,27,13667.5
2067,28,13668.5
2067,29,13656.5
2067,30,13638.0
2067,31,13616.5
2067,32,13594.0
2067,33,13573.5
2067,34,13556.5
2067,35,13543.0
2067,36,13535.0
2067,37,13533.0
2067,38,13529.5
2067,39,13525.5
2067,40,13527.0
2067,41,13538.0
2067,42,13572.5
2067,43,13540.5
2067,44,13505.0
2067,45,13605.0
2067,46,13709.0
2067,47,13824.5
2067,48,13957.5
2067,49,14066.0
2067,50,14195.0
2067,51,14267.5
2067,52,14182.5
2067,53,13940.5
2067,54,13578.0
2067,55,13183.0
2067,56,12958.0
2067,57,12848.0
2067,58,12692.0
2067,59,12493.5
2067,60,12140.0
2067,61,11618.0
2067,62,11113.0
2067,63,10678.5
2067,64,10262.5
2067,65,9812.0
2067,66,9367.0
2067,67,9054.5
2067,68,8839.0
2067,69,8642.0
2067,70,8472.0
2067,71,8162.5
2067,72,7701.0
2067,73,7286.0
2067,74,6918.0
2067,75,6523.5
2067,76,6074.0
2067,77,5566.0
2067,78,5060.5
2067,79,4580.5
2067,80,4108.0
2067,81,3680.0
2067,82,3341.0
2067,83,2975.5
2067,84,2544.5
2067,85,2128.0
2067,86,1746.0
2067,87,1408.0
2067,88,1112.5
2067,89,856.5
2067,90,644.5
2067,91,469.0
2067,92,325.0
2067,93,223.5
2067,94,157.0
2067,95,108.5
2067,96,72.5
2067,97,46.5
2067,98,28.0
2067,99,16.0
2068,0,12031.0
2068,1,12055.5
2068,2,12090.5
2068,3,12130.0
2068,4,12178.5
2068,5,12230.5
2068,6,12277.0
2068,7,12320.5
2068,8,12367.5
2068,9,12417.5
2068,10,12479.5
2068,11,12554.0
2068,12,12636.5
2068,13,12730.0
2068,14,12835.5
2068,15,12935.0
2068,16,13026.5
2068,17,13121.5
2068,18,13203.5
2068,19,13266.0
2068,20,13315.0
2068,21,13359.0
2068,22,13396.5
2068,23,13432.5
2068,24,13481.5
2068,25,13529.0
2068,26,13559.0
2068,27,13583.5
2068,28,13602.0
2068,29,13607.5
2068,30,13600.0
2068,31,13584.0
2068,32,13566.5
2068,33,13545.5
2068,34,13527.5
2068,35,13512.5
2068,36,13500.0
2068,37,13493.0
2068,38,13490.0
2068,39,13486.0
2068,40,13481.5
2068,41,13481.5
2068,42,13491.5
2068,43,13523.0
2068,44,13489.0
2068,45,13450.5
2068,46,13546.0
2068,47,13644.0
2068,48,13752.5
2068,49,13877.0
2068,50,13974.5
2068,51,14092.5
2068,52,14153.5
2068,53,14060.0
2068,54,13811.0
2068,55,13442.0
2068,56,13043.0
2068,57,12810.0
2068,58,12689.0
2068,59,12518.0
2068,60,12304.0
2068,61,11933.5
2068,62,11398.0
2068,63,10880.0
2068,64,10433.5
2068,65,10008.0
2068,66,9548.5
2068,67,9094.0
2068,68,8768.0
2068,69,8537.5
2068,70,8324.0
2068,71,8135.0
2068,72,7812.0
2068,73,7342.5
2068,74,6917.5
2068,75,6536.5
2068,76,6137.5
2068,77,5681.5
2068,78,5174.0
2068,79,4671.5
2068,80,4196.5
2068,81,3732.0
2068,82,3313.0
2068,83,2976.5
2068,84,2620.5
2068,85,2213.5
2068,86,1826.0
2068,87,1476.5
2068,88,1171.0
2068,89,909.0
2068,90,686.0
2068,91,505.0
2068,92,359.5
2068,93,242.5
2068,94,162.5
2068,95,110.5
2068,96,74.0
2068,97,47.5
2068,98,29.5
2068,99,16.5
2069,0,11939.5
2069,1,11967.0
2069,2,12005.0
2069,3,12045.5
2069,4,12090.0
2069,5,12142.5
2069,6,12197.5
2069,7,12247.5
2069,8,12293.0
2069,9,12342.0
2069,10,12394.0
2069,11,12457.5
2069,12,12533.0
2069,13,12616.5
2069,14,12711.0
2069,15,12815.5
2069,16,12909.0
2069,17,12988.5
2069,18,13067.5
2069,19,13134.0
2069,20,13183.5
2069,21,13225.0
2069,22,13267.5
2069,23,13305.0
2069,24,13344.5
2069,25,13398.0
2069,26,13450.5
2069,27,13486.0
2069,28,13514.5
2069,29,13538.0
2069,30,13548.5
2069,31,13543.5
2069,32,13532.0
2069,33,13516.0
2069,34,13498.0
2069,35,13482.5
2069,36,13468.0
2069,37,13457.0
2069,38,13449.0
2069,39,13446.0
2069,40,13441.5
2069,41,13436.0
2069,42,13435.0
2069,43,13442.0
2069,44,13472.5
2069,45,13435.0
2069,46,13392.5
2069,47,13483.0
2069,48,13573.0
2069,49,13673.0
2069,50,13787.5
2069,51,13874.5
2069,52,13981.5
2069,53,14032.5
2069,54,13930.0
2069,55,13674.5
2069,56,13301.0
2069,57,12895.5
2069,58,12653.0
2069,59,12517.0
2069,60,12330.5
2069,61,12098.0
2069,62,11710.0
2069,63,11161.5
2069,64,10634.0
2069,65,10178.5
2069,66,9743.5
2069,67,9274.0
2069,68,8810.5
2069,69,8472.5
2069,70,8227.5
2069,71,7997.5
2069,72,7790.5
2069,73,7453.0
2069,74,6976.0
2069,75,6541.0
2069,76,6154.0
2069,77,5745.5
2069,78,5285.0
2069,79,4780.5
2069,80,4284.0
2069,81,3817.0
2069,82,3363.0
2069,83,2955.0
2069,84,2625.5
2069,85,2283.0
2069,86,1902.5
2069,87,1545.5
2069,88,1229.5
2069,89,957.5
2069,90,729.0
2069,91,539.0
2069,92,388.0
2069,93,268.5
2069,94,176.5
2069,95,115.0
2069,96,75.5
2069,97,48.5
2069,98,30.5
2069,99,17.0
2070,0,11836.0
2070,1,11871.0
2070,2,11912.5
2070,3,11957.0
2070,4,12002.5
2070,5,12050.5
2070,6,12107.5
2070,7,12165.5
2070,8,12217.0
2070,9,12265.5
2070,10,12316.5
2070,11,12370.0
2070,12,12435.0
2070,13,12511.5
2070,14,12596.0
2070,15,12689.0
2070,16,12787.5
2070,17,12869.0
2070,18,12931.5
2070,19,12994.0
2070,20,13047.5
2070,21,13089.0
2070,22,13128.0
2070,23,13169.5
2070,24,13210.0
2070,25,13254.0
2070,26,13312.5
2070,27,13370.0
2070,28,13410.5
2070,29,13445.0
2070,30,13473.0
2070,31,13486.5
2070,32,13486.0
2070,33,13477.5
2070,34,13464.5
2070,35,13448.5
2070,36,13435.0
2070,37,13421.5
2070,38,13410.0
2070,39,13402.5
2070,40,13400.0
2070,41,13394.0
2070,42,13387.5
2070,43,13384.0
2070,44,13390.0
2070,45,13417.0
2070,46,13376.0
2070,47,13329.5
2070,48,13411.5
2070,49,13494.5
2070,50,13585.0
2070,51,13689.0
2070,52,13765.5
2070,53,13862.0
2070,54,13903.5
2070,55,13794.0
2070,56,13532.0
2070,57,13152.0
2070,58,12738.0
2070,59,12483.0
2070,60,12331.5
2070,61,12125.5
2070,62,11873.0
2070,63,11470.0
2070,64,10912.5
2070,65,10377.0
2070,66,9913.0
2070,67,9466.5
2070,68,8989.0
2070,69,8517.0
2070,70,8168.5
2070,71,7908.5
2070,72,7662.5
2070,73,7436.5
2070,74,7085.0
2070,75,6600.0
2070,76,6162.5
2070,77,5766.0
2070,78,5348.5
2070,79,4887.5
2070,80,4388.5
2070,81,3900.0
2070,82,3442.5
2070,83,3003.0
2070,84,2609.5
2070,85,2289.5
2070,86,1964.5
2070,87,1612.5
2070,88,1289.0
2070,89,1007.5
2070,90,770.0
2070,91,574.0
2070,92,414.5
2070,93,290.5
2070,94,196.5
2070,95,125.0
2070,96,78.0
2070,97,50.0
2070,98,31.0
2070,99,17.5
2071,0,11725.5
2071,1,11768.0
2071,2,11817.0
2071,3,11865.0
2071,4,11913.5
2071,5,11963.5
2071,6,12015.5
2071,7,12074.5
2071,8,12135.0
2071,9,12190.0
2071,10,12240.0
2071,11,12292.5
2071,12,12347.5
2071,13,12413.5
2071,14,12491.5
2071,15,12574.0
2071,16,12661.0
2071,17,12747.5
2071,18,12812.5
2071,19,12858.5
2071,20,12908.0
2071,21,12953.5
2071,22,12992.0
2071,23,13030.5
2071,24,13075.5
2071,25,13120.0
2071,26,13168.5
2071,27,13232.0
2071,28,13295.0
2071,29,13341.0
2071,30,13379.5
2071,31,13411.5
2071,32,13429.0
2071,33,13432.0
2071,34,13426.0
2071,35,13415.5
2071,36,13401.5
2071,37,13388.0
2071,38,13375.0
2071,39,13364.5
2071,40,13356.5
2071,41,13352.0
2071,42,13345.0
2071,43,13337.0
2071,44,13331.5
2071,45,13335.0
2071,46,13358.5
2071,47,13312.5
2071,48,13259.0
2071,49,13335.0
2071,50,13408.5
2071,51,13488.5
2071,52,13582.5
2071,53,13649.0
2071,54,13736.0
2071,55,13769.5
2071,56,13651.5
2071,57,13382.0
2071,58,12993.5
2071,59,12569.5
2071,60,12300.0
2071,61,12129.0
2071,62,11903.5
2071,63,11633.5
2071,64,11218.0
2071,65,10652.5
2071,66,10109.5
2071,67,9635.0
2071,68,9179.0
2071,69,8694.0
2071,70,8215.0
2071,71,7856.0
2071,72,7581.5
2071,73,7318.5
2071,74,7073.0
2071,75,6706.5
2071,76,6222.5
2071,77,5778.0
2071,78,5371.5
2071,79,4950.0
2071,80,4490.5
2071,81,3998.0
2071,82,3521.0
2071,83,3077.0
2071,84,2654.0
2071,85,2278.0
2071,86,1972.5
2071,87,1667.5
2071,88,1347.0
2071,89,1058.0
2071,90,811.5
2071,91,607.0
2071,92,442.5
2071,93,311.5
2071,94,212.5
2071,95,139.0
2071,96,85.5
2071,97,52.0
2071,98,31.5
2071,99,18.0
2072,0,11615.0
2072,1,11660.0
2072,2,11716.5
2072,3,11771.0
2072,4,11823.5
2072,5,11876.5
2072,6,11929.5
2072,7,11984.5
2072,8,12046.0
2072,9,12109.0
2072,10,12165.0
2072,11,12217.5
2072,12,12271.0
2072,13,12327.0
2072,14,12394.0
2072,15,12470.0
2072,16,12547.0
2072,17,12622.0
2072,18,12693.0
2072,19,12741.5
2072,20,12775.0
2072,21,12817.5
2072,22,12859.5
2072,23,12899.0
2072,24,12941.0
2072,25,12989.5
2072,26,13039.0
2072,27,13092.5
2072,28,13161.0
2072,29,13228.5
2072,30,13279.0
2072,31,13322.0
2072,32,13356.5
2072,33,13378.0
2072,34,13383.5
2072,35,13380.0
2072,36,13370.0
2072,37,13357.0
2072,38,13344.0
2072,39,13331.5
2072,40,13319.5
2072,41,13310.5
2072,42,13305.0
2072,43,13297.0
2072,44,13286.5
2072,45,13279.0
2072,46,13278.5
2072,47,13296.0
2072,48,13244.0
2072,49,13184.5
2072,50,13251.0
2072,51,13314.5
2072,52,13385.0
2072,53,13469.0
2072,54,13526.5
2072,55,13605.0
2072,56,13629.0
2072,57,13502.0
2072,58,13224.0
2072,59,12824.5
2072,60,12388.0
2072,61,12101.5
2072,62,11910.5
2072,63,11667.0
2072,64,11381.5
2072,65,10954.5
2072,66,10381.5
2072,67,9830.5
2072,68,9346.5
2072,69,8882.5
2072,70,8389.5
2072,71,7905.5
2072,72,7535.5
2072,73,7245.0
2072,74,6965.0
2072,75,6700.0
2072,76,6327.5
2072,77,5838.0
2072,78,5387.0
2072,79,4975.5
2072,80,4551.5
2072,81,4094.5
2072,82,3613.0
2072,83,3150.0
2072,84,2722.5
2072,85,2320.0
2072,86,1964.5
2072,87,1676.5
2072,88,1394.5
2072,89,1107.0
2072,90,853.0
2072,91,641.0
2072,92,469.0
2072,93,333.0
2072,94,228.0
2072,95,151.5
2072,96,95.5
2072,97,56.5
2072,98,33.0
2072,99,18.5
2073,0,11508.0
2073,1,11551.0
2073,2,11609.5
2073,3,11671.0
2073,4,11731.0
2073,5,11787.0
2073,6,11843.5
2073,7,11899.5
2073,8,11956.5
2073,9,12020.5
2073,10,12085.0
2073,11,12143.5
2073,12,12196.5
2073,13,12251.0
2073,14,12307.5
2073,15,12373.0
2073,16,12443.5
2073,17,12509.0
2073,18,12568.5
2073,19,12623.0
2073,20,12659.0
2073,21,12685.5
2073,22,12724.5
2073,23,12768.5
2073,24,12810.5
2073,25,12856.0
2073,26,12910.0
2073,27,12964.5
2073,28,13023.5
2073,29,13096.0
2073,30,13168.5
2073,31,13222.5
2073,32,13268.0
2073,33,13307.0
2073,34,13330.5
2073,35,13337.5
2073,36,13335.0
2073,37,13327.0
2073,38,13313.5
2073,39,13300.5
2073,40,13287.0
2073,41,13274.5
2073,42,13264.5
2073,43,13258.0
2073,44,13247.5
2073,45,13234.5
2073,46,13223.0
2073,47,13217.0
2073,48,13229.0
2073,49,13170.5
2073,50,13102.5
2073,51,13159.0
2073,52,13213.0
2073,53,13274.0
2073,54,13349.5
2073,55,13398.5
2073,56,13468.5
2073,57,13482.0
2073,58,13345.5
2073,59,13054.5
2073,60,12642.0
2073,61,12191.0
2073,62,11886.5
2073,63,11677.0
2073,64,11418.0
2073,65,11118.0
2073,66,10680.5
2073,67,10099.5
2073,68,9540.5
2073,69,9048.5
2073,70,8576.0
2073,71,8077.999999999999
2073,72,7587.0
2073,73,7205.0
2073,74,6899.5
2073,75,6602.5
2073,76,6326.0
2073,77,5940.5
2073,78,5448.0
2073,79,4994.0
2073,80,4578.5
2073,81,4154.0
2073,82,3704.0
2073,83,3236.0
2073,84,2790.5
2073,85,2382.5
2073,86,2003.0
2073,87,1672.0
2073,88,1404.0
2073,89,1148.0
2073,90,894.0
2073,91,675.5
2073,92,496.0
2073,93,354.0
2073,94,244.5
2073,95,163.0
2073,96,104.0
2073,97,63.0
2073,98,36.5
2073,99,20.0
2074,0,11404.0
2074,1,11445.0
2074,2,11500.5
2074,3,11565.0
2074,4,11632.0
2074,5,11694.5
2074,6,11754.5
2074,7,11813.5
2074,8,11872.0
2074,9,11931.5
2074,10,11997.5
2074,11,12063.5
2074,12,12123.0
2074,13,12176.5
2074,14,12232.0
2074,15,12287.5
2074,16,12347.0
2074,17,12406.5
2074,18,12455.5
2074,19,12499.5
2074,20,12541.5
2074,21,12570.5
2074,22,12593.5
2074,23,12634.5
2074,24,12680.5
2074,25,12727.0
2074,26,12777.0
2074,27,12837.0
2074,28,12896.0
2074,29,12959.5
2074,30,13036.5
2074,31,13112.5
2074,32,13170.0
2074,33,13219.0
2074,34,13260.0
2074,35,13284.5
2074,36,13293.5
2074,37,13292.0
2074,38,13283.5
2074,39,13270.5
2074,40,13257.0
2074,41,13242.5
2074,42,13229.0
2074,43,13218.0
2074,44,13209.0
2074,45,13195.0
2074,46,13179.0
2074,47,13162.5
2074,48,13151.5
2074,49,13156.5
2074,50,13090.0
2074,51,13013.0
2074,52,13060.5
2074,53,13105.0
2074,54,13158.0
2074,55,13225.0
2074,56,13266.0
2074,57,13325.5
2074,58,13328.0
2074,59,13177.0
2074,60,12871.5
2074,61,12444.0
2074,62,11977.5
2074,63,11656.5
2074,64,11431.0
2074,65,11157.0
2074,66,10844.0
2074,67,10394.5
2074,68,9806.0
2074,69,9240.5
2074,70,8741.0
2074,71,8261.5
2074,72,7756.5
2074,73,7259.0
2074,74,6865.0
2074,75,6545.5
2074,76,6238.0
2074,77,5943.5
2074,78,5548.5
2074,79,5054.5
2074,80,4599.5
2074,81,4183.0
2074,82,3761.5
2074,83,3321.0
2074,84,2869.0
2074,85,2444.5
2074,86,2059.5
2074,87,1707.0
2074,88,1402.5
2074,89,1158.0
2074,90,929.0
2074,91,709.0
2074,92,523.5
2074,93,375.5
2074,94,260.0
2074,95,174.5
2074,96,112.0
2074,97,69.0
2074,98,40.5
2074,99,22.0
2075,0,11300.5
2075,1,11342.5
2075,2,11396.0
2075,3,11458.0
2075,4,11527.0
2075,5,11596.5
2075,6,11663.0
2075,7,11725.5
2075,8,11787.0
2075,9,11847.5
2075,10,11909.0
2075,11,11976.0
2075,12,12044.0
2075,13,12103.5
2075,14,12158.5
2075,15,12212.0
2075,16,12262.5
2075,17,12311.0
2075,18,12353.5
2075,19,12387.5
2075,20,12420.0
2075,21,12454.5
2075,22,12480.5
2075,23,12505.5
2075,24,12549.0
2075,25,12599.0
2075,26,12650.0
2075,27,12707.0
2075,28,12770.0
2075,29,12834.5
2075,30,12901.5
2075,31,12982.5
2075,32,13062.0
2075,33,13122.0
2075,34,13173.5
2075,35,13215.5
2075,36,13242.0
2075,37,13251.5
2075,38,13250.0
2075,39,13241.5
2075,40,13228.5
2075,41,13213.5
2075,42,13198.0
2075,43,13183.5
2075,44,13169.5
2075,45,13157.5
2075,46,13141.5
2075,47,13120.0
2075,48,13098.5
2075,49,13080.0
2075,50,13077.5
2075,51,13002.0
2075,52,12917.0
2075,53,12955.5
2075,54,12992.0
2075,55,13037.5
2075,56,13095.5
2075,57,13127.0
2075,58,13175.0
2075,59,13161.5
2075,60,12994.5
2075,61,12672.0
2075,62,12229.5
2075,63,11749.0
2075,64,11414.0
2075,65,11174.0
2075,66,10886.0
2075,67,10557.5
2075,68,10097.0
2075,69,9502.0
2075,70,8931.0
2075,71,8424.0
2075,72,7937.0
2075,73,7426.0
2075,74,6921.0
2075,75,6517.5
2075,76,6187.5
2075,77,5865.5
2075,78,5555.0
2075,79,5151.5
2075,80,4659.5
2075,81,4206.0
2075,82,3791.0
2075,83,3376.0
2075,84,2947.0
2075,85,2516.5
2075,86,2116.0
2075,87,1757.5
2075,88,1433.5
2075,89,1158.5
2075,90,938.5
2075,91,737.5
2075,92,550.0
2075,93,396.5
2075,94,276.5
2075,95,186.0
2075,96,120.5
2075,97,75.0
2075,98,43.5
2075,99,24.5
2076,0,11192.5
2076,1,11241.5
2076,2,11296.5
2076,3,11355.0
2076,4,11421.5
2076,5,11493.5
2076,6,11566.5
2076,7,11635.5
2076,8,11700.5
2076,9,11763.5
2076,10,11826.0
2076,11,11888.5
2076,12,11957.0
2076,13,12025.5
2076,14,12086.0
2076,15,12139.0
2076,16,12189.0
2076,17,12227.5
2076,18,12260.0
2076,19,12288.0
2076,20,12311.0
2076,21,12335.5
2076,22,12368.5
2076,23,12396.5
2076,24,12424.5
2076,25,12471.5
2076,26,12527.0
2076,27,12584.0
2076,28,12644.0
2076,29,12713.0
2076,30,12780.0
2076,31,12851.0
2076,32,12935.0
2076,33,13016.5
2076,34,13079.0
2076,35,13131.5
2076,36,13175.5
2076,37,13202.5
2076,38,13211.5
2076,39,13210.0
2076,40,13201.5
2076,41,13186.5
2076,42,13170.0
2076,43,13153.5
2076,44,13136.0
2076,45,13120.5
2076,46,13106.0
2076,47,13084.0
2076,48,13058.0
2076,49,13028.5
2076,50,13003.0
2076,51,12990.5
2076,52,12907.0
2076,53,12814.5
2076,54,12845.0
2076,55,12875.0
2076,56,12911.5
2076,57,12961.0
2076,58,12980.5
2076,59,13013.0
2076,60,12982.5
2076,61,12796.0
2076,62,12457.5
2076,63,11999.5
2076,64,11508.5
2076,65,11161.5
2076,66,10906.5
2076,67,10602.5
2076,68,10260.0
2076,69,9788.5
2076,70,9189.0
2076,71,8611.5
2076,72,8098.000000000001
2076,73,7603.5
2076,74,7085.0
2076,75,6574.5
2076,76,6165.5
2076,77,5822.5
2076,78,5486.0
2076,79,5162.0
2076,80,4753.0
2076,81,4264.5
2076,82,3816.0
2076,83,3406.0
2076,84,2999.5
2076,85,2588.0
2076,86,2181.5
2076,87,1808.0
2076,88,1478.0
2076,89,1185.5
2076,90,940.0
2076,91,746.0
2076,92,573.0
2076,93,417.5
2076,94,293.0
2076,95,198.0
2076,96,129.5
2076,97,80.5
2076,98,47.5
2076,99,27.0
2077,0,11092.5
2077,1,11137.0
2077,2,11198.0
2077,3,11257.5
2077,4,11321.0
2077,5,11390.0
2077,6,11465.0
2077,7,11541.0
2077,8,11612.0
2077,9,11678.5
2077,10,11743.0
2077,11,11807.0
2077,12,11870.5
2077,13,11940.0
2077,14,12008.5
2077,15,12068.0
2077,16,12116.5
2077,17,12154.5
2077,18,12178.5
2077,19,12197.0
2077,20,12214.0
2077,21,12229.5
2077,22,12253.5
2077,23,12288.5
2077,24,12320.0
2077,25,12352.0
2077,26,12405.5
2077,27,12465.5
2077,28,12526.0
2077,29,12591.0
2077,30,12662.0
2077,31,12733.0
2077,32,12807.0
2077,33,12893.0
2077,34,12976.5
2077,35,13040.0
2077,36,13093.5
2077,37,13137.5
2077,38,13164.5
2077,39,13173.5
2077,40,13171.0
2077,41,13161.0
2077,42,13144.5
2077,43,13127.0
2077,44,13108.5
2077,45,13089.0
2077,46,13070.0
2077,47,13049.5
2077,48,13023.5
2077,49,12989.5
2077,50,12953.5
2077,51,12919.0
2077,52,12898.0
2077,53,12807.0
2077,54,12707.5
2077,55,12731.5
2077,56,12753.0
2077,57,12781.5
2077,58,12818.0
2077,59,12824.0
2077,60,12839.0
2077,61,12788.0
2077,62,12583.0
2077,63,12226.5
2077,64,11758.0
2077,65,11257.5
2077,66,10898.0
2077,67,10626.5
2077,68,10308.0
2077,69,9951.0
2077,70,9471.0
2077,71,8865.5
2077,72,8283.0
2077,73,7762.0
2077,74,7259.0
2077,75,6735.0
2077,76,6224.0
2077,77,5805.5
2077,78,5450.0
2077,79,5102.5
2077,80,4766.5
2077,81,4354.0
2077,82,3873.0
2077,83,3431.5
2077,84,3030.0
2077,85,2637.0
2077,86,2246.0
2077,87,1866.0
2077,88,1522.5
2077,89,1224.0
2077,90,963.5
2077,91,748.5
2077,92,581.5
2077,93,436.0
2077,94,309.0
2077,95,210.0
2077,96,138.0
2077,97,86.0
2077,98,51.5
2077,99,29.0
2078,0,10999.5
2078,1,11039.5
2078,2,11095.0
2078,3,11161.5
2078,4,11225.0
2078,5,11291.0
2078,6,11363.5
2078,7,11441.0
2078,8,11518.5
2078,9,11591.0
2078,10,11659.0
2078,11,11725.5
2078,12,11790.0
2078,13,11854.5
2078,14,11924.0
2078,15,11991.5
2078,16,12045.5
2078,17,12083.5
2078,18,12107.0
2078,19,12117.0
2078,20,12125.0
2078,21,12135.0
2078,22,12150.5
2078,23,12176.0
2078,24,12215.0
2078,25,12251.0
2078,26,12289.5
2078,27,12346.5
2078,28,12411.0
2078,29,12475.5
2078,30,12543.0
2078,31,12618.0
2078,32,12691.5
2078,33,12767.0
2078,34,12855.0
2078,35,12939.5
2078,36,13003.5
2078,37,13057.5
2078,38,13101.5
2078,39,13127.5
2078,40,13135.5
2078,41,13132.0
2078,42,13120.5
2078,43,13102.5
2078,44,13084.0
2078,45,13062.0
2078,46,13039.0
2078,47,13015.0
2078,48,12990.5
2078,49,12956.5
2078,50,12916.5
2078,51,12872.0
2078,52,12828.5
2078,53,12800.0
2078,54,12702.5
2078,55,12597.0
2078,56,12613.0
2078,57,12626.0
2078,58,12642.5
2078,59,12666.0
2078,60,12654.5
2078,61,12649.5
2078,62,12577.5
2078,63,12353.5
2078,64,11984.5
2078,65,11505.5
2078,66,10995.5
2078,67,10622.5
2078,68,10335.0
2078,69,10001.5
2078,70,9632.0
2078,71,9142.5
2078,72,8532.0
2078,73,7944.5
2078,74,7415.5
2078,75,6905.0
2078,76,6380.5
2078,77,5864.5
2078,78,5438.5
2078,79,5072.5
2078,80,4715.5
2078,81,4370.5
2078,82,3958.0
2078,83,3486.0
2078,84,3056.0
2078,85,2666.5
2078,86,2290.5
2078,87,1923.5
2078,88,1573.5
2078,89,1262.5
2078,90,996.5
2078,91,769.0
2078,92,584.5
2078,93,443.0
2078,94,323.5
2078,95,222.0
2078,96,146.5
2078,97,92.0
2078,98,55.5
2078,99,31.5
2079,0,10900.5
2079,1,10944.5
2079,2,10995.5
2079,3,11057.5
2079,4,11126.5
2079,5,11194.0
2079,6,11263.0
2079,7,11337.5
2079,8,11417.0
2079,9,11496.5
2079,10,11571.0
2079,11,11640.5
2079,12,11707.5
2079,13,11773.5
2079,14,11837.5
2079,15,11906.5
2079,16,11968.5
2079,17,12012.0
2079,18,12035.0
2079,19,12044.5
2079,20,12043.5
2079,21,12044.0
2079,22,12054.0
2079,23,12070.0
2079,24,12099.0
2079,25,12143.0
2079,26,12184.5
2079,27,12227.5
2079,28,12289.0
2079,29,12358.0
2079,30,12425.5
2079,31,12497.0
2079,32,12574.0
2079,33,12649.5
2079,34,12727.5
2079,35,12816.5
2079,36,12901.5
2079,37,12967.0
2079,38,13020.0
2079,39,13063.5
2079,40,13089.0
2079,41,13096.5
2079,42,13091.0
2079,43,13078.5
2079,44,13058.5
2079,45,13037.0
2079,46,13012.0
2079,47,12985.0
2079,48,12956.0
2079,49,12924.5
2079,50,12883.5
2079,51,12835.0
2079,52,12782.0
2079,53,12731.5
2079,54,12696.5
2079,55,12592.0
2079,56,12481.0
2079,57,12488.0
2079,58,12490.5
2079,59,12494.5
2079,60,12500.5
2079,61,12470.5
2079,62,12443.5
2079,63,12352.0
2079,64,12112.0
2079,65,11730.0
2079,66,11240.5
2079,67,10721.0
2079,68,10334.5
2079,69,10032.0
2079,70,9684.5
2079,71,9302.0
2079,72,8803.0
2079,73,8187.5
2079,74,7593.5
2079,75,7058.0
2079,76,6546.0
2079,77,6016.5
2079,78,5498.0
2079,79,5065.5
2079,80,4692.5
2079,81,4328.0
2079,82,3976.5
2079,83,3565.5
2079,84,3107.5
2079,85,2692.0
2079,86,2319.0
2079,87,1964.5
2079,88,1624.5
2079,89,1306.5
2079,90,1029.5
2079,91,796.5
2079,92,601.0
2079,93,446.5
2079,94,329.0
2079,95,233.0
2079,96,155.5
2079,97,98.5
2079,98,60.0
2079,99,34.5
2080,0,10791.5
2080,1,10843.5
2080,2,10899.0
2080,3,10956.5
2080,4,11021.0
2080,5,11094.5
2080,6,11164.0
2080,7,11236.0
2080,8,11312.5
2080,9,11394.5
2080,10,11475.0
2080,11,11551.5
2080,12,11621.5
2080,13,11690.0
2080,14,11755.5
2080,15,11819.5
2080,16,11882.5
2080,17,11934.0
2080,18,11962.0
2080,19,11970.5
2080,20,11968.0
2080,21,11960.5
2080,22,11960.0
2080,23,11970.0
2080,24,11990.0
2080,25,12024.0
2080,26,12072.5
2080,27,12119.5
2080,28,12166.5
2080,29,12233.0
2080,30,12305.0
2080,31,12376.5
2080,32,12450.5
2080,33,12530.5
2080,34,12608.0
2080,35,12687.0
2080,36,12776.5
2080,37,12863.5
2080,38,12927.5
2080,39,12981.0
2080,40,13024.0
2080,41,13049.0
2080,42,13055.0
2080,43,13048.5
2080,44,13033.5
2080,45,13012.0
2080,46,12987.0
2080,47,12958.0
2080,48,12925.5
2080,49,12890.5
2080,50,12851.0
2080,51,12802.5
2080,52,12745.5
2080,53,12686.0
2080,54,12629.0
2080,55,12587.0
2080,56,12478.0
2080,57,12358.5
2080,58,12355.5
2080,59,12345.5
2080,60,12332.5
2080,61,12320.5
2080,62,12270.0
2080,63,12223.0
2080,64,12113.0
2080,65,11857.5
2080,66,11463.5
2080,67,10963.0
2080,68,10434.0
2080,69,10035.0
2080,70,9717.5
2080,71,9356.5
2080,72,8960.5
2080,73,8451.0
2080,74,7830.0
2080,75,7232.0
2080,76,6695.0
2080,77,6177.0
2080,78,5644.0
2080,79,5125.5
2080,80,4690.0
2080,81,4310.5
2080,82,3941.5
2080,83,3586.5
2080,84,3182.5
2080,85,2741.0
2080,86,2344.5
2080,87,1991.0
2080,88,1661.0
2080,89,1351.0
2080,90,1067.0
2080,91,824.0
2080,92,624.0
2080,93,460.0
2080,94,331.5
2080,95,238.0
2080,96,163.5
2080,97,105.0
2080,98,63.5
2080,99,37.0
2081,0,10678.0
2081,1,10734.0
2081,2,10798.0
2081,3,10859.5
2081,4,10920.5
2081,5,10988.0
2081,6,11064.5
2081,7,11138.0
2081,8,11211.0
2081,9,11290.0
2081,10,11373.0
2081,11,11456.0
2081,12,11532.5
2081,13,11604.0
2081,14,11672.5
2081,15,11737.0
2081,16,11795.5
2081,17,11848.0
2081,18,11884.0
2081,19,11897.5
2081,20,11894.5
2081,21,11886.0
2081,22,11875.5
2081,23,11876.0
2081,24,11890.5
2081,25,11915.0
2081,26,11953.5
2081,27,12007.0
2081,28,12058.5
2081,29,12110.0
2081,30,12180.0
2081,31,12256.0
2081,32,12330.0
2081,33,12407.0
2081,34,12488.0
2081,35,12567.5
2081,36,12647.5
2081,37,12738.5
2081,38,12824.5
2081,39,12889.0
2081,40,12942.0
2081,41,12984.0
2081,42,13008.0
2081,43,13011.5
2081,44,13004.5
2081,45,12987.0
2081,46,12962.5
2081,47,12933.0
2081,48,12899.5
2081,49,12861.0
2081,50,12818.5
2081,51,12771.0
2081,52,12715.0
2081,53,12651.5
2081,54,12585.0
2081,55,12522.5
2081,56,12474.0
2081,57,12357.0
2081,58,12229.0
2081,59,12214.0
2081,60,12188.0
2081,61,12157.0
2081,62,12125.0
2081,63,12055.0
2081,64,11989.5
2081,65,11862.0
2081,66,11592.5
2081,67,11184.0
2081,68,10674.0
2081,69,10135.0
2081,70,9724.5
2081,71,9392.5
2081,72,9017.0
2081,73,8606.5
2081,74,8087.0
2081,75,7461.5
2081,76,6864.0
2081,77,6321.5
2081,78,5798.5
2081,79,5266.0
2081,80,4749.0
2081,81,4312.0
2081,82,3929.0
2081,83,3559.0
2081,84,3204.5
2081,85,2810.5
2081,86,2389.5
2081,87,2015.0
2081,88,1686.0
2081,89,1383.5
2081,90,1105.0
2081,91,855.0
2081,92,646.5
2081,93,478.0
2081,94,342.5
2081,95,240.5
2081,96,167.0
2081,97,110.5
2081,98,67.5
2081,99,39.0
2082,0,10568.5
2082,1,10621.5
2082,2,10690.0
2082,3,10759.0
2082,4,10824.5
2082,5,10888.0
2082,6,10960.0
2082,7,11039.5
2082,8,11113.0
2082,9,11189.0
2082,10,11269.5
2082,11,11354.0
2082,12,11437.5
2082,13,11515.5
2082,14,11587.0
2082,15,11654.5
2082,16,11714.0
2082,17,11761.0
2082,18,11799.0
2082,19,11820.5
2082,20,11823.0
2082,21,11813.5
2082,22,11802.0
2082,23,11794.0
2082,24,11798.5
2082,25,11817.0
2082,26,11847.0
2082,27,11890.0
2082,28,11948.0
2082,29,12003.5
2082,30,12059.0
2082,31,12132.5
2082,32,12211.0
2082,33,12287.5
2082,34,12366.0
2082,35,12449.5
2082,36,12529.5
2082,37,12610.5
2082,38,12701.0
2082,39,12787.0
2082,40,12851.0
2082,41,12903.0
2082,42,12944.0
2082,43,12965.5
2082,44,12969.0
2082,45,12958.5
2082,46,12939.0
2082,47,12909.5
2082,48,12876.0
2082,49,12836.0
2082,50,12790.5
2082,51,12739.5
2082,52,12686.0
2082,53,12622.5
2082,54,12552.5
2082,55,12480.5
2082,56,12411.0
2082,57,12355.5
2082,58,12230.0
2082,59,12091.5
2082,60,12061.5
2082,61,12017.5
2082,62,11967.5
2082,63,11916.0
2082,64,11828.0
2082,65,11745.0
2082,66,11600.0
2082,67,11314.0
2082,68,10893.5
2082,69,10372.5
2082,70,9826.5
2082,71,9404.0
2082,72,9056.0
2082,73,8665.5
2082,74,8240.5
2082,75,7711.0
2082,76,7086.5
2082,77,6485.5
2082,78,5939.0
2082,79,5414.0
2082,80,4883.5
2082,81,4370.5
2082,82,3934.0
2082,83,3551.5
2082,84,3182.5
2082,85,2833.0
2082,86,2453.0
2082,87,2057.0
2082,88,1709.5
2082,89,1406.5
2082,90,1133.5
2082,91,887.0
2082,92,672.0
2082,93,496.0
2082,94,357.0
2082,95,248.5
2082,96,169.5
2082,97,113.0
2082,98,71.5
2082,99,42.0
2083,0,10459.0
2083,1,10514.5
2083,2,10580.5
2083,3,10653.0
2083,4,10726.0
2083,5,10794.0
2083,6,10861.5
2083,7,10935.0
2083,8,11016.0
2083,9,11092.0
2083,10,11169.5
2083,11,11251.0
2083,12,11336.5
2083,13,11421.0
2083,14,11499.0
2083,15,11570.0
2083,16,11632.0
2083,17,11680.5
2083,18,11714.0
2083,19,11737.5
2083,20,11747.5
2083,21,11744.5
2083,22,11733.0
2083,23,11724.0
2083,24,11719.5
2083,25,11728.5
2083,26,11753.0
2083,27,11786.5
2083,28,11834.0
2083,29,11896.0
2083,30,11955.0
2083,31,12014.0
2083,32,12090.0
2083,33,12170.0
2083,34,12249.5
2083,35,12329.0
2083,36,12413.0
2083,37,12494.0
2083,38,12574.5
2083,39,12665.0
2083,40,12750.0
2083,41,12813.0
2083,42,12864.0
2083,43,12903.5
2083,44,12924.0
2083,45,12924.5
2083,46,12911.0
2083,47,12887.5
2083,48,12853.5
2083,49,12813.5
2083,50,12766.5
2083,51,12713.5
2083,52,12656.0
2083,53,12594.5
2083,54,12525.5
2083,55,12449.5
2083,56,12372.0
2083,57,12295.5
2083,58,12230.5
2083,59,12094.5
2083,60,11942.5
2083,61,11895.0
2083,62,11833.0
2083,63,11764.0
2083,64,11694.5
2083,65,11590.0
2083,66,11489.0
2083,67,11325.5
2083,68,11023.5
2083,69,10590.5
2083,70,10061.0
2083,71,9506.5
2083,72,9071.0
2083,73,8708.0
2083,74,8301.5
2083,75,7862.5
2083,76,7328.0
2083,77,6700.0
2083,78,6098.0
2083,79,5549.5
2083,80,5025.0
2083,81,4498.0
2083,82,3991.5
2083,83,3560.0
2083,84,3179.5
2083,85,2817.0
2083,86,2476.0
2083,87,2114.5
2083,88,1747.5
2083,89,1428.5
2083,90,1154.0
2083,91,911.5
2083,92,698.5
2083,93,516.5
2083,94,371.5
2083,95,259.5
2083,96,176.0
2083,97,115.0
2083,98,73.5
2083,99,45.0
2084,0,10356.5
2084,1,10406.5
2084,2,10474.5
2084,3,10544.5
2084,4,10621.0
2084,5,10697.0
2084,6,10767.5
2084,7,10837.0
2084,8,10913.0
2084,9,10995.5
2084,10,11073.0
2084,11,11151.5
2084,12,11234.0
2084,13,11320.5
2084,14,11405.0
2084,15,11482.5
2084,16,11548.0
2084,17,11599.5
2084,18,11634.5
2084,19,11654.0
2084,20,11666.0
2084,21,11671.0
2084,22,11665.5
2084,23,11656.5
2084,24,11651.0
2084,25,11651.5
2084,26,11665.5
2084,27,11694.0
2084,28,11732.5
2084,29,11783.5
2084,30,11849.5
2084,31,11911.5
2084,32,11972.5
2084,33,12050.0
2084,34,12133.5
2084,35,12213.0
2084,36,12293.5
2084,37,12378.0
2084,38,12459.5
2084,39,12539.5
2084,40,12629.0
2084,41,12713.0
2084,42,12775.0
2084,43,12824.5
2084,44,12862.0
2084,45,12880.0
2084,46,12877.5
2084,47,12860.5
2084,48,12832.0
2084,49,12792.0
2084,50,12745.0
2084,51,12691.0
2084,52,12630.5
2084,53,12566.0
2084,54,12499.5
2084,55,12424.5
2084,56,12343.5
2084,57,12258.0
2084,58,12173.0
2084,59,12097.0
2084,60,11947.5
2084,61,11780.5
2084,62,11714.5
2084,63,11634.5
2084,64,11548.5
2084,65,11462.5
2084,66,11341.0
2084,67,11220.5
2084,68,11039.0
2084,69,10721.0
2084,70,10275.5
2084,71,9737.5
2084,72,9174.5
2084,73,8726.5
2084,74,8346.5
2084,75,7925.0
2084,76,7476.0
2084,77,6932.0
2084,78,6303.5
2084,79,5702.0
2084,80,5154.0
2084,81,4632.5
2084,82,4111.5
2084,83,3615.0
2084,84,3190.5
2084,85,2818.0
2084,86,2465.0
2084,87,2137.0
2084,88,1798.5
2084,89,1462.0
2084,90,1173.0
2084,91,929.5
2084,92,719.0
2084,93,538.0
2084,94,388.0
2084,95,271.0
2084,96,183.5
2084,97,120.0
2084,98,75.5
2084,99,46.0
2085,0,10257.0
2085,1,10303.5
2085,2,10365.5
2085,3,10437.5
2085,4,10511.5
2085,5,10591.5
2085,6,10670.0
2085,7,10743.5
2085,8,10814.5
2085,9,10892.0
2085,10,10975.5
2085,11,11055.0
2085,12,11134.5
2085,13,11218.0
2085,14,11304.5
2085,15,11388.5
2085,16,11460.5
2085,17,11515.0
2085,18,11552.5
2085,19,11573.5
2085,20,11582.0
2085,21,11588.0
2085,22,11591.0
2085,23,11588.5
2085,24,11582.5
2085,25,11582.0
2085,26,11587.5
2085,27,11606.0
2085,28,11639.0
2085,29,11681.0
2085,30,11736.5
2085,31,11805.0
2085,32,11869.5
2085,33,11932.0
2085,34,12012.5
2085,35,12096.5
2085,36,12177.5
2085,37,12258.5
2085,38,12343.5
2085,39,12424.5
2085,40,12504.0
2085,41,12592.5
2085,42,12675.5
2085,43,12735.5
2085,44,12783.0
2085,45,12818.5
2085,46,12834.0
2085,47,12827.0
2085,48,12806.0
2085,49,12771.0
2085,50,12724.5
2085,51,12671.0
2085,52,12609.0
2085,53,12542.5
2085,54,12472.0
2085,55,12400.5
2085,56,12319.5
2085,57,12231.5
2085,58,12137.5
2085,59,12041.5
2085,60,11952.5
2085,61,11788.0
2085,62,11604.5
2085,63,11521.0
2085,64,11424.0
2085,65,11322.0
2085,66,11219.5
2085,67,11080.0
2085,68,10940.5
2085,69,10739.5
2085,70,10406.0
2085,71,9950.0
2085,72,9402.0
2085,73,8830.0
2085,74,8368.5
2085,75,7971.5
2085,76,7539.5
2085,77,7076.5
2085,78,6526.5
2085,79,5899.0
2085,80,5299.5
2085,81,4756.0
2085,82,4238.0
2085,83,3727.5
2085,84,3243.5
2085,85,2831.5
2085,86,2468.5
2085,87,2130.5
2085,88,1820.0
2085,89,1506.5
2085,90,1202.5
2085,91,947.0
2085,92,734.5
2085,93,554.5
2085,94,405.0
2085,95,284.0
2085,96,192.0
2085,97,126.0
2085,98,78.5
2085,99,47.0
2086,0,10158.0
2086,1,10203.5
2086,2,10262.0
2086,3,10328.5
2086,4,10404.5
2086,5,10481.0
2086,6,10564.0
2086,7,10645.0
2086,8,10720.5
2086,9,10793.0
2086,10,10872.0
2086,11,10958.0
2086,12,11038.0
2086,13,11118.0
2086,14,11201.5
2086,15,11287.0
2086,16,11366.0
2086,17,11427.0
2086,18,11467.0
2086,19,11491.5
2086,20,11501.0
2086,21,11503.0
2086,22,11508.0
2086,23,11513.0
2086,24,11513.0
2086,25,11512.0
2086,26,11517.0
2086,27,11526.5
2086,28,11550.0
2086,29,11587.0
2086,30,11632.5
2086,31,11691.5
2086,32,11762.0
2086,33,11828.5
2086,34,11894.0
2086,35,11975.5
2086,36,12060.5
2086,37,12142.5
2086,38,12223.5
2086,39,12309.0
2086,40,12388.5
2086,41,12467.5
2086,42,12554.5
2086,43,12636.0
2086,44,12695.0
2086,45,12740.5
2086,46,12773.0
2086,47,12784.0
2086,48,12773.5
2086,49,12745.5
2086,50,12704.5
2086,51,12651.5
2086,52,12590.5
2086,53,12522.5
2086,54,12449.5
2086,55,12375.0
2086,56,12296.0
2086,57,12209.0
2086,58,12112.0
2086,59,12008.5
2086,60,11900.0
2086,61,11794.5
2086,62,11614.5
2086,63,11415.5
2086,64,11315.5
2086,65,11203.0
2086,66,11085.5
2086,67,10964.5
2086,68,10806.0
2086,69,10647.5
2086,70,10428.0
2086,71,10080.5
2086,72,9610.5
2086,73,9052.5
2086,74,8471.5
2086,75,7996.0
2086,76,7587.5
2086,77,7142.0
2086,78,6667.0
2086,79,6112.0
2086,80,5487.0
2086,81,4894.0
2086,82,4355.0
2086,83,3846.0
2086,84,3348.0
2086,85,2881.5
2086,86,2483.0
2086,87,2136.5
2086,88,1816.5
2086,89,1526.5
2086,90,1241.5
2086,91,972.5
2086,92,749.5
2086,93,567.5
2086,94,418.5
2086,95,296.5
2086,96,201.5
2086,97,131.5
2086,98,82.5
2086,99,49.0
2087,0,10072.0
2087,1,10106.5
2087,2,10164.5
2087,3,10227.0
2087,4,10297.0
2087,5,10375.5
2087,6,10455.0
2087,7,10540.0
2087,8,10623.0
2087,9,10700.0
2087,10,10775.0
2087,11,10855.0
2087,12,10941.0
2087,13,11022.0
2087,14,11102.0
2087,15,11184.5
2087,16,11266.0
2087,17,11334.0
2087,18,11381.0
2087,19,11408.5
2087,20,11421.0
2087,21,11425.0
2087,22,11426.0
2087,23,11432.5
2087,24,11441.0
2087,25,11446.0
2087,26,11450.0
2087,27,11459.5
2087,28,11474.0
2087,29,11501.5
2087,30,11541.0
2087,31,11590.0
2087,32,11650.5
2087,33,11724.0
2087,34,11793.0
2087,35,11859.0
2087,36,11941.5
2087,37,12027.5
2087,38,12109.0
2087,39,12190.5
2087,40,12274.0
2087,41,12353.5
2087,42,12430.5
2087,43,12517.0
2087,44,12597.0
2087,45,12653.5
2087,46,12696.0
2087,47,12724.5
2087,48,12731.5
2087,49,12715.0
2087,50,12680.5
2087,51,12632.5
2087,52,12572.5
2087,53,12505.5
2087,54,12431.5
2087,55,12353.5
2087,56,12272.5
2087,57,12188.0
2087,58,12092.0
2087,59,11986.5
2087,60,11869.5
2087,61,11745.0
2087,62,11624.0
2087,63,11428.5
2087,64,11215.5
2087,65,11100.5
2087,66,10972.0
2087,67,10836.5
2087,68,10697.0
2087,69,10520.5
2087,70,10343.0
2087,71,10106.0
2087,72,9740.5
2087,73,9257.5
2087,74,8689.5
2087,75,8099.0
2087,76,7616.0
2087,77,7192.5
2087,78,6732.5
2087,79,6247.5
2087,80,5690.5
2087,81,5071.0
2087,82,4485.5
2087,83,3955.5
2087,84,3457.5
2087,85,2977.0
2087,86,2530.0
2087,87,2152.0
2087,88,1824.0
2087,89,1526.5
2087,90,1260.0
2087,91,1005.5
2087,92,771.0
2087,93,581.0
2087,94,429.0
2087,95,306.5
2087,96,211.0
2087,97,138.0
2087,98,86.5
2087,99,52.0
2088,0,9987.0
2088,1,10024.0
2088,2,10070.0
2088,3,10131.5
2088,4,10197.5
2088,5,10270.0
2088,6,10351.5
2088,7,10433.0
2088,8,10519.0
2088,9,10604.5
2088,10,10683.0
2088,11,10758.0
2088,12,10839.0
2088,13,10927.0
2088,14,11007.0
2088,15,11086.5
2088,16,11165.0
2088,17,11235.5
2088,18,11290.5
2088,19,11324.5
2088,20,11341.0
2088,21,11348.5
2088,22,11351.5
2088,23,11355.0
2088,24,11365.5
2088,25,11379.5
2088,26,11389.0
2088,27,11398.0
2088,28,11411.0
2088,29,11429.5
2088,30,11459.0
2088,31,11502.0
2088,32,11553.0
2088,33,11615.5
2088,34,11691.0
2088,35,11760.5
2088,36,11828.0
2088,37,11910.5
2088,38,11996.5
2088,39,12077.5
2088,40,12157.5
2088,41,12241.0
2088,42,12318.5
2088,43,12395.0
2088,44,12479.0
2088,45,12557.0
2088,46,12610.5
2088,47,12649.0
2088,48,12673.5
2088,49,12674.5
2088,50,12651.5
2088,51,12610.0
2088,52,12555.5
2088,53,12489.5
2088,54,12416.0
2088,55,12337.0
2088,56,12254.5
2088,57,12167.5
2088,58,12073.5
2088,59,11969.5
2088,60,11850.0
2088,61,11718.0
2088,62,11578.5
2088,63,11441.0
2088,64,11231.5
2088,65,11005.5
2088,66,10875.0
2088,67,10730.0
2088,68,10576.5
2088,69,10418.5
2088,70,10225.0
2088,71,10027.5
2088,72,9770.0
2088,73,9388.0
2088,74,8892.0
2088,75,8313.0
2088,76,7719.0
2088,77,7223.5
2088,78,6785.0
2088,79,6314.0
2088,80,5821.5
2088,81,5263.0
2088,82,4652.0
2088,83,4078.5
2088,84,3560.0
2088,85,3078.0
2088,86,2617.5
2088,87,2195.5
2088,88,1840.0
2088,89,1535.5
2088,90,1262.0
2088,91,1022.0
2088,92,798.5
2088,93,599.0
2088,94,439.5
2088,95,315.5
2088,96,219.0
2088,97,145.5
2088,98,91.0
2088,99,55.0
2089,0,9904.5
2089,1,9941.0
2089,2,9988.5
2089,3,10038.5
2089,4,10103.0
2089,5,10171.5
2089,6,10247.0
2089,7,10330.0
2089,8,10413.0
2089,9,10502.0
2089,10,10587.5
2089,11,10666.5
2089,12,10743.0
2089,13,10825.0
2089,14,10912.0
2089,15,10992.0
2089,16,11067.0
2089,17,11135.5
2089,18,11193.0
2089,19,11234.5
2089,20,11258.5
2089,21,11270.0
2089,22,11277.0
2089,23,11282.5
2089,24,11290.0
2089,25,11306.0
2089,26,11324.5
2089,27,11339.0
2089,28,11351.5
2089,29,11368.5
2089,30,11389.0
2089,31,11422.5
2089,32,11466.5
2089,33,11519.0
2089,34,11584.0
2089,35,11660.0
2089,36,11730.0
2089,37,11797.5
2089,38,11881.0
2089,39,11965.5
2089,40,12046.0
2089,41,12125.5
2089,42,12207.5
2089,43,12283.5
2089,44,12358.0
2089,45,12440.5
2089,46,12515.0
2089,47,12565.0
2089,48,12599.0
2089,49,12617.5
2089,50,12612.5
2089,51,12582.5
2089,52,12535.0
2089,53,12474.0
2089,54,12401.5
2089,55,12323.5
2089,56,12240.0
2089,57,12151.0
2089,58,12055.0
2089,59,11953.5
2089,60,11835.5
2089,61,11701.5
2089,62,11554.5
2089,63,11399.5
2089,64,11247.0
2089,65,11024.5
2089,66,10786.0
2089,67,10639.0
2089,68,10476.5
2089,69,10305.5
2089,70,10130.0
2089,71,9916.5
2089,72,9699.0
2089,73,9421.0
2089,74,9022.0
2089,75,8511.5
2089,76,7927.0
2089,77,7325.5
2089,78,6818.5
2089,79,6367.5
2089,80,5887.0
2089,81,5388.5
2089,82,4833.0
2089,83,4234.5
2089,84,3674.5
2089,85,3173.0
2089,86,2710.0
2089,87,2274.5
2089,88,1880.0
2089,89,1550.5
2089,90,1271.5
2089,91,1025.5
2089,92,813.5
2089,93,621.0
2089,94,454.0
2089,95,324.5
2089,96,225.0
2089,97,151.0
2089,98,96.5
2089,99,57.5
2090,0,9830.0
2090,1,9859.5
2090,2,9906.5
2090,3,9958.0
2090,4,10011.0
2090,5,10078.0
2090,6,10149.0
2090,7,10226.0
2090,8,10311.0
2090,9,10396.0
2090,10,10485.5
2090,11,10572.0
2090,12,10652.5
2090,13,10729.0
2090,14,10811.0
2090,15,10897.5
2090,16,10973.0
2090,17,11038.5
2090,18,11093.5
2090,19,11138.0
2090,20,11170.0
2090,21,11189.0
2090,22,11200.0
2090,23,11209.0
2090,24,11219.5
2090,25,11231.5
2090,26,11253.0
2090,27,11276.0
2090,28,11294.5
2090,29,11310.5
2090,30,11330.0
2090,31,11354.0
2090,32,11387.5
2090,33,11434.5
2090,34,11488.5
2090,35,11553.5
2090,36,11630.0
2090,37,11701.0
2090,38,11768.5
2090,39,11851.0
2090,40,11935.0
2090,41,12014.5
2090,42,12093.5
2090,43,12173.0
2090,44,12248.0
2090,45,12320.5
2090,46,12399.5
2090,47,12471.0
2090,48,12516.0
2090,49,12545.0
2090,50,12557.0
2090,51,12545.0
2090,52,12508.5
2090,53,12454.5
2090,54,12387.5
2090,55,12310.5
2090,56,12228.0
2090,57,12138.0
2090,58,12041.0
2090,59,11936.5
2090,60,11821.5
2090,61,11690.0
2090,62,11541.0
2090,63,11378.5
2090,64,11209.0
2090,65,11043.0
2090,66,10808.0
2090,67,10555.0
2090,68,10391.0
2090,69,10212.0
2090,70,10023.5
2090,71,9828.5
2090,72,9596.0
2090,73,9357.0
2090,74,9057.5
2090,75,8641.0
2090,76,8120.5
2090,77,7527.0
2090,78,6919.0
2090,79,6403.0
2090,80,5941.0
2090,81,5454.0
2090,82,4952.5
2090,83,4402.5
2090,84,3818.5
2090,85,3278.5
2090,86,2797.0
2090,87,2357.5
2090,88,1950.0
2090,89,1587.0
2090,90,1287.0
2090,91,1035.0
2090,92,818.0
2090,93,633.5
2090,94,472.5
2090,95,336.0
2090,96,232.0
2090,97,155.5
2090,98,100.5
2090,99,61.0
2091,0,9757.5
2091,1,9785.5
2091,2,9825.0
2091,3,9876.5
2091,4,9931.0
2091,5,9986.0
2091,6,10056.0
2091,7,10128.5
2091,8,10208.0
2091,9,10294.0
2091,10,10380.0
2091,11,10470.5
2091,12,10558.5
2091,13,10639.0
2091,14,10716.0
2091,15,10797.0
2091,16,10879.0
2091,17,10944.5
2091,18,10996.5
2091,19,11039.0
2091,20,11074.5
2091,21,11101.5
2091,22,11119.5
2091,23,11133.0
2091,24,11147.5
2091,25,11162.0
2091,26,11180.0
2091,27,11205.5
2091,28,11232.5
2091,29,11254.0
2091,30,11273.0
2091,31,11295.0
2091,32,11320.0
2091,33,11356.5
2091,34,11404.0
2091,35,11459.0
2091,36,11525.0
2091,37,11602.0
2091,38,11672.5
2091,39,11739.5
2091,40,11821.0
2091,41,11904.0
2091,42,11983.0
2091,43,12059.5
2091,44,12138.0
2091,45,12211.5
2091,46,12280.5
2091,47,12356.5
2091,48,12423.0
2091,49,12463.5
2091,50,12485.5
2091,51,12491.0
2091,52,12472.0
2091,53,12429.0
2091,54,12369.5
2091,55,12298.5
2091,56,12217.0
2091,57,12127.5
2091,58,12030.5
2091,59,11924.0
2091,60,11807.0
2091,61,11678.5
2091,62,11531.5
2091,63,11367.5
2091,64,11191.5
2091,65,11009.0
2091,66,10829.5
2091,67,10580.0
2091,68,10312.5
2091,69,10132.0
2091,70,9936.0
2091,71,9729.5
2091,72,9514.5
2091,73,9262.0
2091,74,9000.0
2091,75,8680.0
2091,76,8248.0
2091,77,7715.0
2091,78,7114.0
2091,79,6502.0
2091,80,5978.5
2091,81,5508.5
2091,82,5016.5
2091,83,4515.0
2091,84,3974.5
2091,85,3410.5
2091,86,2893.0
2091,87,2436.0
2091,88,2024.0
2091,89,1649.5
2091,90,1319.5
2091,91,1049.0
2091,92,827.0
2091,93,638.5
2091,94,483.5
2091,95,350.0
2091,96,241.5
2091,97,161.0
2091,98,104.0
2091,99,64.0
2092,0,9688.0
2092,1,9714.0
2092,2,9752.0
2092,3,9796.0
2092,4,9850.0
2092,5,9906.5
2092,6,9965.0
2092,7,10036.0
2092,8,10111.0
2092,9,10191.0
2092,10,10278.5
2092,11,10365.5
2092,12,10457.0
2092,13,10545.5
2092,14,10626.5
2092,15,10702.5
2092,16,10779.0
2092,17,10851.0
2092,18,10904.0
2092,19,10943.5
2092,20,10976.5
2092,21,11007.0
2092,22,11033.0
2092,23,11054.5
2092,24,11073.5
2092,25,11091.5
2092,26,11112.5
2092,27,11134.0
2092,28,11163.5
2092,29,11193.0
2092,30,11217.5
2092,31,11239.0
2092,32,11263.0
2092,33,11289.5
2092,34,11327.0
2092,35,11375.5
2092,36,11432.0
2092,37,11497.5
2092,38,11574.5
2092,39,11644.0
2092,40,11710.5
2092,41,11791.0
2092,42,11873.0
2092,43,11950.5
2092,44,12025.5
2092,45,12102.5
2092,46,12172.0
2092,47,12238.5
2092,48,12309.5
2092,49,12371.5
2092,50,12405.0
2092,51,12421.0
2092,52,12419.0
2092,53,12394.0
2092,54,12346.5
2092,55,12282.0
2092,56,12206.0
2092,57,12118.0
2092,58,12022.0
2092,59,11915.0
2092,60,11797.5
2092,61,11666.5
2092,62,11523.0
2092,63,11362.0
2092,64,11184.0
2092,65,10995.5
2092,66,10799.5
2092,67,10604.5
2092,68,10341.0
2092,69,10059.0
2092,70,9862.5
2092,71,9649.0
2092,72,9422.5
2092,73,9187.5
2092,74,8913.0
2092,75,8629.0
2092,76,8289.5
2092,77,7841.0
2092,78,7296.5
2092,79,6689.5
2092,80,6075.5
2092,81,5548.0
2092,82,5071.0
2092,83,4577.5
2092,84,4080.5
2092,85,3553.5
2092,86,3013.0
2092,87,2523.0
2092,88,2094.5
2092,89,1714.0
2092,90,1372.5
2092,91,1077.5
2092,92,840.0
2092,93,647.0
2092,94,487.5
2092,95,358.5
2092,96,252.5
2092,97,167.5
2092,98,107.5
2092,99,66.0
2093,0,9618.0
2093,1,9645.0
2093,2,9681.5
2093,3,9723.5
2093,4,9770.5
2093,5,9826.5
2093,6,9885.5
2093,7,9945.5
2093,8,10018.0
2093,9,10094.0
2093,10,10176.0
2093,11,10264.0
2093,12,10352.5
2093,13,10444.0
2093,14,10533.0
2093,15,10613.0
2093,16,10684.5
2093,17,10751.0
2093,18,10811.0
2093,19,10851.5
2093,20,10881.5
2093,21,10910.0
2093,22,10939.5
2093,23,10969.0
2093,24,10995.0
2093,25,11018.0
2093,26,11042.5
2093,27,11066.5
2093,28,11092.5
2093,29,11124.5
2093,30,11157.0
2093,31,11184.5
2093,32,11207.0
2093,33,11232.5
2093,34,11260.5
2093,35,11298.5
2093,36,11348.5
2093,37,11404.0
2093,38,11470.5
2093,39,11546.5
2093,40,11615.5
2093,41,11681.5
2093,42,11760.5
2093,43,11841.5
2093,44,11917.0
2093,45,11990.0
2093,46,12064.0
2093,47,12131.0
2093,48,12192.5
2093,49,12259.0
2093,50,12314.0
2093,51,12341.0
2093,52,12350.5
2093,53,12343.0
2093,54,12313.0
2093,55,12260.0
2093,56,12190.5
2093,57,12109.0
2093,58,12014.0
2093,59,11908.5
2093,60,11791.0
2093,61,11659.0
2093,62,11514.0
2093,63,11356.0
2093,64,11181.0
2093,65,10991.0
2093,66,10789.0
2093,67,10578.0
2093,68,10368.0
2093,69,10090.5
2093,70,9795.5
2093,71,9581.0
2093,72,9348.0
2093,73,9102.0
2093,74,8845.5
2093,75,8549.5
2093,76,8245.0
2093,77,7885.5
2093,78,7420.0
2093,79,6865.0
2093,80,6255.0
2093,81,5642.0
2093,82,5111.0
2093,83,4631.0
2093,84,4140.5
2093,85,3651.5
2093,86,3143.0
2093,87,2631.0
2093,88,2172.5
2093,89,1775.5
2093,90,1428.5
2093,91,1122.5
2093,92,863.5
2093,93,658.0
2093,94,494.5
2093,95,362.5
2093,96,259.0
2093,97,175.0
2093,98,112.0
2093,99,68.5
2094,0,9540.0
2094,1,9574.0
2094,2,9611.0
2094,3,9651.5
2094,4,9696.5
2094,5,9746.0
2094,6,9804.0
2094,7,9865.0
2094,8,9927.0
2094,9,10001.0
2094,10,10079.0
2094,11,10161.0
2094,12,10250.5
2094,13,10338.5
2094,14,10431.0
2094,15,10518.5
2094,16,10594.0
2094,17,10656.0
2094,18,10710.0
2094,19,10757.0
2094,20,10788.0
2094,21,10813.5
2094,22,10841.5
2094,23,10873.5
2094,24,10907.0
2094,25,10938.5
2094,26,10966.0
2094,27,10994.5
2094,28,11023.0
2094,29,11052.0
2094,30,11087.0
2094,31,11122.5
2094,32,11150.5
2094,33,11175.5
2094,34,11202.5
2094,35,11231.5
2094,36,11270.5
2094,37,11320.5
2094,38,11377.0
2094,39,11442.0
2094,40,11517.5
2094,41,11586.0
2094,42,11650.5
2094,43,11728.5
2094,44,11807.5
2094,45,11881.5
2094,46,11952.5
2094,47,12023.0
2094,48,12085.5
2094,49,12143.0
2094,50,12202.5
2094,51,12251.0
2094,52,12272.5
2094,53,12275.5
2094,54,12262.5
2094,55,12228.0
2094,56,12169.5
2094,57,12095.5
2094,58,12006.5
2094,59,11902.5
2094,60,11786.0
2094,61,11654.5
2094,62,11508.0
2094,63,11348.5
2094,64,11178.0
2094,65,10990.5
2094,66,10787.5
2094,67,10570.5
2094,68,10345.5
2094,69,10120.5
2094,70,9829.0
2094,71,9519.0
2094,72,9286.0
2094,73,9034.0
2094,74,8767.5
2094,75,8488.0
2094,76,8173.500000000001
2094,77,7847.5
2094,78,7466.0
2094,79,6985.5
2094,80,6423.5
2094,81,5812.5
2094,82,5201.0
2094,83,4672.0
2094,84,4192.5
2094,85,3709.0
2094,86,3233.0
2094,87,2748.0
2094,88,2269.0
2094,89,1844.0
2094,90,1482.0
2094,91,1170.0
2094,92,901.0
2094,93,678.0
2094,94,504.5
2094,95,369.0
2094,96,262.5
2094,97,180.5
2094,98,118.0
2094,99,72.0
2095,0,9460.0
2095,1,9495.5
2095,2,9539.0
2095,3,9580.5
2095,4,9623.5
2095,5,9671.5
2095,6,9723.5
2095,7,9783.5
2095,8,9847.0
2095,9,9909.5
2095,10,9985.5
2095,11,10063.5
2095,12,10146.5
2095,13,10236.5
2095,14,10325.5
2095,15,10416.5
2095,16,10499.5
2095,17,10565.5
2095,18,10615.0
2095,19,10656.0
2095,20,10693.0
2095,21,10719.0
2095,22,10744.5
2095,23,10774.0
2095,24,10811.0
2095,25,10849.5
2095,26,10885.5
2095,27,10918.0
2095,28,10950.0
2095,29,10982.0
2095,30,11014.0
2095,31,11051.5
2095,32,11088.5
2095,33,11119.0
2095,34,11145.0
2095,35,11173.0
2095,36,11202.5
2095,37,11242.5
2095,38,11292.5
2095,39,11348.0
2095,40,11413.0
2095,41,11487.5
2095,42,11555.5
2095,43,11618.5
2095,44,11695.0
2095,45,11773.0
2095,46,11844.5
2095,47,11911.5
2095,48,11978.5
2095,49,12036.5
2095,50,12087.5
2095,51,12141.0
2095,52,12183.5
2095,53,12198.5
2095,54,12196.5
2095,55,12179.0
2095,56,12139.0
2095,57,12075.5
2095,58,11994.5
2095,59,11896.5
2095,60,11781.0
2095,61,11652.0
2095,62,11505.5
2095,63,11345.5
2095,64,11173.5
2095,65,10990.5
2095,66,10790.0
2095,67,10572.0
2095,68,10342.0
2095,69,10101.5
2095,70,9862.0
2095,71,9555.5
2095,72,9230.0
2095,73,8978.0
2095,74,8705.5
2095,75,8416.5
2095,76,8119.5
2095,77,7783.0
2095,78,7434.5
2095,79,7033.5
2095,80,6541.0
2095,81,5973.0
2095,82,5362.5
2095,83,4758.5
2095,84,4233.0
2095,85,3759.5
2095,86,3287.5
2095,87,2830.0
2095,88,2372.5
2095,89,1928.5
2095,90,1541.5
2095,91,1216.5
2095,92,941.0
2095,93,709.5
2095,94,521.5
2095,95,377.5
2095,96,267.5
2095,97,184.0
2095,98,122.0
2095,99,76.0
2096,0,9382.0
2096,1,9415.5
2096,2,9462.0
2096,3,9509.5
2096,4,9553.0
2096,5,9599.5
2096,6,9649.5
2096,7,9703.5
2096,8,9765.5
2096,9,9829.5
2096,10,9893.5
2096,11,9970.0
2096,12,10049.0
2096,13,10133.0
2096,14,10224.0
2096,15,10311.5
2096,16,10397.5
2096,17,10471.0
2096,18,10525.0
2096,19,10561.0
2096,20,10593.0
2096,21,10625.0
2096,22,10651.0
2096,23,10678.0
2096,24,10712.5
2096,25,10754.0
2096,26,10798.0
2096,27,10838.0
2096,28,10874.0
2096,29,10910.0
2096,30,10944.0
2096,31,10979.0
2096,32,11018.0
2096,33,11057.0
2096,34,11088.5
2096,35,11115.5
2096,36,11144.5
2096,37,11175.0
2096,38,11214.5
2096,39,11264.5
2096,40,11319.5
2096,41,11383.5
2096,42,11458.0
2096,43,11524.0
2096,44,11586.0
2096,45,11661.0
2096,46,11736.5
2096,47,11804.0
2096,48,11868.5
2096,49,11930.0
2096,50,11982.5
2096,51,12027.5
2096,52,12075.0
2096,53,12111.5
2096,54,12121.5
2096,55,12114.5
2096,56,12092.0
2096,57,12046.0
2096,58,11976.5
2096,59,11886.0
2096,60,11776.5
2096,61,11649.5
2096,62,11505.5
2096,63,11346.0
2096,64,11173.0
2096,65,10989.0
2096,66,10792.5
2096,67,10578.0
2096,68,10346.5
2096,69,10101.0
2096,70,9847.5
2096,71,9591.0
2096,72,9269.0
2096,73,8927.5
2096,74,8655.0
2096,75,8361.0
2096,76,8055.999999999999
2096,77,7736.0
2096,78,7378.0
2096,79,7008.5
2096,80,6590.0
2096,81,6086.0
2096,82,5515.5
2096,83,4910.5
2096,84,4315.5
2096,85,3799.0
2096,86,3335.5
2096,87,2880.5
2096,88,2446.0
2096,89,2019.0
2096,90,1614.5
2096,91,1267.5
2096,92,979.5
2096,93,742.0
2096,94,546.5
2096,95,390.5
2096,96,274.0
2096,97,188.0
2096,98,124.0
2096,99,79.0
2097,0,9307.5
2097,1,9339.5
2097,2,9384.0
2097,3,9433.0
2097,4,9483.0
2097,5,9530.0
2097,6,9577.5
2097,7,9630.0
2097,8,9685.5
2097,9,9749.0
2097,10,9814.0
2097,11,9879.5
2097,12,9956.5
2097,13,10036.0
2097,14,10121.0
2097,15,10210.0
2097,16,10293.0
2097,17,10370.0
2097,18,10431.5
2097,19,10472.5
2097,20,10500.0
2097,21,10527.0
2097,22,10559.0
2097,23,10587.0
2097,24,10618.5
2097,25,10658.0
2097,26,10704.5
2097,27,10752.0
2097,28,10796.0
2097,29,10836.0
2097,30,10873.5
2097,31,10911.0
2097,32,10946.5
2097,33,10988.0
2097,34,11028.0
2097,35,11060.5
2097,36,11089.0
2097,37,11118.0
2097,38,11148.0
2097,39,11188.0
2097,40,11237.0
2097,41,11291.5
2097,42,11354.5
2097,43,11427.5
2097,44,11492.5
2097,45,11552.5
2097,46,11625.5
2097,47,11697.5
2097,48,11762.5
2097,49,11821.5
2097,50,11877.5
2097,51,11924.0
2097,52,11963.0
2097,53,12005.0
2097,54,12036.0
2097,55,12041.5
2097,56,12029.5
2097,57,12001.5
2097,58,11949.0
2097,59,11870.5
2097,60,11769.0
2097,61,11647.5
2097,62,11506.0
2097,63,11348.5
2097,64,11176.0
2097,65,10991.0
2097,66,10794.5
2097,67,10584.0
2097,68,10355.5
2097,69,10109.5
2097,70,9850.5
2097,71,9580.5
2097,72,9307.5
2097,73,8969.5
2097,74,8611.0
2097,75,8317.0
2097,76,8007.0
2097,77,7679.0
2097,78,7337.0
2097,79,6959.5
2097,80,6570.5
2097,81,6136.0
2097,82,5624.5
2097,83,5054.0
2097,84,4457.0
2097,85,3876.5
2097,86,3374.0
2097,87,2925.5
2097,88,2492.0
2097,89,2084.0
2097,90,1692.5
2097,91,1329.0
2097,92,1022.0
2097,93,773.5
2097,94,572.0
2097,95,410.0
2097,96,284.5
2097,97,192.5
2097,98,127.0
2097,99,81.0
2098,0,9233.5
2098,1,9264.0
2098,2,9306.5
2098,3,9354.0
2098,4,9406.0
2098,5,9459.0
2098,6,9508.0
2098,7,9557.5
2098,8,9611.5
2098,9,9669.0
2098,10,9733.0
2098,11,9800.0
2098,12,9865.5
2098,13,9943.0
2098,14,10023.5
2098,15,10107.0
2098,16,10191.5
2098,17,10265.0
2098,18,10330.0
2098,19,10379.0
2098,20,10410.5
2098,21,10433.0
2098,22,10459.0
2098,23,10493.5
2098,24,10525.5
2098,25,10562.0
2098,26,10606.5
2098,27,10656.5
2098,28,10708.5
2098,29,10756.0
2098,30,10798.5
2098,31,10839.0
2098,32,10877.0
2098,33,10915.5
2098,34,10958.0
2098,35,10999.5
2098,36,11033.0
2098,37,11061.5
2098,38,11090.5
2098,39,11121.0
2098,40,11160.0
2098,41,11208.5
2098,42,11261.5
2098,43,11324.5
2098,44,11396.0
2098,45,11459.0
2098,46,11517.5
2098,47,11587.5
2098,48,11656.0
2098,49,11716.5
2098,50,11769.5
2098,51,11820.0
2098,52,11860.5
2098,53,11894.5
2098,54,11930.5
2098,55,11958.0
2098,56,11957.5
2098,57,11940.5
2098,58,11906.0
2098,59,11845.5
2098,60,11755.5
2098,61,11641.5
2098,62,11506.0
2098,63,11351.0
2098,64,11181.0
2098,65,10996.5
2098,66,10800.0
2098,67,10588.5
2098,68,10364.5
2098,69,10121.5
2098,70,9861.5
2098,71,9587.0
2098,72,9301.0
2098,73,9010.0
2098,74,8655.0
2098,75,8278.5
2098,76,7968.5
2098,77,7636.0
2098,78,7287.0
2098,79,6925.0
2098,80,6529.0
2098,81,6122.0
2098,82,5674.5
2098,83,5157.0
2098,84,4591.0
2098,85,4007.500000000001
2098,86,3446.5
2098,87,2962.5
2098,88,2533.5
2098,89,2126.5
2098,90,1749.5
2098,91,1395.0
2098,92,1074.0
2098,93,808.5
2098,94,597.0
2098,95,430.5
2098,96,299.0
2098,97,200.5
2098,98,130.5
2098,99,83.0
2099,0,9149.0
2099,1,9188.0
2099,2,9229.5
2099,3,9275.5
2099,4,9325.5
2099,5,9381.0
2099,6,9436.0
2099,7,9487.0
2099,8,9538.5
2099,9,9594.5
2099,10,9652.0
2099,11,9718.0
2099,12,9785.5
2099,13,9851.5
2099,14,9930.0
2099,15,10009.0
2099,16,10087.5
2099,17,10162.5
2099,18,10224.0
2099,19,10276.0
2099,20,10315.0
2099,21,10341.5
2099,22,10362.5
2099,23,10391.5
2099,24,10429.5
2099,25,10466.5
2099,26,10508.0
2099,27,10556.0
2099,28,10610.5
2099,29,10666.0
2099,30,10716.5
2099,31,10761.0
2099,32,10803.0
2099,33,10844.5
2099,34,10884.0
2099,35,10928.0
2099,36,10970.0
2099,37,11004.5
2099,38,11033.0
2099,39,11062.5
2099,40,11092.0
2099,41,11130.5
2099,42,11178.5
2099,43,11231.5
2099,44,11293.0
2099,45,11362.5
2099,46,11424.0
2099,47,11479.5
2099,48,11546.0
2099,49,11610.0
2099,50,11665.0
2099,51,11713.0
2099,52,11758.0
2099,53,11793.0
2099,54,11821.0
2099,55,11853.5
2099,56,11875.0
2099,57,11870.0
2099,58,11846.5
2099,59,11803.0
2099,60,11731.5
2099,61,11629.0
2099,62,11501.5
2099,63,11353.5
2099,64,11185.5
2099,65,11004.0
2099,66,10807.0
2099,67,10596.5
2099,68,10371.5
2099,69,10133.0
2099,70,9876.0
2099,71,9601.0
2099,72,9311.0
2099,73,9007.5
2099,74,8697.5
2099,75,8324.5
2099,76,7935.5
2099,77,7604.0
2099,78,7251.0
2099,79,6881.5
2099,80,6501.0
2099,81,6087.0
2099,82,5665.5
2099,83,5207.0
2099,84,4689.0
2099,85,4131.5
2099,86,3566.0
2099,87,3029.0
2099,88,2568.5
2099,89,2165.0
2099,90,1787.0
2099,91,1444.0
2099,92,1129.5
2099,93,850.5
2099,94,625.0
2099,95,450.0
2099,96,314.5
2099,97,212.0
2099,98,136.0
2099,99,85.5
