year,age,value
2020,0,0.00580942
2020,1,0.00059753
2020,2,0.00023206
2020,3,0.00020111
2020,4,0.000244
2020,5,0.00026546
2020,6,0.00026259
2020,7,0.0002456
2020,8,0.00022466
2020,9,0.00020998
2020,10,0.00021142
2020,11,0.00023188
2020,12,0.00027044
2020,13,0.00032729
2020,14,0.0004009
2020,15,0.00048532
2020,16,0.00057513
2020,17,0.00066567
2020,18,0.00074945
2020,19,0.00081615
2020,20,0.00085441
2020,21,0.00086152
2020,22,0.0008444
2020,23,0.00081244
2020,24,0.00077506
2020,25,0.00074055
2020,26,0.00071273
2020,27,0.00069191
2020,28,0.0006784
2020,29,0.0006726
2020,30,0.00067494
2020,31,0.00068558
2020,32,0.00070457
2020,33,0.00073235
2020,34,0.00076965
2020,35,0.00081742
2020,36,0.00087628
2020,37,0.00094599
2020,38,0.00102591
2020,39,0.00111488
2020,40,0.00121111
2020,41,0.00131378
2020,42,0.00142566
2020,43,0.00155071
2020,44,0.00169378
2020,45,0.00186102
2020,46,0.0020586
2020,47,0.00228842
2020,48,0.00255068
2020,49,0.00284412
2020,50,0.00316496
2020,51,0.00350811
2020,52,0.00387513
2020,53,0.00427137
2020,54,0.00470427
2020,55,0.00518347
2020,56,0.00571997
2020,57,0.00631935
2020,58,0.0069842
2020,59,0.00771589
2020,60,0.00851392
2020,61,0.00937549
2020,62,0.01030848
2020,63,0.01133042
2020,64,0.01246439
2020,65,0.01374055
2020,66,0.01520085
2020,67,0.01688218
2020,68,0.01882124
2020,69,0.02106596
2020,70,0.02365682
2020,71,0.02659141
2020,72,0.02985315
2020,73,0.03345233
2020,74,0.03741787
2020,75,0.04179183
2020,76,0.04663944
2020,77,0.05204077
2020,78,0.05807299
2020,79,0.06481407
2020,80,0.0723444
2020,81,0.08073617
2020,82,0.09003673
2020,83,0.10026642
2020,84,0.11142957
2020,85,0.12350693
2020,86,0.13645616
2020,87,0.1502408
2020,88,0.16486621
2020,89,0.18035767
2020,90,0.19674696
2020,91,0.21403194
2020,92,0.23218566
2020,93,0.25121305
2020,94,0.27118527
2020,95,0.29393678
2020,96,0.31683286
2020,97,0.34048283
2020,98,0.36437888
2020,99,0.38798573
2021,0,0.00554728
2021,1,0.00057713
2021,2,0.00022335
2021,3,0.00019148
2021,4,0.00022986
2021,5,0.00024945
2021,6,0.00024759
2021,7,0.00023329
2021,8,0.00021557
2021,9,0.00020343
2021,10,0.00020561
2021,11,0.00022526
2021,12,0.00026134
2021,13,0.00031359
2021,14,0.00038001
2021,15,0.00045476
2021,16,0.00053299
2021,17,0.00061151
2021,18,0.0006852
2021,19,0.00074644
2021,20,0.000786
2021,21,0.00080046
2021,22,0.00079388
2021,23,0.00077338
2021,24,0.00074724
2021,25,0.0007232
2021,26,0.00070503
2021,27,0.00069311
2021,28,0.00068764
2021,29,0.00068883
2021,30,0.00069693
2021,31,0.0007123
2021,32,0.0007356
2021,33,0.00076788
2021,34,0.00081062
2021,35,0.00086566
2021,36,0.00093425
2021,37,0.00101584
2021,38,0.0011092
2021,39,0.00121218
2021,40,0.00132148
2021,41,0.00143517
2021,42,0.00155659
2021,43,0.00169084
2021,44,0.00184445
2021,45,0.00202579
2021,46,0.00224319
2021,47,0.00249904
2021,48,0.00279355
2021,49,0.00312509
2021,50,0.00348925
2021,51,0.00388003
2021,52,0.00429805
2021,53,0.00474709
2021,54,0.0052323
2021,55,0.00575995
2021,56,0.00633714
2021,57,0.00696738
2021,58,0.00765211
2021,59,0.00839169
2021,60,0.00918583
2021,61,0.01003446
2021,62,0.01095037
2021,63,0.01195747
2021,64,0.01308731
2021,65,0.01438019
2021,66,0.01588821
2021,67,0.01765147
2021,68,0.01970286
2021,69,0.02208113
2021,70,0.02481703
2021,71,0.02790385
2021,72,0.0313301
2021,73,0.03511754
2021,74,0.03930907
2021,75,0.04396271
2021,76,0.04916059
2021,77,0.05498954
2021,78,0.06151837
2021,79,0.0688095
2021,80,0.07692048
2021,81,0.08589186
2021,82,0.09574191
2021,83,0.10647615
2021,84,0.11808496
2021,85,0.13053425
2021,86,0.14376746
2021,87,0.15773895
2021,88,0.17245443
2021,89,0.18796078
2021,90,0.20432895
2021,91,0.22157896
2021,92,0.23965761
2021,93,0.25851063
2021,94,0.27820642
2021,95,0.30027276
2021,96,0.32279461
2021,97,0.34588592
2021,98,0.36867381
2021,99,0.39013865
2022,0,0.00530231
2022,1,0.00055776
2022,2,0.0002151
2022,3,0.00018245
2022,4,0.00021707
2022,5,0.00023596
2022,6,0.00023654
2022,7,0.00022655
2022,8,0.00021369
2022,9,0.00020568
2022,10,0.00020998
2022,11,0.00023093
2022,12,0.00026758
2022,13,0.00031942
2022,14,0.00038417
2022,15,0.00045606
2022,16,0.00053084
2022,17,0.00060616
2022,18,0.00067785
2022,19,0.00073911
2022,20,0.00078104
2022,21,0.00079992
2022,22,0.000799
2022,23,0.00078453
2022,24,0.00076409
2022,25,0.00074493
2022,26,0.0007304
2022,27,0.00072067
2022,28,0.0007159
2022,29,0.00071617
2022,30,0.00072163
2022,31,0.00073306
2022,32,0.00075198
2022,33,0.00078009
2022,34,0.00081948
2022,35,0.00087283
2022,36,0.00094195
2022,37,0.00102594
2022,38,0.00112303
2022,39,0.00123032
2022,40,0.00134313
2022,41,0.00145798
2022,42,0.00157806
2022,43,0.00170898
2022,44,0.00185798
2022,45,0.00203476
2022,46,0.00224922
2022,47,0.00250385
2022,48,0.00279832
2022,49,0.0031303
2022,50,0.00349417
2022,51,0.00388264
2022,52,0.00429612
2022,53,0.0047384
2022,54,0.00521429
2022,55,0.00572952
2022,56,0.00629006
2022,57,0.0068978
2022,58,0.00755256
2022,59,0.00825329
2022,60,0.00899879
2022,61,0.00979022
2022,62,0.0106439
2022,63,0.01158723
2022,64,0.01265476
2022,65,0.01389016
2022,66,0.01534746
2022,67,0.01706383
2022,68,0.01906474
2022,69,0.02137798
2022,70,0.02402132
2022,71,0.02698327
2022,72,0.03026138
2022,73,0.03388885
2022,74,0.03791713
2022,75,0.04241425
2022,76,0.04747225
2022,77,0.05317836
2022,78,0.05959234
2022,79,0.06676487
2022,80,0.07473655
2022,81,0.08352795
2022,82,0.09315178
2022,83,0.10363015
2022,84,0.11497719
2022,85,0.1271921
2022,86,0.14025972
2022,87,0.15416649
2022,88,0.16892785
2022,89,0.18459873
2022,90,0.20126045
2022,91,0.21894199
2022,92,0.23757275
2022,93,0.2570383
2022,94,0.27734784
2022,95,0.29951371
2022,96,0.32257017
2022,97,0.34616685
2022,98,0.36926577
2022,99,0.39057936
2023,0,0.00508068
2023,1,0.0005475
2023,2,0.00021286
2023,3,0.00017831
2023,4,0.00020911
2023,5,0.00022808
2023,6,0.00023257
2023,7,0.0002288
2023,8,0.00022296
2023,9,0.00022129
2023,10,0.00022987
2023,11,0.00025546
2023,12,0.00029764
2023,13,0.00035627
2023,14,0.00042932
2023,15,0.00051102
2023,16,0.0005964
2023,17,0.00068188
2023,18,0.00076245
2023,19,0.00083
2023,20,0.00087395
2023,21,0.00089057
2023,22,0.00088429
2023,23,0.00086246
2023,24,0.00083385
2023,25,0.00080669
2023,26,0.00078421
2023,27,0.00076573
2023,28,0.00075104
2023,29,0.00074015
2023,30,0.00073311
2023,31,0.00073096
2023,32,0.00073585
2023,33,0.00074982
2023,34,0.00077502
2023,35,0.00081437
2023,36,0.00086964
2023,37,0.00093949
2023,38,0.00102173
2023,39,0.00111313
2023,40,0.00120887
2023,41,0.00130522
2023,42,0.00140483
2023,43,0.00151274
2023,44,0.00163555
2023,45,0.00178175
2023,46,0.00195974
2023,47,0.002171
2023,48,0.00241417
2023,49,0.00268565
2023,50,0.00297899
2023,51,0.00328629
2023,52,0.00360925
2023,53,0.00395366
2023,54,0.00432608
2023,55,0.00473522
2023,56,0.00519041
2023,57,0.00569504
2023,58,0.00624988
2023,59,0.00685476
2023,60,0.00750817
2023,61,0.00820926
2023,62,0.0089696
2023,63,0.00981008
2023,64,0.01075686
2023,65,0.01184281
2023,66,0.0131073
2023,67,0.01457502
2023,68,0.01626081
2023,69,0.01818202
2023,70,0.02035663
2023,71,0.02279405
2023,72,0.025506
2023,73,0.0285158
2023,74,0.03186146
2023,75,0.03559956
2023,76,0.03980374
2023,77,0.0445461
2023,78,0.04988612
2023,79,0.05588012
2023,80,0.06257833
2023,81,0.07002352
2023,82,0.07826425
2023,83,0.08736819
2023,84,0.09740832
2023,85,0.10846047
2023,86,0.12059879
2023,87,0.13388645
2023,88,0.14837362
2023,89,0.16411443
2023,90,0.18118056
2023,91,0.19965814
2023,92,0.21955505
2023,93,0.24070012
2023,94,0.26286436
2023,95,0.28621172
2023,96,0.31110581
2023,97,0.33726116
2023,98,0.36422544
2023,99,0.39124127
2024,0,0.00607646
2024,1,0.00060517
2024,2,0.00023728
2024,3,0.00021239
2024,4,0.00026743
2024,5,0.00029711
2024,6,0.00029731
2024,7,0.00028015
2024,8,0.00025776
2024,9,0.00024229
2024,10,0.00024559
2024,11,0.00027263
2024,12,0.00032267
2024,13,0.00039596
2024,14,0.00048928
2024,15,0.00059167
2024,16,0.00069209
2024,17,0.00078236
2024,18,0.00085471
2024,19,0.00090211
2024,20,0.00091829
2024,21,0.00090509
2024,22,0.00087188
2024,23,0.00082846
2024,24,0.00078377
2024,25,0.00074538
2024,26,0.0007157
2024,27,0.00069323
2024,28,0.00067681
2024,29,0.00066596
2024,30,0.00066043
2024,31,0.00066037
2024,32,0.00066662
2024,33,0.00068004
2024,34,0.00070146
2024,35,0.00073182
2024,36,0.0007717
2024,37,0.00082106
2024,38,0.00087974
2024,39,0.00094741
2024,40,0.00102349
2024,41,0.00110767
2024,42,0.00120178
2024,43,0.00130818
2024,44,0.00142987
2024,45,0.00157052
2024,46,0.00173319
2024,47,0.00191914
2024,48,0.00212826
2024,49,0.00235925
2024,50,0.0026093
2024,51,0.00287531
2024,52,0.0031617
2024,53,0.00347658
2024,54,0.00383032
2024,55,0.00423551
2024,56,0.00470648
2024,57,0.0052497
2024,58,0.00586719
2024,59,0.00655864
2024,60,0.00732015
2024,61,0.00814596
2024,62,0.00903785
2024,63,0.0100065
2024,64,0.01106588
2024,65,0.01223329
2024,66,0.01353382
2024,67,0.0149812
2024,68,0.01659143
2024,69,0.01838765
2024,70,0.0204047
2024,71,0.02269946
2024,72,0.02530872
2024,73,0.02825411
2024,74,0.03154175
2024,75,0.03518315
2024,76,0.0392146
2024,77,0.0436574
2024,78,0.04857308
2024,79,0.05404168
2024,80,0.06015354
2024,81,0.06703269
2024,82,0.07475378
2024,83,0.08338331
2024,84,0.09297511
2024,85,0.10357227
2024,86,0.11522471
2024,87,0.12791964
2024,88,0.14164334
2024,89,0.15637087
2024,90,0.17207391
2024,91,0.18873857
2024,92,0.20639075
2024,93,0.22512235
2024,94,0.24500836
2024,95,0.26805652
2024,96,0.29181102
2024,97,0.31698975
2024,98,0.34350987
2024,99,0.37117026
2025,0,0.00586431
2025,1,0.00058419
2025,2,0.00022985
2025,3,0.00020579
2025,4,0.00025879
2025,5,0.00028742
2025,6,0.00028766
2025,7,0.00027119
2025,8,0.00024964
2025,9,0.00023479
2025,10,0.00023807
2025,11,0.00026425
2025,12,0.00031255
2025,13,0.00038323
2025,14,0.00047321
2025,15,0.00057211
2025,16,0.00067121
2025,17,0.0007634
2025,18,0.00083824
2025,19,0.00088724
2025,20,0.00090443
2025,21,0.00089136
2025,22,0.00085775
2025,23,0.00081435
2025,24,0.00077018
2025,25,0.00073201
2025,26,0.00070111
2025,27,0.00067711
2025,28,0.00066001
2025,29,0.00064886
2025,30,0.00064318
2025,31,0.00064336
2025,32,0.00065005
2025,33,0.00066366
2025,34,0.00068502
2025,35,0.00071512
2025,36,0.00075445
2025,37,0.00080303
2025,38,0.00086074
2025,39,0.00092733
2025,40,0.00100225
2025,41,0.0010849
2025,42,0.00117718
2025,43,0.00128146
2025,44,0.00140052
2025,45,0.00153795
2025,46,0.00169708
2025,47,0.0018795
2025,48,0.00208477
2025,49,0.00231177
2025,50,0.00255775
2025,51,0.0028186
2025,52,0.00309869
2025,53,0.00340625
2025,54,0.00375175
2025,55,0.00414797
2025,56,0.00460866
2025,57,0.00514015
2025,58,0.00574386
2025,59,0.00641916
2025,60,0.00716233
2025,61,0.00796924
2025,62,0.00884151
2025,63,0.00978855
2025,64,0.01082383
2025,65,0.01196478
2025,66,0.01323828
2025,67,0.01465715
2025,68,0.01623754
2025,69,0.01799973
2025,70,0.01997251
2025,71,0.02220234
2025,72,0.02472238
2025,73,0.02758526
2025,74,0.03081422
2025,75,0.03441158
2025,76,0.0384087
2025,77,0.042817
2025,78,0.04769206
2025,79,0.05310833
2025,80,0.05915988
2025,81,0.06598561
2025,82,0.07365919
2025,83,0.08225648
2025,84,0.0918435
2025,85,0.10195832
2025,86,0.11337481
2025,87,0.12647225
2025,88,0.14015436
2025,89,0.1548474
2025,90,0.17051523
2025,91,0.18713124
2025,92,0.20471882
2025,93,0.22340405
2025,94,0.24328707
2025,95,0.26637228
2025,96,0.29020454
2025,97,0.31543356
2025,98,0.34205784
2025,99,0.36997234
2026,0,0.00567569
2026,1,0.00056538
2026,2,0.00022322
2026,3,0.00019987
2026,4,0.00025106
2026,5,0.00027869
2026,6,0.00027891
2026,7,0.00026302
2026,8,0.00024225
2026,9,0.00022794
2026,10,0.00023121
2026,11,0.00025669
2026,12,0.00030352
2026,13,0.00037183
2026,14,0.00045868
2026,15,0.00055407
2026,16,0.00064989
2026,17,0.0007416
2026,18,0.00081931
2026,19,0.00087114
2026,20,0.00088989
2026,21,0.00087763
2026,22,0.00084408
2026,23,0.00080039
2026,24,0.00075636
2026,25,0.00071878
2026,26,0.0006883
2026,27,0.00066366
2026,28,0.00064542
2026,29,0.00063362
2026,30,0.00062755
2026,31,0.00062742
2026,32,0.00063419
2026,33,0.00064802
2026,34,0.00066935
2026,35,0.00069916
2026,36,0.00073793
2026,37,0.00078577
2026,38,0.00084254
2026,39,0.00090804
2026,40,0.00098179
2026,41,0.00106314
2026,42,0.00115384
2026,43,0.00125618
2026,44,0.00137298
2026,45,0.00150752
2026,46,0.00166289
2026,47,0.00184138
2026,48,0.00204285
2026,49,0.00226581
2026,50,0.00250773
2026,51,0.00276443
2026,52,0.00303937
2026,53,0.00334055
2026,54,0.00367841
2026,55,0.00406572
2026,56,0.00451638
2026,57,0.00503641
2026,58,0.00562726
2026,59,0.00628778
2026,60,0.00701399
2026,61,0.00780251
2026,62,0.00865561
2026,63,0.00958288
2026,64,0.01059636
2026,65,0.01171289
2026,66,0.01296114
2026,67,0.01435298
2026,68,0.01590534
2026,69,0.01763778
2026,70,0.01957497
2026,71,0.02176048
2026,72,0.02420947
2026,73,0.02697449
2026,74,0.03011526
2026,75,0.033653
2026,76,0.0376132
2026,77,0.04198919
2026,78,0.04683107
2026,79,0.05220638
2026,80,0.05820306
2026,81,0.06497058
2026,82,0.07258437
2026,83,0.08112604
2026,84,0.0906701
2026,85,0.10083547
2026,86,0.11167578
2026,87,0.12456091
2026,88,0.13866932
2026,89,0.15332205
2026,90,0.16895494
2026,91,0.18553221
2026,92,0.2030627
2026,93,0.22167546
2026,94,0.2415052
2026,95,0.26459742
2026,96,0.28852436
2026,97,0.31382614
2026,98,0.3404991
2026,99,0.36851437
2027,0,0.00547809
2027,1,0.0005458
2027,2,0.00021626
2027,3,0.00019364
2027,4,0.00024298
2027,5,0.00026967
2027,6,0.00026984
2027,7,0.00025453
2027,8,0.00023454
2027,9,0.0002208
2027,10,0.00022408
2027,11,0.00024886
2027,12,0.00029432
2027,13,0.00036045
2027,14,0.00044421
2027,15,0.00053605
2027,16,0.00062823
2027,17,0.00071688
2027,18,0.00079484
2027,19,0.00085016
2027,20,0.00087191
2027,21,0.00086117
2027,22,0.00082853
2027,23,0.00078513
2027,24,0.00074112
2027,25,0.00070391
2027,26,0.00067415
2027,27,0.00065017
2027,28,0.00063165
2027,29,0.00061898
2027,30,0.0006123
2027,31,0.0006117
2027,32,0.00061807
2027,33,0.00063181
2027,34,0.00065313
2027,35,0.00068266
2027,36,0.00072082
2027,37,0.00076786
2027,38,0.00082365
2027,39,0.000888
2027,40,0.0009605
2027,41,0.00104045
2027,42,0.00112965
2027,43,0.00123017
2027,44,0.00134472
2027,45,0.00147659
2027,46,0.00162833
2027,47,0.00180232
2027,48,0.00199917
2027,49,0.00221777
2027,50,0.00245518
2027,51,0.00270729
2027,52,0.00297761
2027,53,0.00327296
2027,54,0.0036035
2027,55,0.0039818
2027,56,0.00442153
2027,57,0.00492928
2027,58,0.00550628
2027,59,0.00615159
2027,60,0.00686078
2027,61,0.00763067
2027,62,0.00846326
2027,63,0.00936913
2027,64,0.0103605
2027,65,0.01145253
2027,66,0.01267488
2027,67,0.0140386
2027,68,0.01556116
2027,69,0.01726273
2027,70,0.01916619
2027,71,0.02131401
2027,72,0.02371244
2027,73,0.02639627
2027,74,0.02942613
2027,75,0.03286568
2027,76,0.03676694
2027,77,0.04110411
2027,78,0.04591151
2027,79,0.05125025
2027,80,0.0572005
2027,81,0.06391244
2027,82,0.07145991
2027,83,0.07993261
2027,84,0.08941076
2027,85,0.09957012
2027,86,0.11052195
2027,87,0.12273357
2027,88,0.13662728
2027,89,0.15174321
2027,90,0.16734917
2027,91,0.18390562
2027,92,0.20140975
2027,93,0.21998116
2027,94,0.23976127
2027,95,0.26284119
2027,96,0.28688711
2027,97,0.31234442
2027,98,0.33916316
2027,99,0.36731581
2028,0,0.00528664
2028,1,0.00052676
2028,2,0.00020949
2028,3,0.00018758
2028,4,0.00023505
2028,5,0.00026085
2028,6,0.00026106
2028,7,0.00024625
2028,8,0.00022698
2028,9,0.0002138
2028,10,0.00021707
2028,11,0.00024116
2028,12,0.00028531
2028,13,0.0003495
2028,14,0.00043056
2028,15,0.00051902
2028,16,0.00060761
2028,17,0.00069284
2028,18,0.00076837
2028,19,0.00082485
2028,20,0.00085058
2028,21,0.00084283
2028,22,0.00081178
2028,23,0.00076938
2028,24,0.00072581
2028,25,0.00068875
2028,26,0.00065943
2028,27,0.00063624
2028,28,0.00061841
2028,29,0.00060558
2028,30,0.00059812
2028,31,0.00059687
2028,32,0.00060268
2028,33,0.00061589
2028,34,0.00063691
2028,35,0.00066618
2028,36,0.00070375
2028,37,0.00074994
2028,38,0.00080471
2028,39,0.00086792
2028,40,0.00093913
2028,41,0.00101762
2028,42,0.00110529
2028,43,0.00120413
2028,44,0.00131661
2028,45,0.0014459
2028,46,0.00159437
2028,47,0.00176418
2028,48,0.00195592
2028,49,0.0021694
2028,50,0.00240215
2028,51,0.00264942
2028,52,0.00291492
2028,53,0.00320523
2028,54,0.00352929
2028,55,0.0038993
2028,56,0.00432847
2028,57,0.00482336
2028,58,0.00538613
2028,59,0.0060157
2028,60,0.00670812
2028,61,0.00746019
2028,62,0.00827287
2028,63,0.0091567
2028,64,0.01012506
2028,65,0.01119323
2028,66,0.01239053
2028,67,0.01372626
2028,68,0.01521861
2028,69,0.01688835
2028,70,0.01875862
2028,71,0.02087304
2028,72,0.02323049
2028,73,0.02585849
2028,74,0.02879773
2028,75,0.03211436
2028,76,0.03591462
2028,77,0.04018984
2028,78,0.0449567
2028,79,0.05025834
2028,80,0.05616747
2028,81,0.06283274
2028,82,0.07031561
2028,83,0.07871114
2028,84,0.08810794
2028,85,0.09822466
2028,86,0.10920519
2028,87,0.12148188
2028,88,0.13467265
2028,89,0.14956783
2028,90,0.16566274
2028,91,0.18219317
2028,92,0.1996731
2028,93,0.21821409
2028,94,0.23795201
2028,95,0.26099708
2028,96,0.28511379
2028,97,0.31070748
2028,98,0.33770107
2028,99,0.36602543
2029,0,0.00510447
2029,1,0.00050863
2029,2,0.00020304
2029,3,0.00018181
2029,4,0.00022749
2029,5,0.00025238
2029,6,0.00025266
2029,7,0.00023842
2029,8,0.00021979
2029,9,0.00020708
2029,10,0.00021033
2029,11,0.00023376
2029,12,0.00027665
2029,13,0.00033902
2029,14,0.00041777
2029,15,0.00050342
2029,16,0.00058864
2029,17,0.0006705
2029,18,0.00074316
2029,19,0.00079817
2029,20,0.00082599
2029,21,0.00082236
2029,22,0.00079416
2029,23,0.00075332
2029,24,0.00071074
2029,25,0.00067413
2029,26,0.00064501
2029,27,0.00062231
2029,28,0.00060522
2029,29,0.00059303
2029,30,0.00058544
2029,31,0.00058339
2029,32,0.00058849
2029,33,0.00060105
2029,34,0.00062139
2029,35,0.00065014
2029,36,0.00068717
2029,37,0.00073256
2029,38,0.00078631
2029,39,0.00084837
2029,40,0.00091835
2029,41,0.00099542
2029,42,0.00108153
2029,43,0.00117872
2029,44,0.00128935
2029,45,0.00141633
2029,46,0.00156176
2029,47,0.0017279
2029,48,0.00191501
2029,49,0.00212295
2029,50,0.00235038
2029,51,0.00259284
2029,52,0.00285346
2029,53,0.00313874
2029,54,0.00345732
2029,55,0.00382012
2029,56,0.00423989
2029,57,0.00472277
2029,58,0.00527093
2029,59,0.00588474
2029,60,0.00656018
2029,61,0.00729521
2029,62,0.00808952
2029,63,0.00895266
2029,64,0.00989791
2029,65,0.01094187
2029,66,0.01211546
2029,67,0.01342488
2029,68,0.0148879
2029,69,0.01652606
2029,70,0.01836312
2029,71,0.02044631
2029,72,0.02276985
2029,73,0.02535528
2029,74,0.02823499
2029,75,0.03145345
2029,76,0.03512668
2029,77,0.03929626
2029,78,0.04400098
2029,79,0.04926302
2029,80,0.05513493
2029,81,0.06176381
2029,82,0.06919674
2029,83,0.0775228
2029,84,0.08683657
2029,85,0.09689646
2029,86,0.10786556
2029,87,0.12014279
2029,88,0.13341477
2029,89,0.14758866
2029,90,0.16347418
2029,91,0.18052438
2029,92,0.19798871
2029,93,0.21651527
2029,94,0.23623517
2029,95,0.25926839
2029,96,0.28344957
2029,97,0.30915275
2029,98,0.3363232
2029,99,0.36486594
2030,0,0.00492908
2030,1,0.00049117
2030,2,0.00019682
2030,3,0.00017623
2030,4,0.00022018
2030,5,0.00024417
2030,6,0.00024446
2030,7,0.00023081
2030,8,0.00021288
2030,9,0.00020059
2030,10,0.00020377
2030,11,0.00022653
2030,12,0.00026818
2030,13,0.00032876
2030,14,0.00040531
2030,15,0.00048859
2030,16,0.00057104
2030,17,0.00064963
2030,18,0.00071931
2030,19,0.00077224
2030,20,0.00079968
2030,21,0.00079872
2030,22,0.00077447
2030,23,0.00073626
2030,24,0.00069513
2030,25,0.00065944
2030,26,0.00063076
2030,27,0.00060835
2030,28,0.00059173
2030,29,0.00058021
2030,30,0.00057319
2030,31,0.00057093
2030,32,0.00057521
2030,33,0.00058697
2030,34,0.00060654
2030,35,0.00063443
2030,36,0.00067066
2030,37,0.00071528
2030,38,0.00076804
2030,39,0.0008289
2030,40,0.00089761
2030,41,0.00097327
2030,42,0.00105784
2030,43,0.00115331
2030,44,0.00126205
2030,45,0.00138689
2030,46,0.00152949
2030,47,0.00169215
2030,48,0.00187513
2030,49,0.00207796
2030,50,0.00229944
2030,51,0.00253626
2030,52,0.00279192
2030,53,0.00307201
2030,54,0.003385
2030,55,0.00374147
2030,56,0.0041528
2030,57,0.00462488
2030,58,0.00515926
2030,59,0.0057564
2030,60,0.00641442
2030,61,0.00713165
2030,62,0.00790808
2030,63,0.00875192
2030,64,0.00967519
2030,65,0.01069426
2030,66,0.011843
2030,67,0.01312685
2030,68,0.01456149
2030,69,0.01616803
2030,70,0.01797096
2030,71,0.02002155
2030,72,0.02231269
2030,73,0.02486286
2030,74,0.02769726
2030,75,0.03085121
2030,76,0.03442264
2030,77,0.03845547
2030,78,0.04304824
2030,79,0.0482455
2030,80,0.05407549
2030,81,0.06066959
2030,82,0.06806078
2030,83,0.07632946
2030,84,0.08556456
2030,85,0.0955592
2030,86,0.10649393
2030,87,0.11873262
2030,88,0.13201351
2030,89,0.14628153
2030,90,0.16143129
2030,91,0.17828777
2030,92,0.19628009
2030,93,0.21479726
2030,94,0.23451058
2030,95,0.25754902
2030,96,0.28181096
2030,97,0.30761316
2030,98,0.33493163
2030,99,0.36369127
2031,0,0.00475041
2031,1,0.00047346
2031,2,0.00019113
2031,3,0.00017053
2031,4,0.00021274
2031,5,0.00023583
2031,6,0.00023612
2031,7,0.00022301
2031,8,0.00020582
2031,9,0.00019404
2031,10,0.00019712
2031,11,0.00021913
2031,12,0.00025949
2031,13,0.00031824
2031,14,0.00039253
2031,15,0.00047344
2031,16,0.00055356
2031,17,0.00062946
2031,18,0.0006961
2031,19,0.00074668
2031,20,0.00077308
2031,21,0.00077271
2031,22,0.00075142
2031,23,0.00071681
2031,24,0.00067803
2031,25,0.00064367
2031,26,0.00061584
2031,27,0.00059393
2031,28,0.00057764
2031,29,0.00056656
2031,30,0.00056014
2031,31,0.00055832
2031,32,0.0005623
2031,33,0.00057317
2031,34,0.00059184
2031,35,0.00061877
2031,36,0.00065386
2031,37,0.00069743
2031,38,0.0007492
2031,39,0.00080885
2031,40,0.0008762
2031,41,0.00095036
2031,42,0.00103333
2031,43,0.00112701
2031,44,0.00123372
2031,45,0.00135627
2031,46,0.0014961
2031,47,0.00165537
2031,48,0.00183428
2031,49,0.00203237
2031,50,0.00224816
2031,51,0.00247846
2031,52,0.00272807
2031,53,0.00300263
2031,54,0.00330957
2031,55,0.00365925
2031,56,0.00406264
2031,57,0.00452446
2031,58,0.00504606
2031,59,0.005627
2031,60,0.00626561
2031,61,0.00696368
2031,62,0.00772045
2031,63,0.0085447
2031,64,0.0094467
2031,65,0.01044119
2031,66,0.01156315
2031,67,0.01281883
2031,68,0.01422443
2031,69,0.01579868
2031,70,0.01756552
2031,71,0.01958034
2031,72,0.02183534
2031,73,0.02434993
2031,74,0.02714522
2031,75,0.03024824
2031,76,0.03375226
2031,77,0.03767265
2031,78,0.04211586
2031,79,0.04719135
2031,80,0.05294943
2031,81,0.05950042
2031,82,0.06684812
2031,83,0.07506408
2031,84,0.0842286
2031,85,0.09415453
2031,86,0.1050369
2031,87,0.11721045
2031,88,0.1304522
2031,89,0.14473125
2031,90,0.15997661
2031,91,0.1760897
2031,92,0.19390664
2031,93,0.21293431
2031,94,0.23263442
2031,95,0.25567198
2031,96,0.28001941
2031,97,0.3059219
2031,98,0.33336342
2031,99,0.36229788
2032,0,0.00459495
2032,1,0.00045954
2032,2,0.00018556
2032,3,0.00016554
2032,4,0.00020618
2032,5,0.00022845
2032,6,0.00022873
2032,7,0.00021607
2032,8,0.0001995
2032,9,0.0001882
2032,10,0.00019127
2032,11,0.00021258
2032,12,0.0002517
2032,13,0.00030875
2032,14,0.000381
2032,15,0.00045979
2032,16,0.00053791
2032,17,0.0006119
2032,18,0.00067632
2032,19,0.00072456
2032,20,0.00074964
2032,21,0.00074923
2032,22,0.00072917
2032,23,0.00069734
2032,24,0.00066151
2032,25,0.00062897
2032,26,0.00060217
2032,27,0.00058096
2032,28,0.00056507
2032,29,0.00055423
2032,30,0.00054815
2032,31,0.00054674
2032,32,0.00055098
2032,33,0.00056145
2032,34,0.00057915
2032,35,0.00060505
2032,36,0.00063899
2032,37,0.00068127
2032,38,0.00073186
2032,39,0.00079046
2032,40,0.00085658
2032,41,0.00092933
2032,42,0.00101082
2032,43,0.00110288
2032,44,0.00120775
2032,45,0.00132816
2032,46,0.00146544
2032,47,0.00162182
2032,48,0.00179725
2032,49,0.00199124
2032,50,0.00220237
2032,51,0.00242704
2032,52,0.00267037
2032,53,0.00293908
2032,54,0.00324053
2032,55,0.00358394
2032,56,0.00398006
2032,57,0.00443355
2032,58,0.00494455
2032,59,0.00551247
2032,60,0.00613439
2032,61,0.00681277
2032,62,0.00755052
2032,63,0.00835553
2032,64,0.00923872
2032,65,0.01021265
2032,66,0.01131142
2032,67,0.01254022
2032,68,0.01391765
2032,69,0.01546304
2032,70,0.01719766
2032,71,0.01917917
2032,72,0.02139947
2032,73,0.0238798
2032,74,0.02664204
2032,75,0.02970826
2032,76,0.03316684
2032,77,0.03701938
2032,78,0.04134622
2032,79,0.04626685
2032,80,0.05190129
2032,81,0.05838682
2032,82,0.06569219
2032,83,0.07386406
2032,84,0.08297344
2032,85,0.09284453
2032,86,0.10367821
2032,87,0.11578061
2032,88,0.12896373
2032,89,0.14321191
2032,90,0.15847649
2032,91,0.1746879
2032,92,0.19177333
2032,93,0.21064473
2032,94,0.23082525
2032,95,0.25385083
2032,96,0.27826636
2032,97,0.30425339
2032,98,0.3317934
2032,99,0.36084845
2033,0,0.00443251
2033,1,0.00044329
2033,2,0.00017974
2033,3,0.00016033
2033,4,0.00019935
2033,5,0.00022078
2033,6,0.00022106
2033,7,0.00020889
2033,8,0.00019294
2033,9,0.00018209
2033,10,0.00018517
2033,11,0.00020587
2033,12,0.00024369
2033,13,0.00029889
2033,14,0.00036896
2033,15,0.00044553
2033,16,0.00052157
2033,17,0.00059371
2033,18,0.0006565
2033,19,0.00070296
2033,20,0.0007265
2033,21,0.00072571
2033,22,0.0007064
2033,23,0.00067616
2033,24,0.00064285
2033,25,0.00061274
2033,26,0.00058743
2033,27,0.00056717
2033,28,0.00055194
2033,29,0.00054147
2033,30,0.00053559
2033,31,0.00053441
2033,32,0.00053893
2033,33,0.00054951
2033,34,0.00056668
2033,35,0.00059149
2033,36,0.00062418
2033,37,0.00066508
2033,38,0.00071413
2033,39,0.00077134
2033,40,0.00083624
2033,41,0.00090754
2033,42,0.00098743
2033,43,0.00107775
2033,44,0.00118068
2033,45,0.00129883
2033,46,0.00143334
2033,47,0.00158661
2033,48,0.00175861
2033,49,0.00194859
2033,50,0.0021551
2033,51,0.00237453
2033,52,0.00261175
2033,53,0.00287355
2033,54,0.00316827
2033,55,0.00350495
2033,56,0.00389314
2033,57,0.00433758
2033,58,0.00483849
2033,59,0.00539397
2033,60,0.00600101
2033,61,0.0066607
2033,62,0.0073759
2033,63,0.00815954
2033,64,0.00902123
2033,65,0.00997416
2033,66,0.01105095
2033,67,0.01225341
2033,68,0.01360005
2033,69,0.01511297
2033,70,0.0168141
2033,71,0.01876109
2033,72,0.02094382
2033,73,0.02338531
2033,74,0.02610947
2033,75,0.02913907
2033,76,0.03256137
2033,77,0.03636412
2033,78,0.04061625
2033,79,0.04540988
2033,80,0.05087708
2033,81,0.05723476
2033,82,0.06446782
2033,83,0.07259024
2033,84,0.08164716
2033,85,0.09146797
2033,86,0.10226318
2033,87,0.11430149
2033,88,0.12741981
2033,89,0.14161986
2033,90,0.15686774
2033,91,0.17311436
2033,92,0.19030752
2033,93,0.20849732
2033,94,0.22855828
2033,95,0.2520534
2033,96,0.2765738
2033,97,0.30269389
2033,98,0.33039395
2033,99,0.35963496
2034,0,0.00428652
2034,1,0.00042857
2034,2,0.00017448
2034,3,0.00015561
2034,4,0.00019314
2034,5,0.00021378
2034,6,0.00021403
2034,7,0.0002023
2034,8,0.00018692
2034,9,0.00017646
2034,10,0.00017948
2034,11,0.00019965
2034,12,0.00023638
2034,13,0.0002898
2034,14,0.00035766
2034,15,0.00043206
2034,16,0.00050611
2034,17,0.00057651
2034,18,0.00063788
2034,19,0.00068326
2034,20,0.00070577
2034,21,0.00070426
2034,22,0.00068525
2034,23,0.00065611
2034,24,0.00062432
2034,25,0.00059619
2034,26,0.00057271
2034,27,0.00055366
2034,28,0.0005392
2034,29,0.00052927
2034,30,0.00052367
2034,31,0.00052257
2034,32,0.00052718
2034,33,0.00053788
2034,34,0.00055501
2034,35,0.00057918
2034,36,0.00061059
2034,37,0.00065006
2034,38,0.00069756
2034,39,0.00075307
2034,40,0.00081647
2034,41,0.00088644
2034,42,0.0009648
2034,43,0.0010534
2034,44,0.00115441
2034,45,0.00127036
2034,46,0.00140218
2034,47,0.00155236
2034,48,0.00172098
2034,49,0.00190733
2034,50,0.00210969
2034,51,0.00232436
2034,52,0.00255631
2034,53,0.00281186
2034,54,0.00309937
2034,55,0.00342874
2034,56,0.00380927
2034,57,0.00424484
2034,58,0.0047359
2034,59,0.00528076
2034,60,0.00587494
2034,61,0.00651979
2034,62,0.00721531
2034,63,0.00797469
2034,64,0.0088141
2034,65,0.00974479
2034,66,0.01080115
2034,67,0.01198095
2034,68,0.0132999
2034,69,0.01478004
2034,70,0.01644653
2034,71,0.01836025
2034,72,0.02050673
2034,73,0.02290909
2034,74,0.02559308
2034,75,0.02858376
2034,76,0.03197294
2034,77,0.03573874
2034,78,0.03993848
2034,79,0.04465209
2034,80,0.04998347
2034,81,0.05616847
2034,82,0.063265
2034,83,0.07130692
2034,84,0.08030443
2034,85,0.09006855
2034,86,0.10082202
2034,87,0.11280341
2034,88,0.12585284
2034,89,0.13998381
2034,90,0.15517943
2034,91,0.17140432
2034,92,0.18862065
2034,93,0.20689573
2034,94,0.22631063
2034,95,0.24961033
2034,96,0.27467952
2034,97,0.30089029
2034,98,0.32870755
2034,99,0.35809131
2035,0,0.00413761
2035,1,0.00041363
2035,2,0.00016912
2035,3,0.0001508
2035,4,0.00018684
2035,5,0.0002067
2035,6,0.00020694
2035,7,0.00019565
2035,8,0.00018084
2035,9,0.0001708
2035,10,0.00017376
2035,11,0.0001933
2035,12,0.00022902
2035,13,0.00028088
2035,14,0.00034649
2035,15,0.00041851
2035,16,0.00049051
2035,17,0.00055919
2035,18,0.00061923
2035,19,0.00066373
2035,20,0.00068585
2035,21,0.00068403
2035,22,0.00066503
2035,23,0.00063664
2035,24,0.00060605
2035,25,0.00057923
2035,26,0.00055728
2035,27,0.00053971
2035,28,0.00052627
2035,29,0.00051699
2035,30,0.00051184
2035,31,0.0005109
2035,32,0.00051548
2035,33,0.00052614
2035,34,0.00054324
2035,35,0.00056722
2035,36,0.00059783
2035,37,0.00063588
2035,38,0.00068178
2035,39,0.00073556
2035,40,0.00079713
2035,41,0.00086545
2035,42,0.00094236
2035,43,0.00102928
2035,44,0.00112833
2035,45,0.00124204
2035,46,0.00137115
2035,47,0.00151823
2035,48,0.00168337
2035,49,0.001866
2035,50,0.00206449
2035,51,0.00227471
2035,52,0.00250164
2035,53,0.00275152
2035,54,0.00303219
2035,55,0.00335342
2035,56,0.00372527
2035,57,0.00415176
2035,58,0.00463257
2035,59,0.00516638
2035,60,0.00574903
2035,61,0.00638044
2035,62,0.00706022
2035,63,0.00779791
2035,64,0.00861006
2035,65,0.0095163
2035,66,0.01054943
2035,67,0.01170735
2035,68,0.01300184
2035,69,0.01445154
2035,70,0.01608168
2035,71,0.01795951
2035,72,0.02007007
2035,73,0.02243353
2035,74,0.02507581
2035,75,0.02802396
2035,76,0.03137655
2035,77,0.03510901
2035,78,0.03927083
2035,79,0.04392918
2035,80,0.04917533
2035,81,0.05522227
2035,82,0.06214056
2035,83,0.07004378
2035,84,0.07896032
2035,85,0.08866561
2035,86,0.09937994
2035,87,0.1113239
2035,88,0.12433207
2035,89,0.13841362
2035,90,0.15356325
2035,91,0.16976276
2035,92,0.18698369
2035,93,0.20530539
2035,94,0.22482431
2035,95,0.24751999
2035,96,0.27256367
2035,97,0.29938114
2035,98,0.32737688
2035,99,0.35697655
2036,0,0.00400842
2036,1,0.0004005
2036,2,0.00016443
2036,3,0.00014659
2036,4,0.00018127
2036,5,0.00020042
2036,6,0.00020063
2036,7,0.00018972
2036,8,0.00017542
2036,9,0.00016573
2036,10,0.00016864
2036,11,0.0001876
2036,12,0.00022227
2036,13,0.0002728
2036,14,0.00033663
2036,15,0.00040634
2036,16,0.00047617
2036,17,0.00054319
2036,18,0.00060202
2036,19,0.00064579
2036,20,0.00066771
2036,21,0.00066607
2036,22,0.00064726
2036,23,0.00061922
2036,24,0.00058941
2036,25,0.00056355
2036,26,0.00054255
2036,27,0.00052613
2036,28,0.00051385
2036,29,0.00050538
2036,30,0.00050073
2036,31,0.00050009
2036,32,0.0005047
2036,33,0.0005152
2036,34,0.00053212
2036,35,0.00055593
2036,36,0.0005862
2036,37,0.00062334
2036,38,0.00066768
2036,39,0.00071972
2036,40,0.00077945
2036,41,0.0008458
2036,42,0.000921
2036,43,0.00100636
2036,44,0.00110357
2036,45,0.00121508
2036,46,0.00134153
2036,47,0.00148558
2036,48,0.00164734
2036,49,0.00182629
2036,50,0.00202096
2036,51,0.00222717
2036,52,0.00244956
2036,53,0.00269421
2036,54,0.00296884
2036,55,0.00328256
2036,56,0.00364518
2036,57,0.00406176
2036,58,0.00453237
2036,59,0.00505502
2036,60,0.00562599
2036,61,0.00624589
2036,62,0.00691177
2036,63,0.00763303
2036,64,0.00842141
2036,65,0.009297
2036,66,0.01030426
2036,67,0.01143685
2036,68,0.01270773
2036,69,0.01413068
2036,70,0.01572692
2036,71,0.01756634
2036,72,0.01963707
2036,73,0.02196061
2036,74,0.02455967
2036,75,0.02746152
2036,76,0.03077068
2036,77,0.03446225
2036,78,0.03858571
2036,79,0.04319916
2036,80,0.04837998
2036,81,0.05433312
2036,82,0.06109734
2036,83,0.06880582
2036,84,0.07756749
2036,85,0.0871695
2036,86,0.09781806
2036,87,0.10970853
2036,88,0.12266618
2036,89,0.13669374
2036,90,0.15177999
2036,91,0.16791969
2036,92,0.18509744
2036,93,0.20340052
2036,94,0.22293638
2036,95,0.2457253
2036,96,0.27022109
2036,97,0.29700211
2036,98,0.32555787
2036,99,0.35531454
2037,0,0.00387926
2037,1,0.00038733
2037,2,0.0001597
2037,3,0.00014234
2037,4,0.0001757
2037,5,0.00019414
2037,6,0.00019433
2037,7,0.0001838
2037,8,0.00017
2037,9,0.00016067
2037,10,0.00016354
2037,11,0.00018195
2037,12,0.00021558
2037,13,0.00026465
2037,14,0.00032691
2037,15,0.00039471
2037,16,0.00046222
2037,17,0.00052728
2037,18,0.00058486
2037,19,0.00062797
2037,20,0.00064978
2037,21,0.00064849
2037,22,0.00063029
2037,23,0.00060274
2037,24,0.00057345
2037,25,0.00054829
2037,26,0.00052802
2037,27,0.00051234
2037,28,0.00050098
2037,29,0.00049345
2037,30,0.00048947
2037,31,0.00048918
2037,32,0.00049394
2037,33,0.00050434
2037,34,0.00052097
2037,35,0.00054446
2037,36,0.00057438
2037,37,0.00061105
2037,38,0.00065434
2037,39,0.00070464
2037,40,0.00076246
2037,41,0.00082678
2037,42,0.00089984
2037,43,0.00098329
2037,44,0.0010787
2037,45,0.00118803
2037,46,0.00131174
2037,47,0.00145269
2037,48,0.00161101
2037,49,0.00178624
2037,50,0.00197696
2037,51,0.00217905
2037,52,0.00239716
2037,53,0.00263683
2037,54,0.00290559
2037,55,0.00321235
2037,56,0.00356614
2037,57,0.0039719
2037,58,0.00443099
2037,59,0.0049421
2037,60,0.00550082
2037,61,0.00610859
2037,62,0.00676242
2037,63,0.00746883
2037,64,0.00823952
2037,65,0.00908829
2037,66,0.01006121
2037,67,0.01116485
2037,68,0.0124077
2037,69,0.01380469
2037,70,0.01537108
2037,71,0.01717456
2037,72,0.0192027
2037,73,0.02148217
2037,74,0.02403701
2037,75,0.02689112
2037,76,0.0301531
2037,77,0.03379736
2037,78,0.03787572
2037,79,0.04244575
2037,80,0.04757462
2037,81,0.05345771
2037,82,0.06011699
2037,83,0.06765964
2037,84,0.07621683
2037,85,0.08565078
2037,86,0.09619327
2037,87,0.10802039
2037,88,0.12092614
2037,89,0.13490854
2037,90,0.14994841
2037,91,0.16603552
2037,92,0.18316318
2037,93,0.20143243
2037,94,0.22095865
2037,95,0.24377961
2037,96,0.26845726
2037,97,0.29477212
2037,98,0.3233563
2037,99,0.35370157
2038,0,0.00375434
2038,1,0.00037461
2038,2,0.00015513
2038,3,0.00013823
2038,4,0.00017028
2038,5,0.00018802
2038,6,0.00018819
2038,7,0.00017802
2038,8,0.00016472
2038,9,0.00015572
2038,10,0.00015853
2038,11,0.00017639
2038,12,0.000209
2038,13,0.00025657
2038,14,0.00031707
2038,15,0.00038332
2038,16,0.00044885
2038,17,0.00051167
2038,18,0.00056762
2038,19,0.00061001
2038,20,0.00063181
2038,21,0.00063097
2038,22,0.00061351
2038,23,0.00058682
2038,24,0.00055816
2038,25,0.0005335
2038,26,0.00051379
2038,27,0.0004987
2038,28,0.00048791
2038,29,0.00048113
2038,30,0.00047793
2038,31,0.00047815
2038,32,0.00048314
2038,33,0.00049357
2038,34,0.00050998
2038,35,0.00053306
2038,36,0.00056251
2038,37,0.00059872
2038,38,0.00064144
2038,39,0.00069058
2038,40,0.00074651
2038,41,0.00080871
2038,42,0.00087958
2038,43,0.00096072
2038,44,0.00105399
2038,45,0.00116124
2038,46,0.00128229
2038,47,0.00142009
2038,48,0.00157494
2038,49,0.00174644
2038,50,0.00193325
2038,51,0.00213119
2038,52,0.00234502
2038,53,0.00258009
2038,54,0.00284338
2038,55,0.00314356
2038,56,0.00348934
2038,57,0.003885
2038,58,0.00433183
2038,59,0.0048301
2038,60,0.00537642
2038,61,0.0059717
2038,62,0.00661314
2038,63,0.00730733
2038,64,0.00806255
2038,65,0.00889266
2038,66,0.00983654
2038,67,0.01090115
2038,68,0.01211223
2038,69,0.0134788
2038,70,0.0150172
2038,71,0.01679027
2038,72,0.01877961
2038,73,0.02101318
2038,74,0.02352065
2038,75,0.02632734
2038,76,0.02954205
2038,77,0.03313671
2038,78,0.03716508
2038,79,0.04168682
2038,80,0.04676799
2038,81,0.0525976
2038,82,0.05917865
2038,83,0.06660652
2038,84,0.07498829
2038,85,0.08421484
2038,86,0.09457822
2038,87,0.10630162
2038,88,0.11914561
2038,89,0.1330818
2038,90,0.14808424
2038,91,0.16413415
2038,92,0.1812143
2038,93,0.19943552
2038,94,0.21892694
2038,95,0.24172978
2038,96,0.26651218
2038,97,0.29300812
2038,98,0.32117315
2038,99,0.3515827
2039,0,0.00363932
2039,1,0.0003628
2039,2,0.0001509
2039,3,0.00013442
2039,4,0.00016525
2039,5,0.00018234
2039,6,0.00018247
2039,7,0.00017265
2039,8,0.00015979
2039,9,0.00015111
2039,10,0.00015387
2039,11,0.00017121
2039,12,0.00020286
2039,13,0.00024905
2039,14,0.0003078
2039,15,0.00037241
2039,16,0.00043665
2039,17,0.00049765
2039,18,0.00055174
2039,19,0.00059306
2039,20,0.0006148
2039,21,0.00061447
2039,22,0.00059779
2039,23,0.00057197
2039,24,0.00054412
2039,25,0.00051997
2039,26,0.00050059
2039,27,0.00048591
2039,28,0.00047554
2039,29,0.00046918
2039,30,0.00046655
2039,31,0.00046737
2039,32,0.00047271
2039,33,0.00048321
2039,34,0.00049952
2039,35,0.00052226
2039,36,0.00055115
2039,37,0.00058678
2039,38,0.00062895
2039,39,0.00067746
2039,40,0.00073213
2039,41,0.00079227
2039,42,0.0008609
2039,43,0.0009397
2039,44,0.00103045
2039,45,0.00113529
2039,46,0.00125388
2039,47,0.00138872
2039,48,0.00154016
2039,49,0.001708
2039,50,0.00189104
2039,51,0.00208503
2039,52,0.00229472
2039,53,0.00252538
2039,54,0.00278376
2039,55,0.00307795
2039,56,0.00341636
2039,57,0.00380317
2039,58,0.00423895
2039,59,0.00472394
2039,60,0.00525676
2039,61,0.00583983
2039,62,0.00646899
2039,63,0.00715115
2039,64,0.00789461
2039,65,0.00870913
2039,66,0.00963464
2039,67,0.01066732
2039,68,0.01183488
2039,69,0.01316753
2039,70,0.01467397
2039,71,0.01641978
2039,72,0.01837757
2039,73,0.02057053
2039,74,0.0230299
2039,75,0.02578713
2039,76,0.02895569
2039,77,0.03250149
2039,78,0.03647838
2039,79,0.04094772
2039,80,0.04597739
2039,81,0.05175899
2039,82,0.05828025
2039,83,0.0656217
2039,84,0.07387954
2039,85,0.08294349
2039,86,0.09308772
2039,87,0.10462221
2039,88,0.1173611
2039,89,0.13123999
2039,90,0.14620407
2039,91,0.16222713
2039,92,0.17927726
2039,93,0.1974559
2039,94,0.21690362
2039,95,0.23966484
2039,96,0.2645114
2039,97,0.29112979
2039,98,0.31949454
2039,99,0.34954769
2040,0,0.00352517
2040,1,0.00035112
2040,2,0.00014669
2040,3,0.00013063
2040,4,0.00016027
2040,5,0.00017673
2040,6,0.00017684
2040,7,0.00016735
2040,8,0.00015494
2040,9,0.00014657
2040,10,0.00014928
2040,11,0.00016612
2040,12,0.00019685
2040,13,0.0002417
2040,14,0.00029878
2040,15,0.00036159
2040,16,0.00042441
2040,17,0.00048424
2040,18,0.00053688
2040,19,0.00057688
2040,20,0.00059817
2040,21,0.00059831
2040,22,0.00058247
2040,23,0.00055756
2040,24,0.00053055
2040,25,0.00050708
2040,26,0.00048809
2040,27,0.00047365
2040,28,0.00046357
2040,29,0.00045751
2040,30,0.00045519
2040,31,0.00045642
2040,32,0.00046218
2040,33,0.00047288
2040,34,0.00048912
2040,35,0.00051162
2040,36,0.00054002
2040,37,0.00057498
2040,38,0.00061647
2040,39,0.00066434
2040,40,0.00071831
2040,41,0.00077702
2040,42,0.00084341
2040,43,0.00091976
2040,44,0.00100791
2040,45,0.00110987
2040,46,0.00122555
2040,47,0.00135755
2040,48,0.00150568
2040,49,0.00166982
2040,50,0.00184903
2040,51,0.00203908
2040,52,0.00224465
2040,53,0.00247083
2040,54,0.00272425
2040,55,0.00301273
2040,56,0.00334407
2040,57,0.00372233
2040,58,0.00414802
2040,59,0.00462064
2040,60,0.00513879
2040,61,0.00570764
2040,62,0.00632415
2040,63,0.00699364
2040,64,0.00772473
2040,65,0.00852715
2040,66,0.0094367
2040,67,0.01044944
2040,68,0.01158068
2040,69,0.01286374
2040,70,0.01433278
2040,71,0.01604539
2040,72,0.01797392
2040,73,0.02013288
2040,74,0.02254835
2040,75,0.02525376
2040,76,0.02837229
2040,77,0.03186906
2040,78,0.03579388
2040,79,0.040208
2040,80,0.04518076
2040,81,0.05090966
2040,82,0.057377
2040,83,0.06465128
2040,84,0.07281418
2040,85,0.08177659
2040,86,0.0917613
2040,87,0.10305369
2040,88,0.1156037
2040,89,0.12938673
2040,90,0.1443102
2040,91,0.16031742
2040,92,0.17736216
2040,93,0.19553082
2040,94,0.21495773
2040,95,0.23768672
2040,96,0.26260618
2040,97,0.28934749
2040,98,0.31790101
2040,99,0.34822639
2041,0,0.00341526
2041,1,0.00033986
2041,2,0.00014263
2041,3,0.00012697
2041,4,0.00015545
2041,5,0.00017128
2041,6,0.00017136
2041,7,0.00016219
2041,8,0.00015021
2041,9,0.00014215
2041,10,0.0001448
2041,11,0.00016115
2041,12,0.00019095
2041,13,0.00023448
2041,14,0.0002899
2041,15,0.00035095
2041,16,0.00041203
2041,17,0.00047056
2041,18,0.00052213
2041,19,0.00056143
2041,20,0.00058209
2041,21,0.00058231
2041,22,0.00056728
2041,23,0.00054335
2041,24,0.00051725
2041,25,0.0004945
2041,26,0.00047603
2041,27,0.00046191
2041,28,0.00045202
2041,29,0.00044616
2041,30,0.00044405
2041,31,0.00044547
2041,32,0.00045152
2041,33,0.00046249
2041,34,0.00047878
2041,35,0.00050109
2041,36,0.0005291
2041,37,0.00056347
2041,38,0.00060419
2041,39,0.00065129
2041,40,0.00070456
2041,41,0.00076245
2041,42,0.00082731
2041,43,0.00090124
2041,44,0.00098669
2041,45,0.00108572
2041,46,0.001198
2041,47,0.00132671
2041,48,0.00147173
2041,49,0.00163235
2041,50,0.00180773
2041,51,0.00199385
2041,52,0.00219539
2041,53,0.00241723
2041,54,0.00266575
2041,55,0.00294861
2041,56,0.00327328
2041,57,0.00364348
2041,58,0.00405964
2041,59,0.00452118
2041,60,0.00502593
2041,61,0.00557929
2041,62,0.00618089
2041,63,0.00683747
2041,64,0.00755572
2041,65,0.00834561
2041,66,0.00924363
2041,67,0.01023942
2041,68,0.01134912
2041,69,0.01259121
2041,70,0.0140045
2041,71,0.01567806
2041,72,0.0175712
2041,73,0.01969923
2041,74,0.02207858
2041,75,0.02473724
2041,76,0.02780378
2041,77,0.031248
2041,78,0.03512101
2041,79,0.03947969
2041,80,0.04439305
2041,81,0.05006391
2041,82,0.05647262
2041,83,0.06368553
2041,84,0.07177196
2041,85,0.08065923
2041,86,0.09055207
2041,87,0.1016509
2041,88,0.11395085
2041,89,0.12754409
2041,90,0.14238097
2041,91,0.15836351
2041,92,0.17540489
2041,93,0.19357401
2041,94,0.21299223
2041,95,0.23568503
2041,96,0.26065457
2041,97,0.28748264
2041,98,0.31617098
2041,99,0.3466915
2042,0,0.0033195
2042,1,0.0003299
2042,2,0.00013908
2042,3,0.00012376
2042,4,0.00015119
2042,5,0.00016645
2042,6,0.00016649
2042,7,0.0001576
2042,8,0.000146
2042,9,0.0001382
2042,10,0.00014081
2042,11,0.0001567
2042,12,0.00018569
2042,13,0.00022802
2042,14,0.00028195
2042,15,0.0003414
2042,16,0.00040095
2042,17,0.00045802
2042,18,0.00050841
2042,19,0.00054694
2042,20,0.00056803
2042,21,0.00056821
2042,22,0.00055355
2042,23,0.00053047
2042,24,0.0005052
2042,25,0.00048313
2042,26,0.00046515
2042,27,0.00045139
2042,28,0.00044169
2042,29,0.0004359
2042,30,0.00043389
2042,31,0.0004354
2042,32,0.00044151
2042,33,0.00045261
2042,34,0.00046902
2042,35,0.00049125
2042,36,0.00051894
2042,37,0.00055283
2042,38,0.00059289
2042,39,0.00063917
2042,40,0.00069163
2042,41,0.00074878
2042,42,0.00081281
2042,43,0.00088515
2042,44,0.00096803
2042,45,0.00106412
2042,46,0.00117308
2042,47,0.00129806
2042,48,0.0014396
2042,49,0.0015971
2042,50,0.00176906
2042,51,0.00195149
2042,52,0.00214927
2042,53,0.00236713
2042,54,0.00261119
2042,55,0.00288883
2042,56,0.00320735
2042,57,0.00357039
2042,58,0.00397807
2042,59,0.00442983
2042,60,0.00492344
2042,61,0.00546356
2042,62,0.00604958
2042,63,0.00669148
2042,64,0.00739763
2042,65,0.00817562
2042,66,0.00906276
2042,67,0.0100481
2042,68,0.01114096
2042,69,0.01236106
2042,70,0.01372999
2042,71,0.01534479
2042,72,0.01719787
2042,73,0.01929037
2042,74,0.02163932
2042,75,0.02426214
2042,76,0.02728416
2042,77,0.03067608
2042,78,0.03449609
2042,79,0.03880222
2042,80,0.04365881
2042,81,0.04927148
2042,82,0.05561906
2042,83,0.06276931
2042,84,0.07078891
2042,85,0.07962001
2042,86,0.08945625
2042,87,0.10043812
2042,88,0.11254292
2042,89,0.12588227
2042,90,0.14053231
2042,91,0.15644087
2042,92,0.17346953
2042,93,0.1916416
2042,94,0.21106246
2042,95,0.23372842
2042,96,0.25874073
2042,97,0.28563342
2042,98,0.31442551
2042,99,0.34510038
2043,0,0.00322157
2043,1,0.00031981
2043,2,0.00013543
2043,3,0.00012047
2043,4,0.00014685
2043,5,0.00016154
2043,6,0.00016155
2043,7,0.00015295
2043,8,0.00014173
2043,9,0.0001342
2043,10,0.00013675
2043,11,0.00015219
2043,12,0.00018034
2043,13,0.00022146
2043,14,0.00027387
2043,15,0.00033169
2043,16,0.00038966
2043,17,0.00044528
2043,18,0.00049437
2043,19,0.00053163
2043,20,0.00055237
2043,21,0.00055413
2043,22,0.0005399
2043,23,0.00051736
2043,24,0.00049293
2043,25,0.00047158
2043,26,0.00045413
2043,27,0.00044078
2043,28,0.00043137
2043,29,0.00042572
2043,30,0.00042374
2043,31,0.00042526
2043,32,0.00043136
2043,33,0.00044241
2043,34,0.00045881
2043,35,0.00048099
2043,36,0.00050844
2043,37,0.00054188
2043,38,0.00058135
2043,39,0.00062686
2043,40,0.00067839
2043,41,0.00073459
2043,42,0.00079776
2043,43,0.00086914
2043,44,0.00095023
2043,45,0.00104338
2043,46,0.00114883
2043,47,0.00126992
2043,48,0.0014072
2043,49,0.00156086
2043,50,0.00172953
2043,51,0.00190835
2043,52,0.00210223
2043,53,0.00231594
2043,54,0.00255542
2043,55,0.00282772
2043,56,0.00313983
2043,57,0.00349542
2043,58,0.00389467
2043,59,0.00433671
2043,60,0.00481939
2043,61,0.00534751
2043,62,0.00591902
2043,63,0.00654372
2043,64,0.00723376
2043,65,0.00799867
2043,66,0.00887342
2043,67,0.00984686
2043,68,0.010928
2043,69,0.01212855
2043,70,0.01347187
2043,71,0.01503706
2043,72,0.01682416
2043,73,0.01887227
2043,74,0.02118186
2043,75,0.02377072
2043,76,0.0267552
2043,77,0.03009837
2043,78,0.03386114
2043,79,0.03810869
2043,80,0.04290629
2043,81,0.04845806
2043,82,0.05473959
2043,83,0.06181993
2043,84,0.06976691
2043,85,0.07854073
2043,86,0.0883324
2043,87,0.09923175
2043,88,0.11121702
2043,89,0.12435665
2043,90,0.13875165
2043,91,0.15448591
2043,92,0.17145876
2043,93,0.18963133
2043,94,0.20906303
2043,95,0.23171194
2043,96,0.25678877
2043,97,0.28375824
2043,98,0.31265456
2043,99,0.34347759
2044,0,0.00312463
2044,1,0.00030983
2044,2,0.00013182
2044,3,0.00011721
2044,4,0.00014256
2044,5,0.00015669
2044,6,0.00015667
2044,7,0.00014835
2044,8,0.00013751
2044,9,0.00013024
2044,10,0.00013274
2044,11,0.00014774
2044,12,0.00017506
2044,13,0.00021499
2044,14,0.00026591
2044,15,0.00032212
2044,16,0.00037853
2044,17,0.00043272
2044,18,0.00048062
2044,19,0.0005169
2044,20,0.00053643
2044,21,0.00053843
2044,22,0.00052666
2044,23,0.0005048
2044,24,0.00048093
2044,25,0.00046027
2044,26,0.00044338
2044,27,0.00043045
2044,28,0.00042136
2044,29,0.00041593
2044,30,0.00041403
2044,31,0.0004155
2044,32,0.00042153
2044,33,0.00043246
2044,34,0.00044868
2044,35,0.00047071
2044,36,0.00049796
2044,37,0.00053105
2044,38,0.00056999
2044,39,0.00061483
2044,40,0.00066552
2044,41,0.00072067
2044,42,0.00078282
2044,43,0.00085326
2044,44,0.0009333
2044,45,0.00102449
2044,46,0.00112652
2044,47,0.00124357
2044,48,0.0013765
2044,49,0.00152554
2044,50,0.00169028
2044,51,0.0018658
2044,52,0.002056
2044,53,0.00226559
2044,54,0.00250049
2044,55,0.00276752
2044,56,0.0030733
2044,57,0.00342142
2044,58,0.00381219
2044,59,0.00424486
2044,60,0.00471704
2044,61,0.0052338
2044,62,0.00579272
2044,63,0.00640198
2044,64,0.00707347
2044,65,0.00782116
2044,66,0.00868287
2044,67,0.00964347
2044,68,0.01071216
2044,69,0.01190009
2044,70,0.0132214
2044,71,0.01475937
2044,72,0.01649163
2044,73,0.01846779
2044,74,0.02073002
2044,75,0.0232772
2044,76,0.02622825
2044,77,0.02953224
2044,78,0.03324385
2044,79,0.03743112
2044,80,0.04216654
2044,81,0.0476586
2044,82,0.05387521
2044,83,0.06088517
2044,84,0.06875758
2044,85,0.0774684
2044,86,0.08721672
2044,87,0.09805803
2044,88,0.10996595
2044,89,0.12299065
2044,90,0.13719038
2044,91,0.15268398
2044,92,0.16950943
2044,93,0.18765316
2044,94,0.2071063
2044,95,0.22975198
2044,96,0.25492323
2044,97,0.28200508
2044,98,0.31103191
2044,99,0.342019
2045,0,0.00303761
2045,1,0.00030073
2045,2,0.00012854
2045,3,0.00011425
2045,4,0.00013864
2045,5,0.00015225
2045,6,0.0001522
2045,7,0.00014413
2045,8,0.00013363
2045,9,0.0001266
2045,10,0.00012905
2045,11,0.00014363
2045,12,0.0001702
2045,13,0.00020902
2045,14,0.00025856
2045,15,0.00031329
2045,16,0.00036823
2045,17,0.00042107
2045,18,0.00046785
2045,19,0.00050335
2045,20,0.00052231
2045,21,0.00052316
2045,22,0.00051213
2045,23,0.00049311
2045,24,0.00046991
2045,25,0.00044965
2045,26,0.00043324
2045,27,0.00042071
2045,28,0.00041192
2045,29,0.0004067
2045,30,0.00040491
2045,31,0.00040637
2045,32,0.00041225
2045,33,0.000423
2045,34,0.00043899
2045,35,0.00046069
2045,36,0.00048762
2045,37,0.00052039
2045,38,0.00055888
2045,39,0.00060311
2045,40,0.00065306
2045,41,0.00070727
2045,42,0.00076831
2045,43,0.00083765
2045,44,0.00091669
2045,45,0.00100678
2045,46,0.00110659
2045,47,0.00121978
2045,48,0.00134817
2045,49,0.00149251
2045,50,0.00165251
2045,51,0.00182416
2045,52,0.00201117
2045,53,0.00221702
2045,54,0.00244755
2045,55,0.00270951
2045,56,0.00300927
2045,57,0.0033503
2045,58,0.00373289
2045,59,0.00415653
2045,60,0.00461902
2045,61,0.00512534
2045,62,0.00567289
2045,63,0.00626947
2045,64,0.00692504
2045,65,0.00765321
2045,66,0.0084975
2045,67,0.0094451
2045,68,0.010501
2045,69,0.01167633
2045,70,0.01298441
2045,71,0.01449954
2045,72,0.01620224
2045,73,0.01811875
2045,74,0.02030357
2045,75,0.02280083
2045,76,0.02570999
2045,77,0.02897861
2045,78,0.0326482
2045,79,0.03678031
2045,80,0.04145034
2045,81,0.04687668
2045,82,0.05302591
2045,83,0.05996213
2045,84,0.06775407
2045,85,0.07639018
2045,86,0.08607832
2045,87,0.09685886
2045,88,0.10870446
2045,89,0.12164656
2045,90,0.13572414
2045,91,0.15101612
2045,92,0.16760053
2045,93,0.18559797
2045,94,0.20501293
2045,95,0.22761799
2045,96,0.25284921
2045,97,0.2800144
2045,98,0.30914379
2045,99,0.34025353
2046,0,0.00295175
2046,1,0.00029179
2046,2,0.00012532
2046,3,0.00011134
2046,4,0.00013479
2046,5,0.00014788
2046,6,0.0001478
2046,7,0.00013997
2046,8,0.00012981
2046,9,0.00012302
2046,10,0.00012542
2046,11,0.0001396
2046,12,0.00016542
2046,13,0.00020316
2046,14,0.00025134
2046,15,0.00030462
2046,16,0.00035815
2046,17,0.00040968
2046,18,0.00045536
2046,19,0.00049012
2046,20,0.00050878
2046,21,0.00050949
2046,22,0.00049745
2046,23,0.00047952
2046,24,0.0004592
2046,25,0.00043954
2046,26,0.00042342
2046,27,0.00041127
2046,28,0.00040278
2046,29,0.00039778
2046,30,0.00039613
2046,31,0.00039763
2046,32,0.00040341
2046,33,0.00041394
2046,34,0.00042964
2046,35,0.00045099
2046,36,0.00047745
2046,37,0.00050979
2046,38,0.00054788
2046,39,0.00059158
2046,40,0.00064087
2046,41,0.00069425
2046,42,0.00075426
2046,43,0.00082241
2046,44,0.00090026
2046,45,0.00098926
2046,46,0.00108784
2046,47,0.00119852
2046,48,0.00132247
2046,49,0.00146177
2046,50,0.00161678
2046,51,0.00178359
2046,52,0.00196669
2046,53,0.00216914
2046,54,0.0023955
2046,55,0.0026524
2046,56,0.00294608
2046,57,0.00328
2046,58,0.00365445
2046,59,0.00406896
2046,60,0.00452164
2046,61,0.00501787
2046,62,0.00555456
2046,63,0.0061393
2046,64,0.00678154
2046,65,0.00749257
2046,66,0.00831593
2046,67,0.00924475
2046,68,0.01028712
2046,69,0.01144894
2046,70,0.01274331
2046,71,0.01424484
2046,72,0.01592235
2046,73,0.01780659
2046,74,0.0199267
2046,75,0.02234106
2046,76,0.02519951
2046,77,0.02842473
2046,78,0.03205749
2046,79,0.03614536
2046,80,0.04075708
2046,81,0.04611691
2046,82,0.0521967
2046,83,0.05906173
2046,84,0.06677615
2046,85,0.07533668
2046,86,0.08495805
2046,87,0.09567327
2046,88,0.10746503
2046,89,0.12035308
2046,90,0.13435583
2046,91,0.14953466
2046,92,0.16593185
2046,93,0.1837164
2046,94,0.20301579
2046,95,0.2255563
2046,96,0.25086286
2046,97,0.27813775
2046,98,0.30740507
2046,99,0.33867731
2047,0,0.0028648
2047,1,0.00028281
2047,2,0.00012202
2047,3,0.00010868
2047,4,0.00013089
2047,5,0.00014348
2047,6,0.00014336
2047,7,0.00013579
2047,8,0.00012597
2047,9,0.00011941
2047,10,0.00012176
2047,11,0.00013553
2047,12,0.00016059
2047,13,0.00019725
2047,14,0.00024406
2047,15,0.00029586
2047,16,0.00034796
2047,17,0.00039815
2047,18,0.0004427
2047,19,0.00047668
2047,20,0.00049505
2047,21,0.0004959
2047,22,0.00048403
2047,23,0.00046526
2047,24,0.00044615
2047,25,0.00042915
2047,26,0.00041352
2047,27,0.00040159
2047,28,0.0003934
2047,29,0.00038862
2047,30,0.00038712
2047,31,0.00038867
2047,32,0.0003944
2047,33,0.00040472
2047,34,0.00042009
2047,35,0.00044102
2047,36,0.00046695
2047,37,0.00049865
2047,38,0.00053616
2047,39,0.00057933
2047,40,0.00062797
2047,41,0.00068052
2047,42,0.00073956
2047,43,0.0008065
2047,44,0.00088296
2047,45,0.00097056
2047,46,0.00106779
2047,47,0.001177
2047,48,0.00129798
2047,49,0.00143209
2047,50,0.00158144
2047,51,0.00174289
2047,52,0.00192087
2047,53,0.00211902
2047,54,0.00234135
2047,55,0.00259316
2047,56,0.00288049
2047,57,0.00320694
2047,58,0.00357287
2047,59,0.00397786
2047,60,0.00442017
2047,61,0.00490567
2047,62,0.0054313
2047,63,0.00600411
2047,64,0.0066333
2047,65,0.00732945
2047,66,0.00813371
2047,67,0.00903844
2047,68,0.01005922
2047,69,0.01120537
2047,70,0.01248361
2047,71,0.01396934
2047,72,0.01562985
2047,73,0.01748409
2047,74,0.01956646
2047,75,0.02190821
2047,76,0.02467688
2047,77,0.02784511
2047,78,0.03142787
2047,79,0.03547147
2047,80,0.04002995
2047,81,0.04532328
2047,82,0.05132444
2047,83,0.05810663
2047,84,0.06573533
2047,85,0.0742098
2047,86,0.08374842
2047,87,0.09437809
2047,88,0.10609393
2047,89,0.1189186
2047,90,0.13285701
2047,91,0.14794955
2047,92,0.16422068
2047,93,0.18181244
2047,94,0.20090139
2047,95,0.22326894
2047,96,0.24858518
2047,97,0.27593801
2047,98,0.30531994
2047,99,0.33673782
2048,0,0.00278883
2048,1,0.0002749
2048,2,0.00011915
2048,3,0.00010607
2048,4,0.00012746
2048,5,0.0001396
2048,6,0.00013946
2048,7,0.0001321
2048,8,0.00012258
2048,9,0.00011623
2048,10,0.00011854
2048,11,0.00013194
2048,12,0.00015634
2048,13,0.00019203
2048,14,0.00023764
2048,15,0.00028815
2048,16,0.00033898
2048,17,0.00038801
2048,18,0.00043159
2048,19,0.00046489
2048,20,0.00048301
2048,21,0.00048403
2048,22,0.00047259
2048,23,0.00045411
2048,24,0.00043422
2048,25,0.00041828
2048,26,0.00040493
2048,27,0.00039337
2048,28,0.0003853
2048,29,0.00038072
2048,30,0.00037936
2048,31,0.00038097
2048,32,0.00038667
2048,33,0.00039687
2048,34,0.00041197
2048,35,0.00043251
2048,36,0.00045794
2048,37,0.00048907
2048,38,0.00052592
2048,39,0.00056852
2048,40,0.00061669
2048,41,0.00066861
2048,42,0.00072687
2048,43,0.00079288
2048,44,0.00086819
2048,45,0.00095447
2048,46,0.00105032
2048,47,0.0011583
2048,48,0.00127794
2048,49,0.00140897
2048,50,0.00155288
2048,51,0.00170864
2048,52,0.00188145
2048,53,0.00207466
2048,54,0.00229272
2048,55,0.00254029
2048,56,0.00282208
2048,57,0.00314168
2048,58,0.0034997
2048,59,0.00389588
2048,60,0.00432861
2048,61,0.00480404
2048,62,0.00531926
2048,63,0.0058814
2048,64,0.00649903
2048,65,0.0071824
2048,66,0.00797227
2048,67,0.00885735
2048,68,0.00985289
2048,69,0.01097696
2048,70,0.01223992
2048,71,0.01371086
2048,72,0.01535612
2048,73,0.01719373
2048,74,0.01924544
2048,75,0.02154872
2048,76,0.02424461
2048,77,0.0273216
2048,78,0.03084838
2048,79,0.03484334
2048,80,0.03935882
2048,81,0.04460271
2048,82,0.05053892
2048,83,0.05724431
2048,84,0.06479259
2048,85,0.07319084
2048,86,0.0826569
2048,87,0.09321027
2048,88,0.10485632
2048,89,0.11762473
2048,90,0.13152248
2048,91,0.14657652
2048,92,0.1627866
2048,93,0.18028321
2048,94,0.19922258
2048,95,0.22139269
2048,96,0.24667009
2048,97,0.27410992
2048,98,0.30365552
2048,99,0.33528302
2049,0,0.00272352
2049,1,0.00026786
2049,2,0.00011666
2049,3,0.00010379
2049,4,0.00012442
2049,5,0.00013613
2049,6,0.00013594
2049,7,0.00012877
2049,8,0.00011951
2049,9,0.00011334
2049,10,0.0001156
2049,11,0.00012867
2049,12,0.00015246
2049,13,0.00018726
2049,14,0.00023176
2049,15,0.00028108
2049,16,0.00033073
2049,17,0.00037867
2049,18,0.00042134
2049,19,0.00045401
2049,20,0.00047187
2049,21,0.00047302
2049,22,0.00046201
2049,23,0.00044405
2049,24,0.00042443
2049,25,0.00040771
2049,26,0.00039524
2049,27,0.00038563
2049,28,0.00037783
2049,29,0.00037329
2049,30,0.00037205
2049,31,0.0003737
2049,32,0.00037937
2049,33,0.00038945
2049,34,0.00040433
2049,35,0.0004245
2049,36,0.00044941
2049,37,0.00047993
2049,38,0.00051611
2049,39,0.00055797
2049,40,0.00060551
2049,41,0.00065689
2049,42,0.00071448
2049,43,0.00077965
2049,44,0.00085396
2049,45,0.00093901
2049,46,0.00103341
2049,47,0.00113996
2049,48,0.00125833
2049,49,0.00138794
2049,50,0.00152846
2049,51,0.00167839
2049,52,0.0018454
2049,53,0.0020334
2049,54,0.00224639
2049,55,0.00248932
2049,56,0.00276624
2049,57,0.00307964
2049,58,0.0034302
2049,59,0.00381798
2049,60,0.00424161
2049,61,0.00470753
2049,62,0.00521278
2049,63,0.00576469
2049,64,0.00637187
2049,65,0.00704387
2049,66,0.0078213
2049,67,0.00869162
2049,68,0.00966637
2049,69,0.0107634
2049,70,0.01200319
2049,71,0.01345927
2049,72,0.01508912
2049,73,0.01691047
2049,74,0.01894403
2049,75,0.02121389
2049,76,0.02386959
2049,77,0.02686838
2049,78,0.030298
2049,79,0.03423237
2049,80,0.03869373
2049,81,0.04388953
2049,82,0.04976677
2049,83,0.05639573
2049,84,0.06385387
2049,85,0.07216199
2049,86,0.08154194
2049,87,0.09200262
2049,88,0.10355621
2049,89,0.11623771
2049,90,0.13006028
2049,91,0.14505248
2049,92,0.16119387
2049,93,0.1785947
2049,94,0.19740386
2049,95,0.21937287
2049,96,0.24446317
2049,97,0.27181016
2049,98,0.30137867
2049,99,0.33309531
2050,0,0.00265396
2050,1,0.00026051
2050,2,0.00011399
2050,3,0.00010137
2050,4,0.00012124
2050,5,0.00013252
2050,6,0.0001323
2050,7,0.00012533
2050,8,0.00011634
2050,9,0.00011037
2050,10,0.00011259
2050,11,0.00012531
2050,12,0.00014848
2050,13,0.00018239
2050,14,0.00022575
2050,15,0.00027386
2050,16,0.00032234
2050,17,0.00036918
2050,18,0.00041092
2050,19,0.00044296
2050,20,0.00046059
2050,21,0.00046187
2050,22,0.00045127
2050,23,0.0004339
2050,24,0.00041484
2050,25,0.00039836
2050,26,0.00038516
2050,27,0.00037631
2050,28,0.0003702
2050,29,0.00036588
2050,30,0.00036464
2050,31,0.00036634
2050,32,0.00037199
2050,33,0.00038195
2050,34,0.00039663
2050,35,0.00041647
2050,36,0.0004409
2050,37,0.00047079
2050,38,0.00050625
2050,39,0.00054733
2050,40,0.00059403
2050,41,0.00064469
2050,42,0.00070164
2050,43,0.00076602
2050,44,0.00083933
2050,45,0.00092322
2050,46,0.00101617
2050,47,0.00112103
2050,48,0.00123775
2050,49,0.00136586
2050,50,0.00150465
2050,51,0.00165063
2050,52,0.00181132
2050,53,0.00199309
2050,54,0.00220034
2050,55,0.00243738
2050,56,0.00270848
2050,57,0.00301575
2050,58,0.00335882
2050,59,0.00373782
2050,60,0.00415184
2050,61,0.00460771
2050,62,0.0051025
2050,63,0.00564342
2050,64,0.00623926
2050,65,0.00689959
2050,66,0.00766447
2050,67,0.00852072
2050,68,0.0094786
2050,69,0.01055164
2050,70,0.01176031
2050,71,0.01319046
2050,72,0.01480312
2050,73,0.01660637
2050,74,0.01862052
2050,75,0.02086854
2050,76,0.02348775
2050,77,0.02644186
2050,78,0.02978707
2050,79,0.0336177
2050,80,0.03801293
2050,81,0.04315068
2050,82,0.04897392
2050,83,0.05553753
2050,84,0.06291263
2050,85,0.07112917
2050,86,0.08042033
2050,87,0.09079125
2050,88,0.10225567
2050,89,0.11485159
2050,90,0.1285975
2050,91,0.14352936
2050,92,0.15962241
2050,93,0.17696893
2050,94,0.19570197
2050,95,0.21756738
2050,96,0.24254814
2050,97,0.26977905
2050,98,0.2993386
2050,99,0.3311722
2051,0,0.00258696
2051,1,0.00025336
2051,2,0.00011141
2051,3,9.902e-05
2051,4,0.00011814
2051,5,0.00012901
2051,6,0.00012875
2051,7,0.00012197
2051,8,0.00011325
2051,9,0.00010746
2051,10,0.00010963
2051,11,0.00012202
2051,12,0.00014458
2051,13,0.0001776
2051,14,0.00021986
2051,15,0.00026677
2051,16,0.00031408
2051,17,0.00035985
2051,18,0.00040069
2051,19,0.00043209
2051,20,0.00044948
2051,21,0.00045091
2051,22,0.00044072
2051,23,0.0004239
2051,24,0.00040544
2051,25,0.00038944
2051,26,0.0003764
2051,27,0.00036688
2051,28,0.00036141
2051,29,0.00035854
2051,30,0.00035745
2051,31,0.00035909
2051,32,0.00036471
2051,33,0.00037457
2051,34,0.00038904
2051,35,0.00040859
2051,36,0.00043258
2051,37,0.00046189
2051,38,0.00049661
2051,39,0.00053688
2051,40,0.00058272
2051,41,0.00063245
2051,42,0.00068859
2051,43,0.00075225
2051,44,0.00082467
2051,45,0.00090745
2051,46,0.00099906
2051,47,0.00110232
2051,48,0.00121718
2051,49,0.00134346
2051,50,0.00148057
2051,51,0.00162449
2051,52,0.00178089
2051,53,0.00195601
2051,54,0.00215666
2051,55,0.00238739
2051,56,0.00265167
2051,57,0.00295209
2051,58,0.00328812
2051,59,0.00365873
2051,60,0.00406315
2051,61,0.00450884
2051,62,0.00499304
2051,63,0.00552296
2051,64,0.00610724
2051,65,0.00675559
2051,66,0.00750834
2051,67,0.00835117
2051,68,0.00929388
2051,69,0.01034844
2051,70,0.01153045
2051,71,0.01292681
2051,72,0.0145111
2051,73,0.01629554
2051,74,0.01828959
2051,75,0.02051576
2051,76,0.02311185
2051,77,0.02602582
2051,78,0.02932216
2051,79,0.03306261
2051,80,0.03734786
2051,81,0.04241569
2051,82,0.0481745
2051,83,0.05467708
2051,84,0.06197913
2051,85,0.07010902
2051,86,0.07930651
2051,87,0.08958026
2051,88,0.1009521
2051,89,0.11345765
2051,90,0.12711822
2051,91,0.14197646
2051,92,0.15800917
2051,93,0.17530499
2051,94,0.19398128
2051,95,0.21577451
2051,96,0.24070684
2051,97,0.26785095
2051,98,0.29732617
2051,99,0.32918651
2052,0,0.00251852
2052,1,0.00024611
2052,2,0.00010878
2052,3,9.663e-05
2052,4,0.00011499
2052,5,0.00012543
2052,6,0.00012513
2052,7,0.00011855
2052,8,0.0001101
2052,9,0.0001045
2052,10,0.00010663
2052,11,0.00011868
2052,12,0.00014062
2052,13,0.00017275
2052,14,0.00021388
2052,15,0.00025959
2052,16,0.00030573
2052,17,0.0003504
2052,18,0.00039033
2052,19,0.00042112
2052,20,0.00043826
2052,21,0.00043984
2052,22,0.00043009
2052,23,0.00041384
2052,24,0.00039597
2052,25,0.0003805
2052,26,0.00036784
2052,27,0.00035843
2052,28,0.00035232
2052,29,0.00034998
2052,30,0.00035014
2052,31,0.00035186
2052,32,0.00035735
2052,33,0.0003671
2052,34,0.00038137
2052,35,0.00040061
2052,36,0.00042418
2052,37,0.00045295
2052,38,0.00048698
2052,39,0.00052641
2052,40,0.00057133
2052,41,0.00062007
2052,42,0.00067516
2052,43,0.00073787
2052,44,0.00080939
2052,45,0.0008911
2052,46,0.00098134
2052,47,0.00108303
2052,48,0.00119602
2052,49,0.00132015
2052,50,0.0014551
2052,51,0.00159692
2052,52,0.00175081
2052,53,0.0019211
2052,54,0.00211447
2052,55,0.00233778
2052,56,0.00259454
2052,57,0.00288669
2052,58,0.00321445
2052,59,0.00357679
2052,60,0.00397164
2052,61,0.0044067
2052,62,0.00487964
2052,63,0.00539788
2052,64,0.00596998
2052,65,0.00660543
2052,66,0.00734496
2052,67,0.00817406
2052,68,0.00910151
2052,69,0.01013864
2052,70,0.01129922
2052,71,0.01266557
2052,72,0.01421151
2052,73,0.01596368
2052,74,0.01793559
2052,75,0.02013779
2052,76,0.02270916
2052,77,0.02559532
2052,78,0.02884545
2052,79,0.03253002
2052,80,0.03671631
2052,81,0.04166649
2052,82,0.047346
2052,83,0.05377401
2052,84,0.06100424
2052,85,0.06905349
2052,86,0.07815857
2052,87,0.08832668
2052,88,0.09959438
2052,89,0.11200234
2052,90,0.12556891
2052,91,0.14034099
2052,92,0.1562966
2052,93,0.1735262
2052,94,0.1921438
2052,95,0.21387515
2052,96,0.23878314
2052,97,0.26589252
2052,98,0.29530363
2052,99,0.32711537
2053,0,0.00245684
2053,1,0.0002395
2053,2,0.00010638
2053,3,9.445e-05
2053,4,0.00011212
2053,5,0.00012217
2053,6,0.00012184
2053,7,0.00011544
2053,8,0.00010723
2053,9,0.0001018
2053,10,0.00010389
2053,11,0.00011563
2053,12,0.000137
2053,13,0.00016831
2053,14,0.00020841
2053,15,0.00025301
2053,16,0.00029807
2053,17,0.00034174
2053,18,0.00038081
2053,19,0.00041101
2053,20,0.00042794
2053,21,0.00042965
2053,22,0.0004203
2053,23,0.00040458
2053,24,0.00038725
2053,25,0.00037224
2053,26,0.00035997
2053,27,0.00035084
2053,28,0.00034478
2053,29,0.00034182
2053,30,0.00034241
2053,31,0.00034516
2053,32,0.00035065
2053,33,0.00036021
2053,34,0.00037429
2053,35,0.00039326
2053,36,0.00041644
2053,37,0.00044472
2053,38,0.00047816
2053,39,0.00051684
2053,40,0.00056089
2053,41,0.00060867
2053,42,0.00066275
2053,43,0.00072438
2053,44,0.00079492
2053,45,0.0008757
2053,46,0.0009648
2053,47,0.0010651
2053,48,0.00117651
2053,49,0.00129875
2053,50,0.0014315
2053,51,0.00157109
2053,52,0.00172285
2053,53,0.00189057
2053,54,0.00207903
2053,55,0.00229487
2053,56,0.0025437
2053,57,0.00282765
2053,58,0.00314642
2053,59,0.00350001
2053,60,0.00388651
2053,61,0.00431215
2053,62,0.00477453
2053,63,0.00528163
2053,64,0.00584219
2053,65,0.00646564
2053,66,0.00719261
2053,67,0.00800866
2053,68,0.00892263
2053,69,0.00994462
2053,70,0.01108771
2053,71,0.01243276
2053,72,0.01394762
2053,73,0.01566014
2053,74,0.01759949
2053,75,0.01978018
2053,76,0.02232945
2053,77,0.02519157
2053,78,0.02841422
2053,79,0.03205216
2053,80,0.03618196
2053,81,0.04103377
2053,82,0.04659414
2053,83,0.05294233
2053,84,0.06009781
2053,85,0.06807868
2053,86,0.07711058
2053,87,0.0871888
2053,88,0.09835792
2053,89,0.11067144
2053,90,0.12415306
2053,91,0.13884791
2053,92,0.15473345
2053,93,0.17190222
2053,94,0.19047036
2053,95,0.21216032
2053,96,0.23708373
2053,97,0.26421117
2053,98,0.29363759
2053,99,0.3254434
2054,0,0.00239917
2054,1,0.00023333
2054,2,0.00010415
2054,3,9.241e-05
2054,4,0.00010944
2054,5,0.00011912
2054,6,0.00011875
2054,7,0.00011251
2054,8,0.00010453
2054,9,9.926e-05
2054,10,0.00010131
2054,11,0.00011277
2054,12,0.00013361
2054,13,0.00016415
2054,14,0.00020329
2054,15,0.00024686
2054,16,0.00029091
2054,17,0.00033365
2054,18,0.00037193
2054,19,0.00040155
2054,20,0.00041826
2054,21,0.0004201
2054,22,0.0004111
2054,23,0.00039587
2054,24,0.00037904
2054,25,0.00036446
2054,26,0.00035253
2054,27,0.00034368
2054,28,0.00033781
2054,29,0.00033484
2054,30,0.00033483
2054,31,0.00033789
2054,32,0.00034422
2054,33,0.00035368
2054,34,0.00036751
2054,35,0.0003862
2054,36,0.00040901
2054,37,0.00043682
2054,38,0.00046969
2054,39,0.00050771
2054,40,0.00055094
2054,41,0.00059776
2054,42,0.00065081
2054,43,0.00071133
2054,44,0.00078066
2054,45,0.0008603
2054,46,0.00094832
2054,47,0.00104737
2054,48,0.00115728
2054,49,0.0012778
2054,50,0.00140849
2054,51,0.00154565
2054,52,0.00169497
2054,53,0.00186029
2054,54,0.00204587
2054,55,0.00225642
2054,56,0.00249707
2054,57,0.00277203
2054,58,0.00308146
2054,59,0.00342491
2054,60,0.00380192
2054,61,0.00421898
2054,62,0.00467162
2054,63,0.00516771
2054,64,0.00571662
2054,65,0.006328
2054,66,0.00704253
2054,67,0.00784535
2054,68,0.00874558
2054,69,0.00975336
2054,70,0.01088031
2054,71,0.01220698
2054,72,0.01369878
2054,73,0.01537763
2054,74,0.01727433
2054,75,0.01942025
2054,76,0.02194734
2054,77,0.02478542
2054,78,0.02798141
2054,79,0.03158839
2054,80,0.03566687
2054,81,0.04045841
2054,82,0.04591335
2054,83,0.0521345
2054,84,0.05920226
2054,85,0.06710207
2054,86,0.07606273
2054,87,0.08606048
2054,88,0.09713498
2054,89,0.10934572
2054,90,0.12273011
2054,91,0.13734004
2054,92,0.1531463
2054,93,0.17024143
2054,94,0.18874381
2054,95,0.21037172
2054,96,0.23529971
2054,97,0.26244973
2054,98,0.29190496
2054,99,0.3237414
2055,0,0.00233963
2055,1,0.00022697
2055,2,0.00010181
2055,3,9.029e-05
2055,4,0.00010666
2055,5,0.00011597
2055,6,0.00011557
2055,7,0.0001095
2055,8,0.00010176
2055,9,9.665e-05
2055,10,9.866e-05
2055,11,0.00010981
2055,12,0.00013011
2055,13,0.00015985
2055,14,0.00019799
2055,15,0.00024048
2055,16,0.00028348
2055,17,0.00032524
2055,18,0.00036269
2055,19,0.00039173
2055,20,0.00040819
2055,21,0.00041014
2055,22,0.00040154
2055,23,0.00038682
2055,24,0.00037052
2055,25,0.00035641
2055,26,0.00034483
2055,27,0.00033627
2055,28,0.00033064
2055,29,0.00032781
2055,30,0.00032776
2055,31,0.00033025
2055,32,0.00033679
2055,33,0.00034692
2055,34,0.00036056
2055,35,0.00037891
2055,36,0.00040134
2055,37,0.00042868
2055,38,0.00046098
2055,39,0.00049833
2055,40,0.0005408
2055,41,0.00058668
2055,42,0.00063865
2055,43,0.00069799
2055,44,0.00076604
2055,45,0.00084426
2055,46,0.00093087
2055,47,0.00102863
2055,48,0.00113709
2055,49,0.00125586
2055,50,0.00138455
2055,51,0.00151929
2055,52,0.00166583
2055,53,0.00182832
2055,54,0.00201103
2055,55,0.00221821
2055,56,0.00245292
2055,57,0.00271852
2055,58,0.0030174
2055,59,0.00334989
2055,60,0.00371524
2055,61,0.00412175
2055,62,0.00456506
2055,63,0.00505042
2055,64,0.00558705
2055,65,0.00618534
2055,66,0.00688631
2055,67,0.007675
2055,68,0.00856018
2055,69,0.00955219
2055,70,0.01066263
2055,71,0.01197084
2055,72,0.0134412
2055,73,0.01509334
2055,74,0.01695179
2055,75,0.01904995
2055,76,0.02153855
2055,77,0.02435051
2055,78,0.02751771
2055,79,0.03109231
2055,80,0.03513296
2055,81,0.03986671
2055,82,0.04525245
2055,83,0.05135793
2055,84,0.05828762
2055,85,0.06609039
2055,86,0.07496366
2055,87,0.08488224
2055,88,0.09587119
2055,89,0.10798294
2055,90,0.12126148
2055,91,0.13577497
2055,92,0.15149666
2055,93,0.16851232
2055,94,0.18694052
2055,95,0.20849079
2055,96,0.23341142
2055,97,0.26058639
2055,98,0.29008949
2055,99,0.32198625
2056,0,0.00227913
2056,1,0.00022062
2056,2,9.945e-05
2056,3,8.814e-05
2056,4,0.00010387
2056,5,0.00011282
2056,6,0.00011239
2056,7,0.00010649
2056,8,9.899e-05
2056,9,9.404e-05
2056,10,9.601e-05
2056,11,0.00010686
2056,12,0.00012661
2056,13,0.00015557
2056,14,0.00019272
2056,15,0.00023413
2056,16,0.00027607
2056,17,0.00031686
2056,18,0.00035349
2056,19,0.00038197
2056,20,0.00039818
2056,21,0.00040022
2056,22,0.000392
2056,23,0.00037782
2056,24,0.00036205
2056,25,0.0003484
2056,26,0.0003372
2056,27,0.00032893
2056,28,0.00032351
2056,29,0.00032086
2056,30,0.0003209
2056,31,0.00032331
2056,32,0.00032928
2056,33,0.00033951
2056,34,0.00035365
2056,35,0.00037174
2056,36,0.00039372
2056,37,0.00042059
2056,38,0.00045233
2056,39,0.00048904
2056,40,0.00053076
2056,41,0.00057579
2056,42,0.00062673
2056,43,0.00068486
2056,44,0.00075157
2056,45,0.00082831
2056,46,0.00091322
2056,47,0.00100935
2056,48,0.00111636
2056,49,0.00123352
2056,50,0.00136025
2056,51,0.0014927
2056,52,0.00163651
2056,53,0.00179587
2056,54,0.00197531
2056,55,0.00217916
2056,56,0.00241006
2056,57,0.00266905
2056,58,0.00295718
2056,59,0.00327742
2056,60,0.00363025
2056,61,0.00402379
2056,62,0.00445562
2056,63,0.00493101
2056,64,0.00545598
2056,65,0.00604072
2056,66,0.00672724
2056,67,0.00750089
2056,68,0.00837044
2056,69,0.00934574
2056,70,0.01043856
2056,71,0.01172864
2056,72,0.01317834
2056,73,0.01480652
2056,74,0.01663527
2056,75,0.01869147
2056,76,0.02112929
2056,77,0.02389969
2056,78,0.02703791
2056,79,0.03058014
2056,80,0.03458398
2056,81,0.03927661
2056,82,0.0445989
2056,83,0.05062911
2056,84,0.05743624
2056,85,0.06509489
2056,86,0.07386871
2056,87,0.08369734
2056,88,0.094609
2056,89,0.10663934
2056,90,0.1198245
2056,91,0.13424175
2056,92,0.14987733
2056,93,0.16681932
2056,94,0.1851797
2056,95,0.20665628
2056,96,0.23157484
2056,97,0.25878354
2056,98,0.28835947
2056,99,0.32035854
2057,0,0.00223043
2057,1,0.00021533
2057,2,9.754e-05
2057,3,8.64e-05
2057,4,0.00010155
2057,5,0.00011017
2057,6,0.00010971
2057,7,0.00010395
2057,8,9.664e-05
2057,9,9.183e-05
2057,10,9.376e-05
2057,11,0.00010435
2057,12,0.00012363
2057,13,0.00015191
2057,14,0.0001882
2057,15,0.00022869
2057,16,0.00026973
2057,17,0.00030968
2057,18,0.0003456
2057,19,0.00037358
2057,20,0.00038959
2057,21,0.00039171
2057,22,0.00038378
2057,23,0.00037003
2057,24,0.00035474
2057,25,0.00034148
2057,26,0.00033059
2057,27,0.00032257
2057,28,0.00031734
2057,29,0.00031482
2057,30,0.00031496
2057,31,0.00031739
2057,32,0.00032322
2057,33,0.00033288
2057,34,0.00034702
2057,35,0.00036548
2057,36,0.00038715
2057,37,0.00041354
2057,38,0.00044479
2057,39,0.00048093
2057,40,0.00052201
2057,41,0.00056629
2057,42,0.00061639
2057,43,0.00067351
2057,44,0.00073901
2057,45,0.00081439
2057,46,0.00089776
2057,47,0.00099218
2057,48,0.00109764
2057,49,0.00121351
2057,50,0.00133879
2057,51,0.00146939
2057,52,0.00161104
2057,53,0.00176777
2057,54,0.0019442
2057,55,0.00214492
2057,56,0.00237272
2057,57,0.00262828
2057,58,0.00290991
2057,59,0.00321873
2057,60,0.00355854
2057,61,0.00393924
2057,62,0.00435805
2057,63,0.0048225
2057,64,0.00533851
2057,65,0.00591245
2057,66,0.00658611
2057,67,0.00734603
2057,68,0.00820153
2057,69,0.00916245
2057,70,0.01023992
2057,71,0.01151403
2057,72,0.01294708
2057,73,0.01455608
2057,74,0.01636233
2057,75,0.01839023
2057,76,0.02078787
2057,77,0.02350853
2057,78,0.02660694
2057,79,0.03012224
2057,80,0.03409526
2057,81,0.0387533
2057,82,0.04403467
2057,83,0.05000118
2057,84,0.05673272
2057,85,0.06427087
2057,86,0.07289919
2057,87,0.08262835
2057,88,0.09345294
2057,89,0.10541105
2057,90,0.11851987
2057,91,0.13284918
2057,92,0.14839153
2057,93,0.16524876
2057,94,0.18353435
2057,95,0.20492547
2057,96,0.22981114
2057,97,0.25701236
2057,98,0.28661383
2057,99,0.31867376
2058,0,0.00217958
2058,1,0.00020987
2058,2,9.552e-05
2058,3,8.457e-05
2058,4,9.916e-05
2058,5,0.00010747
2058,6,0.00010698
2058,7,0.00010136
2058,8,9.425e-05
2058,9,8.957e-05
2058,10,9.147e-05
2058,11,0.00010181
2058,12,0.00012062
2058,13,0.00014821
2058,14,0.00018365
2058,15,0.00022321
2058,16,0.00026334
2058,17,0.00030244
2058,18,0.00033764
2058,19,0.00036511
2058,20,0.00038091
2058,21,0.00038313
2058,22,0.00037548
2058,23,0.00036213
2058,24,0.0003473
2058,25,0.00033445
2058,26,0.00032388
2058,27,0.00031611
2058,28,0.00031108
2058,29,0.0003087
2058,30,0.00030891
2058,31,0.00031138
2058,32,0.00031717
2058,33,0.00032662
2058,34,0.00034016
2058,35,0.00035851
2058,36,0.00038041
2058,37,0.0004064
2058,38,0.00043709
2058,39,0.00047264
2058,40,0.00051307
2058,41,0.0005566
2058,42,0.00060585
2058,43,0.000662
2058,44,0.00072634
2058,45,0.00080031
2058,46,0.00088205
2058,47,0.00097466
2058,48,0.00107814
2058,49,0.00119226
2058,50,0.00131609
2058,51,0.001445
2058,52,0.00158451
2058,53,0.00173872
2058,54,0.0019121
2058,55,0.00210934
2058,56,0.00233351
2058,57,0.00258556
2058,58,0.00286344
2058,59,0.00316487
2058,60,0.00349126
2058,61,0.00385684
2058,62,0.00426101
2058,63,0.00471075
2058,64,0.0052146
2058,65,0.00577872
2058,66,0.00644026
2058,67,0.00718561
2058,68,0.00802559
2058,69,0.00897064
2058,70,0.01003181
2058,71,0.01128853
2058,72,0.01270327
2058,73,0.01429299
2058,74,0.01607702
2058,75,0.018079
2058,76,0.02044506
2058,77,0.02312109
2058,78,0.02616477
2058,79,0.02963531
2058,80,0.03357608
2058,81,0.03819818
2058,82,0.04343816
2058,83,0.04935653
2058,84,0.05601667
2058,85,0.06347605
2058,86,0.07197775
2058,87,0.08154979
2058,88,0.0922707
2058,89,0.10414115
2058,90,0.11718085
2058,91,0.13144001
2058,92,0.1469006
2058,93,0.16367243
2058,94,0.18188265
2058,95,0.20319378
2058,96,0.2280589
2058,97,0.25526682
2058,98,0.28491063
2058,99,0.31705694
2059,0,0.00213189
2059,1,0.00020469
2059,2,9.365e-05
2059,3,8.285e-05
2059,4,9.689e-05
2059,5,0.00010488
2059,6,0.00010436
2059,7,9.888e-05
2059,8,9.195e-05
2059,9,8.741e-05
2059,10,8.927e-05
2059,11,9.936e-05
2059,12,0.00011772
2059,13,0.00014466
2059,14,0.00017928
2059,15,0.00021795
2059,16,0.00025721
2059,17,0.00029549
2059,18,0.00033
2059,19,0.00035699
2059,20,0.0003726
2059,21,0.0003749
2059,22,0.00036754
2059,23,0.00035458
2059,24,0.00034016
2059,25,0.0003277
2059,26,0.00031745
2059,27,0.00030993
2059,28,0.00030508
2059,29,0.00030283
2059,30,0.00030313
2059,31,0.00030562
2059,32,0.00031138
2059,33,0.00032073
2059,34,0.00033401
2059,35,0.0003517
2059,36,0.00037339
2059,37,0.00039953
2059,38,0.00042976
2059,39,0.00046469
2059,40,0.00050448
2059,41,0.00054731
2059,42,0.00059575
2059,43,0.00065098
2059,44,0.00071426
2059,45,0.00078694
2059,46,0.0008671
2059,47,0.0009579
2059,48,0.00105939
2059,49,0.00117138
2059,50,0.00129341
2059,51,0.00142082
2059,52,0.0015585
2059,53,0.00171037
2059,54,0.00188096
2059,55,0.00207487
2059,56,0.00229526
2059,57,0.00254345
2059,58,0.00281778
2059,59,0.00311556
2059,60,0.00343397
2059,61,0.00378432
2059,62,0.00417138
2059,63,0.00460493
2059,64,0.00509272
2059,65,0.00564395
2059,66,0.00629542
2059,67,0.00702807
2059,68,0.00785264
2059,69,0.0087813
2059,70,0.00982581
2059,71,0.01106549
2059,72,0.01246192
2059,73,0.01403229
2059,74,0.01579589
2059,75,0.01777428
2059,76,0.02011341
2059,77,0.02275613
2059,78,0.0257528
2059,79,0.0291658
2059,80,0.03305899
2059,81,0.03764673
2059,82,0.0428471
2059,83,0.04871999
2059,84,0.05532787
2059,85,0.06271579
2059,86,0.0711395
2059,87,0.0805771
2059,88,0.0911351
2059,89,0.10290257
2059,90,0.11585894
2059,91,0.13005715
2059,92,0.14545412
2059,93,0.16215028
2059,94,0.18028196
2059,95,0.20150788
2059,96,0.22635128
2059,97,0.25356337
2059,98,0.28324323
2059,99,0.31546539
2060,0,0.0020843
2060,1,0.00019962
2060,2,9.173e-05
2060,3,8.112e-05
2060,4,9.465e-05
2060,5,0.00010235
2060,6,0.0001018
2060,7,9.645e-05
2060,8,8.971e-05
2060,9,8.53e-05
2060,10,8.712e-05
2060,11,9.696e-05
2060,12,0.00011488
2060,13,0.00014118
2060,14,0.00017498
2060,15,0.00021278
2060,16,0.00025117
2060,17,0.00028864
2060,18,0.00032246
2060,19,0.00034895
2060,20,0.00036435
2060,21,0.00036674
2060,22,0.00035966
2060,23,0.0003471
2060,24,0.00033307
2060,25,0.00032095
2060,26,0.00031101
2060,27,0.00030374
2060,28,0.00029907
2060,29,0.00029695
2060,30,0.00029733
2060,31,0.00029985
2060,32,0.00030557
2060,33,0.00031482
2060,34,0.00032792
2060,35,0.00034527
2060,36,0.00036622
2060,37,0.00039204
2060,38,0.00042234
2060,39,0.00045674
2060,40,0.00049583
2060,41,0.00053792
2060,42,0.00058556
2060,43,0.00063987
2060,44,0.00070209
2060,45,0.00077355
2060,46,0.00085218
2060,47,0.00094115
2060,48,0.00104058
2060,49,0.00115035
2060,50,0.00127008
2060,51,0.00139554
2060,52,0.00153155
2060,53,0.00168132
2060,54,0.00184922
2060,55,0.00203993
2060,56,0.00225655
2060,57,0.00250055
2060,58,0.00277074
2060,59,0.0030649
2060,60,0.00337976
2060,61,0.00372134
2060,62,0.00409076
2060,63,0.0045046
2060,64,0.004974
2060,65,0.00550716
2060,66,0.00614428
2060,67,0.00686608
2060,68,0.00767675
2060,69,0.00858839
2060,70,0.00961483
2060,71,0.01083604
2060,72,0.01221352
2060,73,0.01376341
2060,74,0.0155052
2060,75,0.01746042
2060,76,0.01977315
2060,77,0.02238529
2060,78,0.02534418
2060,79,0.02870463
2060,80,0.03253381
2060,81,0.03706744
2060,82,0.04222534
2060,83,0.04804943
2060,84,0.05460184
2060,85,0.0619309
2060,86,0.07027582
2060,87,0.07962198
2060,88,0.09003052
2060,89,0.10161793
2060,90,0.11446074
2060,91,0.12856803
2060,92,0.14389404
2060,93,0.16051265
2060,94,0.17855243
2060,95,0.19966454
2060,96,0.22444471
2060,97,0.25162033
2060,98,0.28128925
2060,99,0.31353118
2061,0,0.00203822
2061,1,0.00019463
2061,2,8.99e-05
2061,3,7.945e-05
2061,4,9.246e-05
2061,5,9.986e-05
2061,6,9.928e-05
2061,7,9.405e-05
2061,8,8.75e-05
2061,9,8.321e-05
2061,10,8.5e-05
2061,11,9.46e-05
2061,12,0.00011208
2061,13,0.00013774
2061,14,0.00017075
2061,15,0.00020769
2061,16,0.00024525
2061,17,0.00028193
2061,18,0.00031508
2061,19,0.0003411
2061,20,0.00035629
2061,21,0.00035875
2061,22,0.00035197
2061,23,0.00033979
2061,24,0.00032616
2061,25,0.00031437
2061,26,0.0003047
2061,27,0.00029767
2061,28,0.0002932
2061,29,0.00029121
2061,30,0.00029167
2061,31,0.00029421
2061,32,0.00029989
2061,33,0.00030904
2061,34,0.00032197
2061,35,0.00033906
2061,36,0.00035959
2061,37,0.0003846
2061,38,0.0004145
2061,39,0.00044893
2061,40,0.00048742
2061,41,0.00052875
2061,42,0.00057558
2061,43,0.000629
2061,44,0.00069019
2061,45,0.00076046
2061,46,0.00083769
2061,47,0.00092495
2061,48,0.00102234
2061,49,0.00112986
2061,50,0.0012472
2061,51,0.00137024
2061,52,0.00150416
2061,53,0.00165202
2061,54,0.00181749
2061,55,0.00200511
2061,56,0.00221812
2061,57,0.00245796
2061,58,0.00272361
2061,59,0.00301345
2061,60,0.0033248
2061,61,0.00366312
2061,62,0.0040229
2061,63,0.00441628
2061,64,0.00486295
2061,65,0.0053753
2061,66,0.00599207
2061,67,0.00669839
2061,68,0.00749789
2061,69,0.00839481
2061,70,0.00940299
2061,71,0.01060466
2061,72,0.01196233
2061,73,0.01349181
2061,74,0.01521146
2061,75,0.01714303
2061,76,0.01943087
2061,77,0.02201453
2061,78,0.02494036
2061,79,0.02825994
2061,80,0.03203267
2061,81,0.03649834
2061,82,0.04159742
2061,83,0.04737442
2061,84,0.05387339
2061,85,0.06114614
2061,86,0.06943399
2061,87,0.0786986
2061,88,0.08901669
2061,89,0.10045219
2061,90,0.11311358
2061,91,0.12711643
2061,92,0.14236306
2061,93,0.15892215
2061,94,0.17689647
2061,95,0.19791506
2061,96,0.22264511
2061,97,0.24979867
2061,98,0.27948142
2061,99,0.31177214
2062,0,0.00199236
2062,1,0.00018974
2062,2,8.805e-05
2062,3,7.777e-05
2062,4,9.03e-05
2062,5,9.742e-05
2062,6,9.682e-05
2062,7,9.173e-05
2062,8,8.535e-05
2062,9,8.118e-05
2062,10,8.294e-05
2062,11,9.231e-05
2062,12,0.00010937
2062,13,0.00013443
2062,14,0.00016667
2062,15,0.00020279
2062,16,0.00023953
2062,17,0.00027546
2062,18,0.00030796
2062,19,0.00033352
2062,20,0.00034852
2062,21,0.00035104
2062,22,0.00034452
2062,23,0.00033272
2062,24,0.00031948
2062,25,0.00030803
2062,26,0.00029861
2062,27,0.00029179
2062,28,0.00028749
2062,29,0.00028563
2062,30,0.00028617
2062,31,0.00028873
2062,32,0.00029438
2062,33,0.00030342
2062,34,0.00031618
2062,35,0.00033304
2062,36,0.00035323
2062,37,0.00037775
2062,38,0.00040675
2062,39,0.00044072
2062,40,0.00047923
2062,41,0.00051989
2062,42,0.00056588
2062,43,0.00061841
2062,44,0.0006786
2062,45,0.00074772
2062,46,0.0008236
2062,47,0.00090929
2062,48,0.0010048
2062,49,0.0011101
2062,50,0.00122504
2062,51,0.0013456
2062,52,0.00147699
2062,53,0.00162259
2062,54,0.00178585
2062,55,0.00197071
2062,56,0.00218025
2062,57,0.00241613
2062,58,0.00267734
2062,59,0.00296246
2062,60,0.00326952
2062,61,0.00360473
2062,62,0.0039617
2062,63,0.00434446
2062,64,0.0047673
2062,65,0.00525331
2062,66,0.00584633
2062,67,0.00652995
2062,68,0.00731297
2062,69,0.00819861
2062,70,0.00919139
2062,71,0.01037349
2062,72,0.01171039
2062,73,0.01321881
2062,74,0.01491673
2062,75,0.01682466
2062,76,0.0190874
2062,77,0.02164447
2062,78,0.02453963
2062,79,0.0278234
2062,80,0.03155181
2062,81,0.03595744
2062,82,0.04098356
2062,83,0.04669682
2062,84,0.05314419
2062,85,0.06036186
2062,86,0.06859433
2062,87,0.07780013
2062,88,0.08803685
2062,89,0.09938211
2062,90,0.11188856
2062,91,0.12571157
2062,92,0.14086222
2062,93,0.15735058
2062,94,0.17527251
2062,95,0.19621699
2062,96,0.22091043
2062,97,0.24804317
2062,98,0.27774017
2062,99,0.31008789
2063,0,0.00195167
2063,1,0.00018529
2063,2,8.642e-05
2063,3,7.628e-05
2063,4,8.834e-05
2063,5,9.519e-05
2063,6,9.456e-05
2063,7,8.958e-05
2063,8,8.336e-05
2063,9,7.931e-05
2063,10,8.103e-05
2063,11,9.019e-05
2063,12,0.00010686
2063,13,0.00013135
2063,14,0.00016287
2063,15,0.00019822
2063,16,0.0002342
2063,17,0.00026943
2063,18,0.00030133
2063,19,0.00032646
2063,20,0.00034127
2063,21,0.00034387
2063,22,0.00033759
2063,23,0.00032613
2063,24,0.00031326
2063,25,0.00030212
2063,26,0.00029296
2063,27,0.00028632
2063,28,0.00028217
2063,29,0.00028043
2063,30,0.00028105
2063,31,0.00028363
2063,32,0.00028925
2063,33,0.0002982
2063,34,0.0003108
2063,35,0.00032743
2063,36,0.00034733
2063,37,0.00037145
2063,38,0.00039991
2063,39,0.00043291
2063,40,0.00047093
2063,41,0.00051161
2063,42,0.00055688
2063,43,0.00060851
2063,44,0.00066775
2063,45,0.00073579
2063,46,0.0008104
2063,47,0.00089462
2063,48,0.00098844
2063,49,0.00109171
2063,50,0.00120431
2063,51,0.00132237
2063,52,0.00145117
2063,53,0.00159407
2063,54,0.00175481
2063,55,0.00193713
2063,56,0.00214353
2063,57,0.00237559
2063,58,0.00263255
2063,59,0.00291299
2063,60,0.00321523
2063,61,0.00354635
2063,62,0.0039007
2063,63,0.00428128
2063,64,0.00469234
2063,65,0.00515046
2063,66,0.00571272
2063,67,0.0063693
2063,68,0.00712712
2063,69,0.00799522
2063,70,0.00897648
2063,71,0.01014198
2063,72,0.01145772
2063,73,0.01294358
2063,74,0.01461851
2063,75,0.01650261
2063,76,0.01873953
2063,77,0.02126903
2063,78,0.02413465
2063,79,0.0273841
2063,80,0.0310722
2063,81,0.03542889
2063,82,0.04038849
2063,83,0.04602129
2063,84,0.05239723
2063,85,0.05955805
2063,86,0.06773304
2063,87,0.076879
2063,88,0.0870555
2063,89,0.09831628
2063,90,0.11072864
2063,91,0.12439212
2063,92,0.13936228
2063,93,0.15575802
2063,94,0.17361163
2063,95,0.19448516
2063,96,0.2191574
2063,97,0.24627715
2063,98,0.27598348
2063,99,0.30838237
2064,0,0.00191011
2064,1,0.00018082
2064,2,8.473e-05
2064,3,7.474e-05
2064,4,8.635e-05
2064,5,9.295e-05
2064,6,9.229e-05
2064,7,8.742e-05
2064,8,8.137e-05
2064,9,7.743e-05
2064,10,7.912e-05
2064,11,8.806e-05
2064,12,0.00010432
2064,13,0.00012824
2064,14,0.00015904
2064,15,0.00019359
2064,16,0.0002288
2064,17,0.00026329
2064,18,0.00029456
2064,19,0.00031924
2064,20,0.00033385
2064,21,0.00033651
2064,22,0.00033049
2064,23,0.00031937
2064,24,0.00030687
2064,25,0.00029606
2064,26,0.00028715
2064,27,0.00028072
2064,28,0.00027671
2064,29,0.00027507
2064,30,0.00027576
2064,31,0.00027838
2064,32,0.00028397
2064,33,0.00029283
2064,34,0.00030527
2064,35,0.00032167
2064,36,0.00034125
2064,37,0.00036499
2064,38,0.00039298
2064,39,0.00042534
2064,40,0.00046228
2064,41,0.00050239
2064,42,0.00054761
2064,43,0.00059841
2064,44,0.00065661
2064,45,0.00072353
2064,46,0.00079685
2064,47,0.0008796
2064,48,0.00097173
2064,49,0.00107308
2064,50,0.00118343
2064,51,0.00129893
2064,52,0.00142503
2064,53,0.0015651
2064,54,0.0017228
2064,55,0.00190214
2064,56,0.00210547
2064,57,0.00233391
2064,58,0.00258662
2064,59,0.00286244
2064,60,0.00315974
2064,61,0.00348593
2064,62,0.00383631
2064,63,0.00421474
2064,64,0.00462418
2064,65,0.00506891
2064,66,0.00559809
2064,67,0.00621837
2064,68,0.00694512
2064,69,0.00778494
2064,70,0.0087471
2064,71,0.00989989
2064,72,0.01119721
2064,73,0.01265942
2064,74,0.01430906
2064,75,0.01616725
2064,76,0.01837721
2064,77,0.02087736
2064,78,0.02371131
2064,79,0.02692639
2064,80,0.03057442
2064,81,0.03488482
2064,82,0.03978766
2064,83,0.04534493
2064,84,0.0516303
2064,85,0.0587109
2064,86,0.06682372
2064,87,0.07590516
2064,88,0.08601764
2064,89,0.09721477
2064,90,0.10953718
2064,91,0.12310203
2064,92,0.13790638
2064,93,0.15412066
2064,94,0.17187941
2064,95,0.19265549
2064,96,0.21730392
2064,97,0.2444168
2064,98,0.27413086
2064,99,0.30656637
2065,0,0.00187334
2065,1,0.00017666
2065,2,8.323e-05
2065,3,7.337e-05
2065,4,8.453e-05
2065,5,9.086e-05
2065,6,9.017e-05
2065,7,8.541e-05
2065,8,7.95e-05
2065,9,7.567e-05
2065,10,7.732e-05
2065,11,8.605e-05
2065,12,0.00010194
2065,13,0.00012531
2065,14,0.00015542
2065,15,0.00018923
2065,16,0.00022371
2065,17,0.00025753
2065,18,0.00028822
2065,19,0.00031249
2065,20,0.00032691
2065,21,0.00032964
2065,22,0.00032386
2065,23,0.00031309
2065,24,0.00030092
2065,25,0.00029042
2065,26,0.00028176
2065,27,0.00027552
2065,28,0.00027166
2065,29,0.00027011
2065,30,0.00027087
2065,31,0.00027351
2065,32,0.00027908
2065,33,0.00028786
2065,34,0.00030016
2065,35,0.00031634
2065,36,0.00033563
2065,37,0.00035901
2065,38,0.00038658
2065,39,0.00041844
2065,40,0.00045473
2065,41,0.00049371
2065,42,0.00053836
2065,43,0.0005891
2065,44,0.00064642
2065,45,0.00071225
2065,46,0.00078437
2065,47,0.00086577
2065,48,0.00095636
2065,49,0.00105597
2065,50,0.00116437
2065,51,0.00127758
2065,52,0.00140111
2065,53,0.00153844
2065,54,0.00169321
2065,55,0.00186932
2065,56,0.0020694
2065,57,0.00229459
2065,58,0.0025436
2065,59,0.00281517
2065,60,0.00310795
2065,61,0.00342945
2065,62,0.00377529
2065,63,0.00415045
2065,64,0.00455887
2065,65,0.0050032
2065,66,0.00551774
2065,67,0.00609951
2065,68,0.006785
2065,69,0.00759108
2065,70,0.00852377
2065,71,0.00965753
2065,72,0.01094336
2065,73,0.01238762
2065,74,0.01401366
2065,75,0.01584663
2065,76,0.01803082
2065,77,0.02050433
2065,78,0.02330904
2065,79,0.02649223
2065,80,0.0301052
2065,81,0.03437493
2065,82,0.03922976
2065,83,0.0447282
2065,84,0.05093554
2065,85,0.05792404
2065,86,0.06595802
2065,87,0.07497957
2065,88,0.08503256
2065,89,0.09617171
2065,90,0.10843611
2065,91,0.12191557
2065,92,0.13662347
2065,93,0.15267848
2065,94,0.1702695
2065,95,0.19093697
2065,96,0.2155511
2065,97,0.24267022
2065,98,0.27241178
2065,99,0.30489363
2066,0,0.00183676
2066,1,0.00017273
2066,2,8.171e-05
2066,3,7.2e-05
2066,4,8.278e-05
2066,5,8.889e-05
2066,6,8.818e-05
2066,7,8.352e-05
2066,8,7.775e-05
2066,9,7.401e-05
2066,10,7.563e-05
2066,11,8.418e-05
2066,12,9.972e-05
2066,13,0.00012258
2066,14,0.00015206
2066,15,0.00018518
2066,16,0.00021898
2066,17,0.00025215
2066,18,0.00028229
2066,19,0.00030616
2066,20,0.0003204
2066,21,0.00032316
2066,22,0.00031759
2066,23,0.00030713
2066,24,0.00029529
2066,25,0.00028504
2066,26,0.00027661
2066,27,0.00027054
2066,28,0.00026681
2066,29,0.00026535
2066,30,0.00026614
2066,31,0.00026879
2066,32,0.00027433
2066,33,0.00028302
2066,34,0.00029517
2066,35,0.00031113
2066,36,0.00033014
2066,37,0.00035317
2066,38,0.00038031
2066,39,0.0004117
2066,40,0.00044742
2066,41,0.00048568
2066,42,0.00052913
2066,43,0.00057922
2066,44,0.0006364
2066,45,0.00070122
2066,46,0.00077209
2066,47,0.00085213
2066,48,0.00094123
2066,49,0.00103916
2066,50,0.0011457
2066,51,0.00125684
2066,52,0.00137796
2066,53,0.00151255
2066,54,0.00166435
2066,55,0.00183718
2066,56,0.00203355
2066,57,0.00225507
2066,58,0.0025006
2066,59,0.00276835
2066,60,0.00305688
2066,61,0.00337399
2066,62,0.00371537
2066,63,0.00408633
2066,64,0.00449211
2066,65,0.0049365
2066,66,0.00545186
2066,67,0.00601674
2066,68,0.00665681
2066,69,0.00741549
2066,70,0.00831097
2066,71,0.00941259
2066,72,0.01067875
2066,73,0.01211154
2066,74,0.0137188
2066,75,0.01552683
2066,76,0.01768392
2066,77,0.02012982
2066,78,0.0229056
2066,79,0.02605659
2066,80,0.02963386
2066,81,0.03386402
2066,82,0.03867219
2066,83,0.04411573
2066,84,0.05025654
2066,85,0.05715937
2066,86,0.06509321
2066,87,0.07402732
2066,88,0.08401529
2066,89,0.09509012
2066,90,0.10729066
2066,91,0.12070472
2066,92,0.13531356
2066,93,0.15125734
2066,94,0.16867741
2066,95,0.18914303
2066,96,0.21367172
2066,97,0.24074479
2066,98,0.27048125
2066,99,0.3029782
2067,0,0.00180108
2067,1,0.0001688
2067,2,8.026e-05
2067,3,7.068e-05
2067,4,8.104e-05
2067,5,8.691e-05
2067,6,8.617e-05
2067,7,8.161e-05
2067,8,7.598e-05
2067,9,7.234e-05
2067,10,7.393e-05
2067,11,8.228e-05
2067,12,9.747e-05
2067,13,0.00011982
2067,14,0.00014866
2067,15,0.00018109
2067,16,0.0002142
2067,17,0.00024673
2067,18,0.00027632
2067,19,0.0002998
2067,20,0.00031387
2067,21,0.00031667
2067,22,0.00031131
2067,23,0.00030116
2067,24,0.00028965
2067,25,0.0002797
2067,26,0.00027148
2067,27,0.0002656
2067,28,0.00026201
2067,29,0.00026065
2067,30,0.00026149
2067,31,0.00026415
2067,32,0.00026964
2067,33,0.00027825
2067,34,0.00029026
2067,35,0.00030603
2067,36,0.00032476
2067,37,0.00034745
2067,38,0.00037418
2067,39,0.00040509
2067,40,0.00044028
2067,41,0.00047792
2067,42,0.00052059
2067,43,0.00056939
2067,44,0.00062583
2067,45,0.00069042
2067,46,0.00076015
2067,47,0.00083878
2067,48,0.00092638
2067,49,0.00102266
2067,50,0.00112737
2067,51,0.00123649
2067,52,0.00135536
2067,53,0.00148732
2067,54,0.00163608
2067,55,0.00180553
2067,56,0.00199806
2067,57,0.00221525
2067,58,0.00245657
2067,59,0.00272051
2067,60,0.00300501
2067,61,0.00331772
2067,62,0.00365464
2067,63,0.00402113
2067,64,0.00442287
2067,65,0.00486513
2067,66,0.00538171
2067,67,0.00594846
2067,68,0.00656883
2067,69,0.00727441
2067,70,0.008116
2067,71,0.00917621
2067,72,0.01040772
2067,73,0.01181986
2067,74,0.01341526
2067,75,0.01520329
2067,76,0.01733345
2067,77,0.0197507
2067,78,0.02249718
2067,79,0.02561721
2067,80,0.02915972
2067,81,0.03335149
2067,82,0.03811689
2067,83,0.04351036
2067,84,0.04959293
2067,85,0.0564274
2067,86,0.06427509
2067,87,0.07310746
2067,88,0.08301105
2067,89,0.09402904
2067,90,0.10617556
2067,91,0.1195385
2067,92,0.13409284
2067,93,0.14995018
2067,94,0.16727643
2067,95,0.1875888
2067,96,0.21198127
2067,97,0.23902708
2067,98,0.26878885
2067,99,0.30136479
2068,0,0.00176572
2068,1,0.00016489
2068,2,7.879e-05
2068,3,6.934e-05
2068,4,7.93e-05
2068,5,8.494e-05
2068,6,8.418e-05
2068,7,7.972e-05
2068,8,7.423e-05
2068,9,7.068e-05
2068,10,7.224e-05
2068,11,8.039e-05
2068,12,9.523e-05
2068,13,0.00011707
2068,14,0.00014526
2068,15,0.00017699
2068,16,0.00020941
2068,17,0.00024128
2068,18,0.00027029
2068,19,0.00029335
2068,20,0.00030724
2068,21,0.00031009
2068,22,0.00030493
2068,23,0.00029506
2068,24,0.00028388
2068,25,0.00027422
2068,26,0.00026623
2068,27,0.00026052
2068,28,0.00025706
2068,29,0.00025579
2068,30,0.00025669
2068,31,0.00025935
2068,32,0.00026479
2068,33,0.0002733
2068,34,0.00028517
2068,35,0.00030072
2068,36,0.00031916
2068,37,0.00034149
2068,38,0.0003678
2068,39,0.00039821
2068,40,0.00043284
2068,41,0.00046986
2068,42,0.00051182
2068,43,0.00055972
2068,44,0.00061473
2068,45,0.00067841
2068,46,0.00074774
2068,47,0.00082504
2068,48,0.00091101
2068,49,0.0010056
2068,50,0.00110846
2068,51,0.00121555
2068,52,0.00133221
2068,53,0.00146167
2068,54,0.0016075
2068,55,0.00177351
2068,56,0.00196213
2068,57,0.00217486
2068,58,0.00241123
2068,59,0.00267048
2068,60,0.00295095
2068,61,0.00325954
2068,62,0.00359195
2068,63,0.0039539
2068,64,0.00435113
2068,65,0.00478939
2068,66,0.00530422
2068,67,0.00587292
2068,68,0.00649552
2068,69,0.00717735
2068,70,0.00795697
2068,71,0.00895565
2068,72,0.01014115
2068,73,0.01151536
2068,74,0.01308819
2068,75,0.01486277
2068,76,0.01696967
2068,77,0.01935626
2068,78,0.02206961
2068,79,0.02515498
2068,80,0.02866004
2068,81,0.03280912
2068,82,0.03752651
2068,83,0.04286641
2068,84,0.04888699
2068,85,0.05565143
2068,86,0.06341913
2068,87,0.07214977
2068,88,0.08193493
2068,89,0.0928531
2068,90,0.10492906
2068,91,0.11822374
2068,92,0.13270795
2068,93,0.14848915
2068,94,0.16570796
2068,95,0.18590703
2068,96,0.2101487
2068,97,0.23703797
2068,98,0.26675308
2068,99,0.29933399
2069,0,0.00173225
2069,1,0.00016117
2069,2,7.742e-05
2069,3,6.809e-05
2069,4,7.765e-05
2069,5,8.306e-05
2069,6,8.227e-05
2069,7,7.79e-05
2069,8,7.255e-05
2069,9,6.909e-05
2069,10,7.062e-05
2069,11,7.859e-05
2069,12,9.309e-05
2069,13,0.00011444
2069,14,0.00014203
2069,15,0.0001731
2069,16,0.00020488
2069,17,0.00023614
2069,18,0.00026464
2069,19,0.00028732
2069,20,0.00030102
2069,21,0.00030393
2069,22,0.00029898
2069,23,0.00028939
2069,24,0.00027851
2069,25,0.00026911
2069,26,0.00026135
2069,27,0.00025581
2069,28,0.00025247
2069,29,0.00025129
2069,30,0.00025224
2069,31,0.00025492
2069,32,0.00026032
2069,33,0.00026874
2069,34,0.00028045
2069,35,0.0002958
2069,36,0.00031398
2069,37,0.00033598
2069,38,0.0003619
2069,39,0.00039186
2069,40,0.00042597
2069,41,0.00046241
2069,42,0.00050372
2069,43,0.00055086
2069,44,0.00060491
2069,45,0.00066707
2069,46,0.00073539
2069,47,0.00081228
2069,48,0.00089682
2069,49,0.00098968
2069,50,0.00109077
2069,51,0.00119595
2069,52,0.00131048
2069,53,0.00143758
2069,54,0.00158071
2069,55,0.00174349
2069,56,0.00192825
2069,57,0.00213661
2069,58,0.00236803
2069,59,0.0026219
2069,60,0.00289751
2069,61,0.00320223
2069,62,0.00353078
2069,63,0.00388848
2069,64,0.00428147
2069,65,0.0047156
2069,66,0.00522701
2069,67,0.00579491
2069,68,0.00642084
2069,69,0.00710576
2069,70,0.0078579
2069,71,0.00878634
2069,72,0.00990406
2069,73,0.01122928
2069,74,0.01276284
2069,75,0.0145151
2069,76,0.01660876
2069,77,0.01897245
2069,78,0.02165505
2069,79,0.024707
2069,80,0.02817679
2069,81,0.03228753
2069,82,0.0369612
2069,83,0.04225206
2069,84,0.04821835
2069,85,0.0549214
2069,86,0.06262221
2069,87,0.071276
2069,88,0.08096385
2069,89,0.09176936
2069,90,0.10375639
2069,91,0.11699675
2069,92,0.13142663
2069,93,0.14714996
2069,94,0.16430493
2069,95,0.1844168
2069,96,0.20859627
2069,97,0.23537612
2069,98,0.26498946
2069,99,0.29759269
2070,0,0.00170035
2070,1,0.00015761
2070,2,7.608e-05
2070,3,6.687e-05
2070,4,7.607e-05
2070,5,8.127e-05
2070,6,8.045e-05
2070,7,7.617e-05
2070,8,7.095e-05
2070,9,6.758e-05
2070,10,6.908e-05
2070,11,7.687e-05
2070,12,9.105e-05
2070,13,0.00011194
2070,14,0.00013893
2070,15,0.00016937
2070,16,0.00020053
2070,17,0.0002312
2070,18,0.00025918
2070,19,0.00028149
2070,20,0.00029502
2070,21,0.00029795
2070,22,0.0002932
2070,23,0.0002839
2070,24,0.00027329
2070,25,0.00026414
2070,26,0.00025658
2070,27,0.00025121
2070,28,0.000248
2070,29,0.00024689
2070,30,0.00024789
2070,31,0.00025057
2070,32,0.00025594
2070,33,0.00026426
2070,34,0.00027583
2070,35,0.00029097
2070,36,0.00030889
2070,37,0.00033057
2070,38,0.0003561
2070,39,0.00038561
2070,40,0.00041923
2070,41,0.0004551
2070,42,0.00049576
2070,43,0.00054219
2070,44,0.00059541
2070,45,0.0006565
2070,46,0.00072313
2070,47,0.00079888
2070,48,0.00088299
2070,49,0.00097431
2070,50,0.00107357
2070,51,0.00117689
2070,52,0.00128942
2070,53,0.00141429
2070,54,0.00155489
2070,55,0.00171475
2070,56,0.00189598
2070,57,0.00210011
2070,58,0.00232676
2070,59,0.0025753
2070,60,0.00284522
2070,61,0.00314506
2070,62,0.00347007
2070,63,0.00382425
2070,64,0.00421328
2070,65,0.00464349
2070,66,0.00515109
2070,67,0.00571595
2070,68,0.0063417
2070,69,0.0070308
2070,70,0.00778606
2070,71,0.00868261
2070,72,0.009721
2070,73,0.01097177
2070,74,0.01245306
2070,75,0.01416433
2070,76,0.01623441
2070,77,0.01858474
2070,78,0.0212432
2070,79,0.02426222
2070,80,0.02769569
2070,81,0.03176724
2070,82,0.03639784
2070,83,0.04163957
2070,84,0.04755099
2070,85,0.05419434
2070,86,0.06182971
2070,87,0.07041163
2070,88,0.08001812
2070,89,0.0907203
2070,90,0.10258817
2070,91,0.11573762
2070,92,0.1301109
2070,93,0.14577549
2070,94,0.16286758
2070,95,0.18291514
2070,96,0.20703089
2070,97,0.23375566
2070,98,0.26326897
2070,99,0.29578269
2071,0,0.00166934
2071,1,0.00015421
2071,2,7.479e-05
2071,3,6.57e-05
2071,4,7.455e-05
2071,5,7.954e-05
2071,6,7.87e-05
2071,7,7.45e-05
2071,8,6.939e-05
2071,9,6.611e-05
2071,10,6.758e-05
2071,11,7.519e-05
2071,12,8.906e-05
2071,13,0.00010951
2071,14,0.00013593
2071,15,0.00016574
2071,16,0.00019629
2071,17,0.0002264
2071,18,0.00025388
2071,19,0.00027581
2071,20,0.00028916
2071,21,0.00029212
2071,22,0.00028754
2071,23,0.00027851
2071,24,0.00026818
2071,25,0.00025926
2071,26,0.00025189
2071,27,0.00024668
2071,28,0.00024358
2071,29,0.00024256
2071,30,0.00024359
2071,31,0.00024627
2071,32,0.0002516
2071,33,0.00025983
2071,34,0.00027124
2071,35,0.00028617
2071,36,0.00030382
2071,37,0.00032517
2071,38,0.00035032
2071,39,0.00037939
2071,40,0.00041249
2071,41,0.0004478
2071,42,0.00048782
2071,43,0.00053352
2071,44,0.0005859
2071,45,0.00064602
2071,46,0.00071142
2071,47,0.00078525
2071,48,0.00086807
2071,49,0.00095889
2071,50,0.00105644
2071,51,0.00115776
2071,52,0.00126825
2071,53,0.00139088
2071,54,0.00152894
2071,55,0.0016859
2071,56,0.00186373
2071,57,0.00206379
2071,58,0.00228563
2071,59,0.0025288
2071,60,0.00279286
2071,61,0.00308654
2071,62,0.00340649
2071,63,0.00375728
2071,64,0.00414299
2071,65,0.00456933
2071,66,0.00507307
2071,67,0.00563419
2071,68,0.006257
2071,69,0.00694624
2071,70,0.00770614
2071,71,0.00860581
2071,72,0.00960738
2071,73,0.01076955
2071,74,0.01216927
2071,75,0.01382422
2071,76,0.01584928
2071,77,0.01817403
2071,78,0.02081712
2071,79,0.02380869
2071,80,0.02720469
2071,81,0.0312337
2071,82,0.03581808
2071,83,0.04100871
2071,84,0.04686208
2071,85,0.05344139
2071,86,0.06100864
2071,87,0.06951598
2071,88,0.07904187
2071,89,0.08965314
2071,90,0.10140594
2071,91,0.11442488
2071,92,0.12869601
2071,93,0.14428985
2071,94,0.16130504
2071,95,0.18126773
2071,96,0.20531906
2071,97,0.23195864
2071,98,0.26139355
2071,99,0.29378254
2072,0,0.00164036
2072,1,0.00015091
2072,2,7.359e-05
2072,3,6.459e-05
2072,4,7.308e-05
2072,5,7.786e-05
2072,6,7.699e-05
2072,7,7.287e-05
2072,8,6.788e-05
2072,9,6.468e-05
2072,10,6.612e-05
2072,11,7.357e-05
2072,12,8.713e-05
2072,13,0.00010713
2072,14,0.00013301
2072,15,0.00016222
2072,16,0.00019217
2072,17,0.00022172
2072,18,0.00024873
2072,19,0.0002703
2072,20,0.00028347
2072,21,0.00028646
2072,22,0.00028206
2072,23,0.00027328
2072,24,0.00026324
2072,25,0.00025456
2072,26,0.00024737
2072,27,0.00024231
2072,28,0.00023933
2072,29,0.00023839
2072,30,0.00023946
2072,31,0.00024214
2072,32,0.00024743
2072,33,0.00025557
2072,34,0.00026685
2072,35,0.00028158
2072,36,0.00029897
2072,37,0.00032001
2072,38,0.00034479
2072,39,0.00037343
2072,40,0.00040606
2072,41,0.00044082
2072,42,0.00048024
2072,43,0.00052525
2072,44,0.00057684
2072,45,0.00063606
2072,46,0.0007004
2072,47,0.0007729
2072,48,0.00085364
2072,49,0.00094312
2072,50,0.00104019
2072,51,0.00113973
2072,52,0.00124813
2072,53,0.00136861
2072,54,0.00150429
2072,55,0.0016585
2072,56,0.00183314
2072,57,0.0020295
2072,58,0.00224692
2072,59,0.00248489
2072,60,0.00274321
2072,61,0.0030307
2072,62,0.00334424
2072,63,0.00369002
2072,64,0.00407276
2072,65,0.00449624
2072,66,0.00499641
2072,67,0.00555396
2072,68,0.00617326
2072,69,0.00685968
2072,70,0.00761987
2072,71,0.00852454
2072,72,0.00952877
2072,73,0.01064914
2072,74,0.0119515
2072,75,0.013519
2072,76,0.01548421
2072,77,0.0177629
2072,78,0.02038063
2072,79,0.02335711
2072,80,0.02672483
2072,81,0.03071414
2072,82,0.03525378
2072,83,0.04039578
2072,84,0.04619567
2072,85,0.05271497
2072,86,0.06021818
2072,87,0.06865885
2072,88,0.07811362
2072,89,0.08864937
2072,90,0.10031739
2072,91,0.11322909
2072,92,0.12737947
2072,93,0.14288431
2072,94,0.15984282
2072,95,0.1797388
2072,96,0.20375526
2072,97,0.23037367
2072,98,0.25977564
2072,99,0.29214957
2073,0,0.00160954
2073,1,0.00014759
2073,2,7.229e-05
2073,3,6.342e-05
2073,4,7.159e-05
2073,5,7.618e-05
2073,6,7.53e-05
2073,7,7.127e-05
2073,8,6.639e-05
2073,9,6.327e-05
2073,10,6.469e-05
2073,11,7.198e-05
2073,12,8.525e-05
2073,13,0.00010483
2073,14,0.00013017
2073,15,0.0001588
2073,16,0.00018818
2073,17,0.00021718
2073,18,0.00024372
2073,19,0.00026495
2073,20,0.00027794
2073,21,0.00028095
2073,22,0.00027672
2073,23,0.00026818
2073,24,0.00025839
2073,25,0.00024995
2073,26,0.00024295
2073,27,0.00023802
2073,28,0.00023514
2073,29,0.00023427
2073,30,0.00023539
2073,31,0.00023807
2073,32,0.00024331
2073,33,0.00025136
2073,34,0.0002625
2073,35,0.00027704
2073,36,0.00029417
2073,37,0.00031489
2073,38,0.00033929
2073,39,0.00036752
2073,40,0.00039967
2073,41,0.0004339
2073,42,0.0004727
2073,43,0.00051703
2073,44,0.00056783
2073,45,0.00062614
2073,46,0.00068943
2073,47,0.00076071
2073,48,0.00083994
2073,49,0.00092711
2073,50,0.00102274
2073,51,0.00112174
2073,52,0.00122818
2073,53,0.00134634
2073,54,0.00147958
2073,55,0.00163104
2073,56,0.00180249
2073,57,0.00199518
2073,58,0.00220841
2073,59,0.00244145
2073,60,0.00269403
2073,61,0.00297526
2073,62,0.00328209
2073,63,0.00362093
2073,64,0.0039984
2073,65,0.00441902
2073,66,0.00491632
2073,67,0.00547016
2073,68,0.00608559
2073,69,0.00676799
2073,70,0.00752464
2073,71,0.00842908
2073,72,0.00943792
2073,73,0.01055984
2073,74,0.01181482
2073,75,0.01327566
2073,76,0.01514583
2073,77,0.01736065
2073,78,0.01992939
2073,79,0.02287834
2073,80,0.0262285
2073,81,0.03018514
2073,82,0.03468017
2073,83,0.03977196
2073,84,0.0455175
2073,85,0.05197762
2073,86,0.05941681
2073,87,0.06779059
2073,88,0.0771778
2073,89,0.08764298
2073,90,0.09923699
2073,91,0.11206684
2073,92,0.12611198
2073,93,0.14150012
2073,94,0.1583749
2073,95,0.17820922
2073,96,0.20220103
2073,97,0.22881233
2073,98,0.25822795
2073,99,0.29061109
2074,0,0.00158108
2074,1,0.00014436
2074,2,7.11e-05
2074,3,6.233e-05
2074,4,7.015e-05
2074,5,7.454e-05
2074,6,7.362e-05
2074,7,6.967e-05
2074,8,6.491e-05
2074,9,6.187e-05
2074,10,6.325e-05
2074,11,7.037e-05
2074,12,8.334e-05
2074,13,0.00010248
2074,14,0.00012727
2074,15,0.00015531
2074,16,0.0001841
2074,17,0.00021254
2074,18,0.00023859
2074,19,0.00025947
2074,20,0.0002723
2074,21,0.00027533
2074,22,0.00027126
2074,23,0.00026299
2074,24,0.00025348
2074,25,0.00024527
2074,26,0.00023848
2074,27,0.00023371
2074,28,0.00023093
2074,29,0.00023014
2074,30,0.0002313
2074,31,0.000234
2074,32,0.0002392
2074,33,0.00024717
2074,34,0.00025817
2074,35,0.00027252
2074,36,0.0002894
2074,37,0.00030981
2074,38,0.00033385
2074,39,0.00036164
2074,40,0.00039333
2074,41,0.00042703
2074,42,0.00046525
2074,43,0.0005089
2074,44,0.00055893
2074,45,0.00061635
2074,46,0.00067862
2074,47,0.00074873
2074,48,0.00082662
2074,49,0.00091214
2074,50,0.00100528
2074,51,0.00110278
2074,52,0.00120858
2074,53,0.00132461
2074,54,0.00145532
2074,55,0.00160407
2074,56,0.00177242
2074,57,0.00196154
2074,58,0.00217069
2074,59,0.00239911
2074,60,0.00264631
2074,61,0.0029213
2074,62,0.00322139
2074,63,0.00355301
2074,64,0.00392302
2074,65,0.00433825
2074,66,0.00483296
2074,67,0.00538427
2074,68,0.00599605
2074,69,0.00667444
2074,70,0.00742661
2074,71,0.00832693
2074,72,0.00933502
2074,73,0.01046122
2074,74,0.01171665
2074,75,0.01312477
2074,76,0.01487932
2074,77,0.01699247
2074,78,0.0194937
2074,79,0.02239096
2074,80,0.02571139
2074,81,0.02964719
2074,82,0.03410558
2074,83,0.0391478
2074,84,0.04483768
2074,85,0.05123769
2074,86,0.05861361
2074,87,0.06692036
2074,88,0.07623929
2074,89,0.08663721
2074,90,0.09816187
2074,91,0.11092044
2074,92,0.12488503
2074,93,0.1401697
2074,94,0.15693173
2074,95,0.17667065
2074,96,0.20064208
2074,97,0.2272508
2074,98,0.25668558
2074,99,0.28911245
2075,0,0.00155458
2075,1,0.00014148
2075,2,6.999e-05
2075,3,6.131e-05
2075,4,6.885e-05
2075,5,7.306e-05
2075,6,7.213e-05
2075,7,6.824e-05
2075,8,6.359e-05
2075,9,6.062e-05
2075,10,6.198e-05
2075,11,6.896e-05
2075,12,8.167e-05
2075,13,0.00010043
2075,14,0.00012475
2075,15,0.00015226
2075,16,0.00018055
2075,17,0.00020852
2075,18,0.00023413
2075,19,0.00025469
2075,20,0.00026737
2075,21,0.00027041
2075,22,0.00026647
2075,23,0.00025839
2075,24,0.00024911
2075,25,0.0002411
2075,26,0.00023447
2075,27,0.00022982
2075,28,0.00022715
2075,29,0.0002264
2075,30,0.00022758
2075,31,0.00023027
2075,32,0.00023543
2075,33,0.00024331
2075,34,0.00025417
2075,35,0.00026833
2075,36,0.00028498
2075,37,0.0003051
2075,38,0.00032879
2075,39,0.00035618
2075,40,0.0003874
2075,41,0.00042061
2075,42,0.00045827
2075,43,0.00050128
2075,44,0.00055057
2075,45,0.00060715
2075,46,0.00066844
2075,47,0.00073745
2075,48,0.0008141
2075,49,0.00089822
2075,50,0.00098966
2075,51,0.00108463
2075,52,0.00118893
2075,53,0.00130423
2075,54,0.00143266
2075,55,0.00157869
2075,56,0.0017441
2075,57,0.00192989
2075,58,0.00213529
2075,59,0.00235952
2075,60,0.00260207
2075,61,0.00287164
2075,62,0.00316544
2075,63,0.00349023
2075,64,0.00385288
2075,65,0.0042605
2075,66,0.00474994
2075,67,0.00529947
2075,68,0.00590948
2075,69,0.00658462
2075,70,0.00733293
2075,71,0.00822864
2075,72,0.00923238
2075,73,0.0103578
2075,74,0.01161762
2075,75,0.01302556
2075,76,0.01472297
2075,77,0.01671212
2075,78,0.01910597
2075,79,0.02193273
2075,80,0.02519909
2075,81,0.02910166
2075,82,0.03353604
2075,83,0.03853694
2075,84,0.04417134
2075,85,0.05050868
2075,86,0.05781799
2075,87,0.0660556
2075,88,0.07530195
2075,89,0.08562641
2075,90,0.0970784
2075,91,0.10976127
2075,92,0.12364409
2075,93,0.13883434
2075,94,0.15547691
2075,95,0.17506952
2075,96,0.19894787
2075,97,0.22551345
2075,98,0.25491946
2075,99,0.28733472
2076,0,0.00152838
2076,1,0.0001385
2076,2,6.888e-05
2076,3,6.03e-05
2076,4,6.752e-05
2076,5,7.155e-05
2076,6,7.059e-05
2076,7,6.677e-05
2076,8,6.222e-05
2076,9,5.932e-05
2076,10,6.066e-05
2076,11,6.748e-05
2076,12,7.992e-05
2076,13,9.829e-05
2076,14,0.00012211
2076,15,0.00014908
2076,16,0.00017682
2076,17,0.00020428
2076,18,0.00022947
2076,19,0.00024969
2076,20,0.0002622
2076,21,0.00026526
2076,22,0.00026148
2076,23,0.00025362
2076,24,0.00024457
2076,25,0.00023678
2076,26,0.00023032
2076,27,0.00022581
2076,28,0.00022324
2076,29,0.00022256
2076,30,0.00022377
2076,31,0.00022646
2076,32,0.00023158
2076,33,0.00023938
2076,34,0.00025011
2076,35,0.00026408
2076,36,0.00028049
2076,37,0.00030032
2076,38,0.00032366
2076,39,0.00035065
2076,40,0.00038142
2076,41,0.00041411
2076,42,0.00045121
2076,43,0.00049359
2076,44,0.00054215
2076,45,0.00059789
2076,46,0.00065822
2076,47,0.00072612
2076,48,0.00080152
2076,49,0.00088425
2076,50,0.00097415
2076,51,0.00106728
2076,52,0.00116892
2076,53,0.00128255
2076,54,0.00140998
2076,55,0.00155341
2076,56,0.00171572
2076,57,0.00189814
2076,58,0.00209975
2076,59,0.00231976
2076,60,0.00255765
2076,61,0.00282208
2076,62,0.00310993
2076,63,0.00342777
2076,64,0.00378285
2076,65,0.00418227
2076,66,0.00466305
2076,67,0.00520689
2076,68,0.00581527
2076,69,0.00648855
2076,70,0.00723293
2076,71,0.00812363
2076,72,0.00912138
2076,73,0.01024088
2076,74,0.01149839
2076,75,0.0129092
2076,76,0.01460462
2076,77,0.01653022
2076,78,0.01879028
2076,79,0.02150234
2076,80,0.02469328
2076,81,0.02853596
2076,82,0.03293286
2076,83,0.0379056
2076,84,0.04349353
2076,85,0.04976897
2076,86,0.05701047
2076,87,0.06517876
2076,88,0.07435515
2076,89,0.0846085
2076,90,0.09599082
2076,91,0.10860774
2076,92,0.12242175
2076,93,0.13753779
2076,94,0.15409544
2076,95,0.17356957
2076,96,0.19734229
2076,97,0.22385338
2076,98,0.25326669
2076,99,0.28571406
2077,0,0.00150021
2077,1,0.00013543
2077,2,6.766e-05
2077,3,5.92e-05
2077,4,6.613e-05
2077,5,6.999e-05
2077,6,6.901e-05
2077,7,6.528e-05
2077,8,6.083e-05
2077,9,5.801e-05
2077,10,5.932e-05
2077,11,6.599e-05
2077,12,7.814e-05
2077,13,9.611e-05
2077,14,0.00011941
2077,15,0.00014583
2077,16,0.00017302
2077,17,0.00019995
2077,18,0.00022467
2077,19,0.00024456
2077,20,0.00025688
2077,21,0.00025995
2077,22,0.00025633
2077,23,0.00024869
2077,24,0.00023988
2077,25,0.00023229
2077,26,0.00022601
2077,27,0.00022165
2077,28,0.00021917
2077,29,0.00021857
2077,30,0.00021981
2077,31,0.00022249
2077,32,0.00022756
2077,33,0.00023527
2077,34,0.00024587
2077,35,0.00025965
2077,36,0.0002758
2077,37,0.00029532
2077,38,0.00031831
2077,39,0.00034488
2077,40,0.00037517
2077,41,0.00040734
2077,42,0.00044384
2077,43,0.00048555
2077,44,0.00053336
2077,45,0.00058823
2077,46,0.00064755
2077,47,0.00071431
2077,48,0.00078841
2077,49,0.00086971
2077,50,0.00095804
2077,51,0.00104946
2077,52,0.00114906
2077,53,0.00125981
2077,54,0.00138527
2077,55,0.0015273
2077,56,0.00168653
2077,57,0.00186533
2077,58,0.00206304
2077,59,0.00227874
2077,60,0.0025119
2077,61,0.00277117
2077,62,0.00305338
2077,63,0.0033646
2077,64,0.00371185
2077,65,0.00410264
2077,66,0.00457379
2077,67,0.00510757
2077,68,0.00570938
2077,69,0.00638068
2077,70,0.00712246
2077,71,0.00800769
2077,72,0.00899863
2077,73,0.01011003
2077,74,0.01135929
2077,75,0.01276544
2077,76,0.01446171
2077,77,0.01638216
2077,78,0.01857116
2077,79,0.02113833
2077,80,0.02420502
2077,81,0.02796294
2077,82,0.03229123
2077,83,0.03721798
2077,84,0.0427692
2077,85,0.04898741
2077,86,0.05615623
2077,87,0.06424712
2077,88,0.07334536
2077,89,0.08352142
2077,90,0.09482645
2077,91,0.10736928
2077,92,0.12111179
2077,93,0.13615192
2077,94,0.15262758
2077,95,0.17199913
2077,96,0.19566961
2077,97,0.22207809
2077,98,0.25144643
2077,99,0.28391692
2078,0,0.00147382
2078,1,0.00013258
2078,2,6.655e-05
2078,3,5.819e-05
2078,4,6.483e-05
2078,5,6.853e-05
2078,6,6.753e-05
2078,7,6.387e-05
2078,8,5.952e-05
2078,9,5.677e-05
2078,10,5.806e-05
2078,11,6.458e-05
2078,12,7.648e-05
2078,13,9.407e-05
2078,14,0.00011691
2078,15,0.00014281
2078,16,0.0001695
2078,17,0.00019595
2078,18,0.00022025
2078,19,0.00023983
2078,20,0.000252
2078,21,0.00025506
2078,22,0.00025157
2078,23,0.00024414
2078,24,0.00023555
2078,25,0.00022816
2078,26,0.00022203
2078,27,0.00021779
2078,28,0.00021541
2078,29,0.00021486
2078,30,0.00021614
2078,31,0.00021882
2078,32,0.00022384
2078,33,0.00023146
2078,34,0.00024192
2078,35,0.00025552
2078,36,0.00027144
2078,37,0.00029068
2078,38,0.00031332
2078,39,0.0003395
2078,40,0.00036935
2078,41,0.00040102
2078,42,0.00043695
2078,43,0.00047802
2078,44,0.00052511
2078,45,0.00057915
2078,46,0.00063752
2078,47,0.00070318
2078,48,0.00077607
2078,49,0.000856
2078,50,0.00094283
2078,51,0.00103263
2078,52,0.00113043
2078,53,0.00123902
2078,54,0.00136144
2078,55,0.00150123
2078,56,0.00165874
2078,57,0.00183413
2078,58,0.0020279
2078,59,0.00223943
2078,60,0.00246808
2078,61,0.00272247
2078,62,0.00299941
2078,63,0.00330486
2078,64,0.00364523
2078,65,0.00402774
2078,66,0.00448953
2078,67,0.005013
2078,68,0.00560412
2078,69,0.00626889
2078,70,0.00700934
2078,71,0.00789215
2078,72,0.00887751
2078,73,0.00998177
2078,74,0.01122244
2078,75,0.01261982
2078,76,0.01431142
2078,77,0.01623287
2078,78,0.0184162
2078,79,0.02090804
2078,80,0.02382254
2078,81,0.0274495
2078,82,0.03168858
2078,83,0.03654269
2078,84,0.04204501
2078,85,0.04822354
2078,86,0.05533338
2078,87,0.06335177
2078,88,0.07237459
2078,89,0.08247766
2078,90,0.09371359
2078,91,0.10619031
2078,92,0.1198698
2078,93,0.13484842
2078,94,0.1512576
2078,95,0.17054826
2078,96,0.19415631
2078,97,0.2204916
2078,98,0.249794
2078,99,0.28226566
2079,0,0.00144951
2079,1,0.00012984
2079,2,6.552e-05
2079,3,5.724e-05
2079,4,6.36e-05
2079,5,6.712e-05
2079,6,6.611e-05
2079,7,6.251e-05
2079,8,5.826e-05
2079,9,5.557e-05
2079,10,5.683e-05
2079,11,6.321e-05
2079,12,7.486e-05
2079,13,9.208e-05
2079,14,0.00011444
2079,15,0.00013983
2079,16,0.00016602
2079,17,0.000192
2079,18,0.00021588
2079,19,0.00023513
2079,20,0.00024714
2079,21,0.00025024
2079,22,0.00024686
2079,23,0.00023964
2079,24,0.00023128
2079,25,0.00022408
2079,26,0.0002181
2079,27,0.00021398
2079,28,0.0002117
2079,29,0.00021121
2079,30,0.00021252
2079,31,0.0002152
2079,32,0.00022018
2079,33,0.00022772
2079,34,0.00023805
2079,35,0.00025147
2079,36,0.00026717
2079,37,0.00028613
2079,38,0.00030844
2079,39,0.00033424
2079,40,0.00036366
2079,41,0.00039485
2079,42,0.00043024
2079,43,0.00047069
2079,44,0.00051707
2079,45,0.00057031
2079,46,0.00062777
2079,47,0.0006924
2079,48,0.00076411
2079,49,0.00084273
2079,50,0.00092811
2079,51,0.00101635
2079,52,0.00111247
2079,53,0.00121916
2079,54,0.00133929
2079,55,0.00147587
2079,56,0.00163089
2079,57,0.00180435
2079,58,0.00199444
2079,59,0.00220174
2079,60,0.00242602
2079,61,0.00267572
2079,62,0.00294764
2079,63,0.00324766
2079,64,0.00358206
2079,65,0.00395733
2079,66,0.00441007
2079,67,0.00492341
2079,68,0.00550336
2079,69,0.00615662
2079,70,0.00689039
2079,71,0.00777195
2079,72,0.00875481
2079,73,0.00985286
2079,74,0.01108545
2079,75,0.0124731
2079,76,0.01415477
2079,77,0.01607045
2079,78,0.01825366
2079,79,0.02073788
2079,80,0.02357137
2079,81,0.0270366
2079,82,0.03113604
2079,83,0.03589401
2079,84,0.04131704
2079,85,0.04743937
2079,86,0.05450571
2079,87,0.06246266
2079,88,0.07141015
2079,89,0.08143692
2079,90,0.09260136
2079,91,0.1050132
2079,92,0.11863049
2079,93,0.13354869
2079,94,0.14989793
2079,95,0.16911146
2079,96,0.19266659
2079,97,0.2189535
2079,98,0.24820026
2079,99,0.28062793
2080,0,0.00142365
2080,1,0.00012703
2080,2,6.439e-05
2080,3,5.623e-05
2080,4,6.233e-05
2080,5,6.57e-05
2080,6,6.467e-05
2080,7,6.114e-05
2080,8,5.699e-05
2080,9,5.437e-05
2080,10,5.56e-05
2080,11,6.185e-05
2080,12,7.324e-05
2080,13,9.009e-05
2080,14,0.00011199
2080,15,0.00013687
2080,16,0.00016255
2080,17,0.00018804
2080,18,0.00021152
2080,19,0.00023045
2080,20,0.00024229
2080,21,0.00024539
2080,22,0.00024216
2080,23,0.00023512
2080,24,0.00022698
2080,25,0.00021998
2080,26,0.00021416
2080,27,0.00021016
2080,28,0.00020795
2080,29,0.00020753
2080,30,0.00020886
2080,31,0.00021154
2080,32,0.00021648
2080,33,0.00022393
2080,34,0.00023413
2080,35,0.00024737
2080,36,0.00026284
2080,37,0.00028151
2080,38,0.00030349
2080,39,0.00032891
2080,40,0.00035789
2080,41,0.00038859
2080,42,0.00042344
2080,43,0.00046327
2080,44,0.00050893
2080,45,0.00056135
2080,46,0.00061788
2080,47,0.00068146
2080,48,0.00075198
2080,49,0.00082929
2080,50,0.00091323
2080,51,0.00099991
2080,52,0.00109432
2080,53,0.00119914
2080,54,0.00131713
2080,55,0.0014511
2080,56,0.00160251
2080,57,0.00177306
2080,58,0.00196087
2080,59,0.00216405
2080,60,0.00238367
2080,61,0.0026286
2080,62,0.00289548
2080,63,0.00319007
2080,64,0.00351856
2080,65,0.00388723
2080,66,0.00433165
2080,67,0.00483465
2080,68,0.00540301
2080,69,0.00604351
2080,70,0.00676416
2080,71,0.00763767
2080,72,0.00861875
2080,73,0.00971326
2080,74,0.01093793
2080,75,0.01231537
2080,76,0.01398483
2080,77,0.01588787
2080,78,0.0180624
2080,79,0.02054328
2080,80,0.02336487
2080,81,0.02674099
2080,82,0.03066552
2080,83,0.03527162
2080,84,0.04058816
2080,85,0.04661866
2080,86,0.05362024
2080,87,0.06153056
2080,88,0.07041226
2080,89,0.08036014
2080,90,0.09144696
2080,91,0.10378922
2080,92,0.11734381
2080,93,0.1322004
2080,94,0.14848844
2080,95,0.16762568
2080,96,0.19113112
2080,97,0.21737936
2080,98,0.24659719
2080,99,0.27899402
2081,0,0.00140067
2081,1,0.00012447
2081,2,6.339e-05
2081,3,5.532e-05
2081,4,6.117e-05
2081,5,6.439e-05
2081,6,6.334e-05
2081,7,5.987e-05
2081,8,5.581e-05
2081,9,5.325e-05
2081,10,5.446e-05
2081,11,6.057e-05
2081,12,7.173e-05
2081,13,8.824e-05
2081,14,0.00010972
2081,15,0.00013413
2081,16,0.00015935
2081,17,0.00018441
2081,18,0.00020749
2081,19,0.00022616
2081,20,0.00023784
2081,21,0.00024093
2081,22,0.0002378
2081,23,0.00023097
2081,24,0.000223
2081,25,0.00021617
2081,26,0.0002105
2081,27,0.0002066
2081,28,0.00020447
2081,29,0.00020409
2081,30,0.00020545
2081,31,0.00020811
2081,32,0.00021301
2081,33,0.00022038
2081,34,0.00023045
2081,35,0.00024351
2081,36,0.00025875
2081,37,0.00027716
2081,38,0.00029882
2081,39,0.00032387
2081,40,0.00035243
2081,41,0.00038267
2081,42,0.000417
2081,43,0.00045623
2081,44,0.00050122
2081,45,0.00055284
2081,46,0.00060848
2081,47,0.00067106
2081,48,0.00074047
2081,49,0.00081653
2081,50,0.0008991
2081,51,0.00098431
2081,52,0.00107709
2081,53,0.0011801
2081,54,0.00129607
2081,55,0.00142772
2081,56,0.00157627
2081,57,0.0017429
2081,58,0.0019276
2081,59,0.00212842
2081,60,0.00234372
2081,61,0.00258382
2081,62,0.00284587
2081,63,0.00313539
2081,64,0.00345839
2081,65,0.00382108
2081,66,0.00425855
2081,67,0.00475278
2081,68,0.00531009
2081,69,0.0059382
2081,70,0.00664526
2081,71,0.00750444
2081,72,0.00847735
2081,73,0.00957051
2081,74,0.01079161
2081,75,0.01216052
2081,76,0.01381866
2081,77,0.0157082
2081,78,0.01786852
2081,79,0.02033903
2081,80,0.02315539
2081,81,0.0265171
2081,82,0.03034467
2081,83,0.03476246
2081,84,0.0399144
2081,85,0.04582494
2081,86,0.0527231
2081,87,0.06056429
2081,88,0.06939717
2081,89,0.07927695
2081,90,0.09028292
2081,91,0.1025477
2081,92,0.11603241
2081,93,0.13082303
2081,94,0.1470428
2081,95,0.16609107
2081,96,0.18953338
2081,97,0.21572648
2081,98,0.2449007
2081,99,0.27726365
2082,0,0.00137566
2082,1,0.00012183
2082,2,6.233e-05
2082,3,5.436e-05
2082,4,5.995e-05
2082,5,6.303e-05
2082,6,6.197e-05
2082,7,5.857e-05
2082,8,5.46e-05
2082,9,5.21e-05
2082,10,5.329e-05
2082,11,5.927e-05
2082,12,7.019e-05
2082,13,8.636e-05
2082,14,0.0001074
2082,15,0.00013135
2082,16,0.0001561
2082,17,0.00018071
2082,18,0.0002034
2082,19,0.00022177
2082,20,0.00023332
2082,21,0.0002364
2082,22,0.00023338
2082,23,0.00022671
2082,24,0.00021896
2082,25,0.00021229
2082,26,0.00020676
2082,27,0.00020298
2082,28,0.00020093
2082,29,0.00020059
2082,30,0.00020196
2082,31,0.00020462
2082,32,0.00020947
2082,33,0.00021675
2082,34,0.00022668
2082,35,0.00023957
2082,36,0.00025458
2082,37,0.0002727
2082,38,0.00029404
2082,39,0.00031872
2082,40,0.00034686
2082,41,0.00037662
2082,42,0.0004104
2082,43,0.00044902
2082,44,0.0004933
2082,45,0.00054412
2082,46,0.00059882
2082,47,0.00066034
2082,48,0.00072858
2082,49,0.00080336
2082,50,0.0008845
2082,51,0.00096817
2082,52,0.00105926
2082,53,0.00116038
2082,54,0.00127421
2082,55,0.00140342
2082,56,0.00154915
2082,57,0.00171238
2082,58,0.00189255
2082,59,0.00208975
2082,60,0.00230229
2082,61,0.00253749
2082,62,0.00279416
2082,63,0.00307829
2082,64,0.00339558
2082,65,0.00375203
2082,66,0.00418244
2082,67,0.00466861
2082,68,0.00521568
2082,69,0.00583088
2082,70,0.00652348
2082,71,0.00736642
2082,72,0.0083227
2082,73,0.00940607
2082,74,0.01062468
2082,75,0.01198841
2082,76,0.01363558
2082,77,0.01551132
2082,78,0.01765528
2082,79,0.02010838
2082,80,0.02291102
2082,81,0.0262644
2082,82,0.03007366
2082,83,0.03438522
2082,84,0.03933254
2082,85,0.04505964
2082,86,0.05182178
2082,87,0.05955015
2082,88,0.06830892
2082,89,0.07814124
2082,90,0.08908153
2082,91,0.10127029
2082,92,0.114684
2082,93,0.12941051
2082,94,0.14556892
2082,95,0.16453257
2082,96,0.18792168
2082,97,0.21407876
2082,98,0.24323291
2082,99,0.27559551
2083,0,0.0013503
2083,1,0.00011906
2083,2,6.121e-05
2083,3,5.336e-05
2083,4,5.869e-05
2083,5,6.162e-05
2083,6,6.055e-05
2083,7,5.721e-05
2083,8,5.334e-05
2083,9,5.091e-05
2083,10,5.207e-05
2083,11,5.792e-05
2083,12,6.858e-05
2083,13,8.438e-05
2083,14,0.00010495
2083,15,0.00012839
2083,16,0.00015263
2083,17,0.00017676
2083,18,0.00019903
2083,19,0.00021707
2083,20,0.00022846
2083,21,0.00023156
2083,22,0.00022867
2083,23,0.0002222
2083,24,0.00021466
2083,25,0.0002082
2083,26,0.00020281
2083,27,0.00019915
2083,28,0.0001972
2083,29,0.00019692
2083,30,0.00019831
2083,31,0.00020096
2083,32,0.00020578
2083,33,0.00021298
2083,34,0.00022279
2083,35,0.00023549
2083,36,0.00025028
2083,37,0.00026812
2083,38,0.00028913
2083,39,0.00031342
2083,40,0.00034113
2083,41,0.00037042
2083,42,0.00040366
2083,43,0.00044167
2083,44,0.00048525
2083,45,0.00053526
2083,46,0.00058905
2083,47,0.00064951
2083,48,0.00071656
2083,49,0.00079003
2083,50,0.00086977
2083,51,0.0009519
2083,52,0.00104132
2083,53,0.0011406
2083,54,0.00125234
2083,55,0.00137917
2083,56,0.00152216
2083,57,0.00168221
2083,58,0.00185858
2083,59,0.00205078
2083,60,0.00225938
2083,61,0.0024915
2083,62,0.0027428
2083,63,0.00302104
2083,64,0.00333243
2083,65,0.00368259
2083,66,0.00410591
2083,67,0.00458416
2083,68,0.00512211
2083,69,0.00572563
2083,70,0.00640349
2083,71,0.00722958
2083,72,0.00816748
2083,73,0.0092321
2083,74,0.01043947
2083,75,0.01179972
2083,76,0.01344004
2083,77,0.01530293
2083,78,0.01743085
2083,79,0.01986503
2083,80,0.02264755
2083,81,0.02598502
2083,82,0.02978438
2083,83,0.03407635
2083,84,0.03891132
2083,85,0.04441984
2083,86,0.05098192
2083,87,0.05856615
2083,88,0.06720638
2083,89,0.07696729
2083,90,0.08786997
2083,91,0.10000579
2083,92,0.11335826
2083,93,0.12802976
2083,94,0.1441411
2083,95,0.163037
2083,96,0.1864009
2083,97,0.21255564
2083,98,0.24173729
2083,99,0.27415723
2084,0,0.00132874
2084,1,0.00011664
2084,2,6.026e-05
2084,3,5.249e-05
2084,4,5.759e-05
2084,5,6.038e-05
2084,6,5.929e-05
2084,7,5.601e-05
2084,8,5.222e-05
2084,9,4.985e-05
2084,10,5.099e-05
2084,11,5.671e-05
2084,12,6.714e-05
2084,13,8.262e-05
2084,14,0.00010277
2084,15,0.00012575
2084,16,0.00014955
2084,17,0.00017325
2084,18,0.00019515
2084,19,0.00021291
2084,20,0.00022414
2084,21,0.00022724
2084,22,0.00022447
2084,23,0.00021816
2084,24,0.0002108
2084,25,0.00020449
2084,26,0.00019925
2084,27,0.00019569
2084,28,0.0001938
2084,29,0.00019357
2084,30,0.00019498
2084,31,0.00019762
2084,32,0.00020238
2084,33,0.00020949
2084,34,0.00021918
2084,35,0.00023171
2084,36,0.00024628
2084,37,0.00026386
2084,38,0.00028455
2084,39,0.00030847
2084,40,0.00033578
2084,41,0.00036462
2084,42,0.00039735
2084,43,0.00043478
2084,44,0.0004777
2084,45,0.00052696
2084,46,0.00057988
2084,47,0.00063937
2084,48,0.00070531
2084,49,0.00077756
2084,50,0.00085599
2084,51,0.00093672
2084,52,0.0010246
2084,53,0.00112216
2084,54,0.00123198
2084,55,0.0013566
2084,56,0.00149705
2084,57,0.00165421
2084,58,0.00182728
2084,59,0.00201559
2084,60,0.00221915
2084,61,0.00244745
2084,62,0.00269586
2084,63,0.00296873
2084,64,0.00327427
2084,65,0.00361862
2084,66,0.00403549
2084,67,0.00450656
2084,68,0.00503644
2084,69,0.00563058
2084,70,0.00629621
2084,71,0.00710625
2084,72,0.00802624
2084,73,0.00907145
2084,74,0.0102592
2084,75,0.01160804
2084,76,0.01324449
2084,77,0.01509991
2084,78,0.0172134
2084,79,0.01962925
2084,80,0.02238979
2084,81,0.02570309
2084,82,0.02948187
2084,83,0.03375907
2084,84,0.03856856
2084,85,0.04395435
2084,86,0.05027095
2084,87,0.05762973
2084,88,0.06610611
2084,89,0.07573342
2084,90,0.08655666
2084,91,0.09865022
2084,92,0.1119402
2084,93,0.1265345
2084,94,0.14256854
2084,95,0.1613592
2084,96,0.18464482
2084,97,0.21073018
2084,98,0.23985724
2084,99,0.27224289
2085,0,0.00130946
2085,1,0.00011444
2085,2,5.941e-05
2085,3,5.172e-05
2085,4,5.66e-05
2085,5,5.925e-05
2085,6,5.814e-05
2085,7,5.492e-05
2085,8,5.12e-05
2085,9,4.888e-05
2085,10,5e-05
2085,11,5.56e-05
2085,12,6.583e-05
2085,13,8.101e-05
2085,14,0.00010078
2085,15,0.00012335
2085,16,0.00014674
2085,17,0.00017006
2085,18,0.00019163
2085,19,0.00020913
2085,20,0.00022023
2085,21,0.00022333
2085,22,0.00022066
2085,23,0.00021452
2085,24,0.00020732
2085,25,0.00020116
2085,26,0.00019603
2085,27,0.00019257
2085,28,0.00019075
2085,29,0.00019055
2085,30,0.00019198
2085,31,0.00019461
2085,32,0.00019933
2085,33,0.00020636
2085,34,0.00021593
2085,35,0.00022831
2085,36,0.00024269
2085,37,0.00026003
2085,38,0.00028044
2085,39,0.00030404
2085,40,0.00033098
2085,41,0.00035941
2085,42,0.0003917
2085,43,0.00042862
2085,44,0.00047094
2085,45,0.00051952
2085,46,0.00057168
2085,47,0.00063029
2085,48,0.00069525
2085,49,0.0007664
2085,50,0.00084361
2085,51,0.00092308
2085,52,0.00100958
2085,53,0.0011056
2085,54,0.00121368
2085,55,0.00133632
2085,56,0.00147446
2085,57,0.00162899
2085,58,0.0017991
2085,59,0.00198409
2085,60,0.00218376
2085,61,0.00240701
2085,62,0.00265182
2085,63,0.002922
2085,64,0.00322219
2085,65,0.00356073
2085,66,0.0039717
2085,67,0.00443643
2085,68,0.00495921
2085,69,0.00554529
2085,70,0.00620145
2085,71,0.00699851
2085,72,0.0079019
2085,73,0.00892877
2085,74,0.01009685
2085,75,0.01142614
2085,76,0.01305156
2085,77,0.01490505
2085,78,0.01701273
2085,79,0.01941542
2085,80,0.02215883
2085,81,0.02545123
2085,82,0.0292076
2085,83,0.03346701
2085,84,0.0382662
2085,85,0.04363586
2085,86,0.0498287
2085,87,0.05692503
2085,88,0.06516462
2085,89,0.07462888
2085,90,0.08532953
2085,91,0.097367
2085,92,0.11064322
2085,93,0.1252006
2085,94,0.1411816
2085,95,0.15988833
2085,96,0.18312554
2085,97,0.20917976
2085,98,0.23829296
2085,99,0.2706888
2086,0,0.00128544
2086,1,0.00011185
2086,2,5.834e-05
2086,3,5.076e-05
2086,4,5.541e-05
2086,5,5.793e-05
2086,6,5.682e-05
2086,7,5.366e-05
2086,8,5.003e-05
2086,9,4.777e-05
2086,10,4.886e-05
2086,11,5.433e-05
2086,12,6.433e-05
2086,13,7.916e-05
2086,14,9.851e-05
2086,15,0.00012059
2086,16,0.0001435
2086,17,0.00016637
2086,18,0.00018752
2086,19,0.00020474
2086,20,0.00021567
2086,21,0.00021877
2086,22,0.00021621
2086,23,0.00021026
2086,24,0.00020326
2086,25,0.00019726
2086,26,0.00019227
2086,27,0.00018891
2086,28,0.00018717
2086,29,0.00018702
2086,30,0.00018846
2086,31,0.00019109
2086,32,0.00019576
2086,33,0.0002027
2086,34,0.00021214
2086,35,0.00022434
2086,36,0.00023849
2086,37,0.00025556
2086,38,0.00027564
2086,39,0.00029887
2086,40,0.00032537
2086,41,0.00035333
2086,42,0.0003851
2086,43,0.00042141
2086,44,0.00046306
2086,45,0.00051084
2086,46,0.00056211
2086,47,0.0006197
2086,48,0.00068352
2086,49,0.0007534
2086,50,0.00082922
2086,51,0.0009072
2086,52,0.00099211
2086,53,0.00108637
2086,54,0.00119246
2086,55,0.00131282
2086,56,0.00144835
2086,57,0.00159987
2086,58,0.00176657
2086,59,0.00194779
2086,60,0.00214329
2086,61,0.00236174
2086,62,0.00260055
2086,63,0.00286621
2086,64,0.0031626
2086,65,0.00349431
2086,66,0.00389761
2086,67,0.00435458
2086,68,0.00486892
2086,69,0.00544551
2086,70,0.00609088
2086,71,0.00687489
2086,72,0.00776142
2086,73,0.00876723
2086,74,0.00991215
2086,75,0.01121663
2086,76,0.01281625
2086,77,0.01465342
2086,78,0.0167539
2086,79,0.01914444
2086,80,0.02186707
2086,81,0.02513342
2086,82,0.02885935
2086,83,0.0330863
2086,84,0.03785802
2086,85,0.04321234
2086,86,0.04938485
2086,87,0.05633679
2086,88,0.06427817
2086,89,0.07347274
2086,90,0.08398938
2086,91,0.09589312
2086,92,0.10910974
2086,93,0.12364805
2086,94,0.13958261
2086,95,0.15818921
2086,96,0.18136298
2086,97,0.20737539
2086,98,0.23647245
2086,99,0.26887939
2087,0,0.00126337
2087,1,0.00010949
2087,2,5.737e-05
2087,3,4.988e-05
2087,4,5.432e-05
2087,5,5.672e-05
2087,6,5.56e-05
2087,7,5.25e-05
2087,8,4.895e-05
2087,9,4.674e-05
2087,10,4.782e-05
2087,11,5.317e-05
2087,12,6.295e-05
2087,13,7.748e-05
2087,14,9.643e-05
2087,15,0.00011808
2087,16,0.00014056
2087,17,0.00016302
2087,18,0.00018383
2087,19,0.00020077
2087,20,0.00021157
2087,21,0.00021467
2087,22,0.00021221
2087,23,0.00020641
2087,24,0.00019959
2087,25,0.00019375
2087,26,0.00018887
2087,27,0.00018561
2087,28,0.00018393
2087,29,0.00018382
2087,30,0.00018527
2087,31,0.00018788
2087,32,0.00019251
2087,33,0.00019936
2087,34,0.00020867
2087,35,0.0002207
2087,36,0.00023464
2087,37,0.00025145
2087,38,0.00027123
2087,39,0.00029411
2087,40,0.00032023
2087,41,0.00034775
2087,42,0.00037901
2087,43,0.00041476
2087,44,0.00045576
2087,45,0.0005028
2087,46,0.00055322
2087,47,0.00060986
2087,48,0.00067262
2087,49,0.00074131
2087,50,0.00081584
2087,51,0.0008924
2087,52,0.00097577
2087,53,0.00106835
2087,54,0.00117254
2087,55,0.00129072
2087,56,0.00142374
2087,57,0.00157241
2087,58,0.00173589
2087,59,0.00191353
2087,60,0.00210516
2087,61,0.00231934
2087,62,0.00255329
2087,63,0.0028129
2087,64,0.00310481
2087,65,0.00343264
2087,66,0.00382858
2087,67,0.0042775
2087,68,0.0047838
2087,69,0.00535161
2087,70,0.00598705
2087,71,0.00675929
2087,72,0.007632
2087,73,0.0086199
2087,74,0.0097425
2087,75,0.01102261
2087,76,0.01259548
2087,77,0.01440574
2087,78,0.01648947
2087,79,0.01887272
2087,80,0.02158241
2087,81,0.0248259
2087,82,0.02852341
2087,83,0.03271711
2087,84,0.03745341
2087,85,0.04278041
2087,86,0.04893936
2087,87,0.05586816
2087,88,0.06364928
2087,89,0.07251264
2087,90,0.08273748
2087,91,0.09445398
2087,92,0.10754436
2087,93,0.12203245
2087,94,0.13795243
2087,95,0.15647573
2087,96,0.17957868
2087,97,0.20553414
2087,98,0.23459795
2087,99,0.26699865
2088,0,0.00124485
2088,1,0.00010742
2088,2,5.654e-05
2088,3,4.913e-05
2088,4,5.337e-05
2088,5,5.565e-05
2088,6,5.451e-05
2088,7,5.146e-05
2088,8,4.799e-05
2088,9,4.582e-05
2088,10,4.688e-05
2088,11,5.212e-05
2088,12,6.171e-05
2088,13,7.595e-05
2088,14,9.454e-05
2088,15,0.0001158
2088,16,0.00013789
2088,17,0.00015996
2088,18,0.00018044
2088,19,0.00019714
2088,20,0.0002078
2088,21,0.0002109
2088,22,0.00020853
2088,23,0.00020287
2088,24,0.00019622
2088,25,0.00019051
2088,26,0.00018576
2088,27,0.00018257
2088,28,0.00018095
2088,29,0.00018088
2088,30,0.00018235
2088,31,0.00018494
2088,32,0.00018952
2088,33,0.0001963
2088,34,0.0002055
2088,35,0.00021737
2088,36,0.00023111
2088,37,0.00024769
2088,38,0.0002672
2088,39,0.00028976
2088,40,0.00031551
2088,41,0.00034263
2088,42,0.00037344
2088,43,0.00040867
2088,44,0.00044909
2088,45,0.00049546
2088,46,0.00054511
2088,47,0.00060087
2088,48,0.00066265
2088,49,0.00073027
2088,50,0.0008036
2088,51,0.00087889
2088,52,0.00096085
2088,53,0.00105186
2088,54,0.00115433
2088,55,0.00127054
2088,56,0.00140128
2088,57,0.00154732
2088,58,0.00170786
2088,59,0.0018822
2088,60,0.0020702
2088,61,0.00228045
2088,62,0.00251013
2088,63,0.00276485
2088,64,0.00305069
2088,65,0.00337413
2088,66,0.00376591
2088,67,0.00420708
2088,68,0.00470495
2088,69,0.0052644
2088,70,0.00589069
2088,71,0.00665204
2088,72,0.00751224
2088,73,0.00848546
2088,74,0.00958899
2088,75,0.01084539
2088,76,0.01239174
2088,77,0.01417374
2088,78,0.0162291
2088,79,0.01859478
2088,80,0.02129676
2088,81,0.02452574
2088,82,0.02819861
2088,83,0.0323619
2088,84,0.03706304
2088,85,0.04235532
2088,86,0.04849016
2088,87,0.05540938
2088,88,0.06317348
2088,89,0.07186575
2088,90,0.08173147
2088,91,0.09314175
2088,92,0.10604699
2088,93,0.12041465
2088,94,0.13628808
2088,95,0.15475434
2088,96,0.17780376
2088,97,0.20369704
2088,98,0.23271603
2088,99,0.26509993
2089,0,0.00122455
2089,1,0.00010523
2089,2,5.563e-05
2089,3,4.832e-05
2089,4,5.236e-05
2089,5,5.452e-05
2089,6,5.338e-05
2089,7,5.038e-05
2089,8,4.698e-05
2089,9,4.487e-05
2089,10,4.59e-05
2089,11,5.103e-05
2089,12,6.041e-05
2089,13,7.435e-05
2089,14,9.256e-05
2089,15,0.0001134
2089,16,0.00013507
2089,17,0.00015675
2089,18,0.00017687
2089,19,0.0001933
2089,20,0.00020383
2089,21,0.00020693
2089,22,0.00020466
2089,23,0.00019915
2089,24,0.00019266
2089,25,0.00018711
2089,26,0.00018248
2089,27,0.00017939
2089,28,0.00017783
2089,29,0.0001778
2089,30,0.00017928
2089,31,0.00018186
2089,32,0.0001864
2089,33,0.0001931
2089,34,0.00020218
2089,35,0.0002139
2089,36,0.00022744
2089,37,0.00024377
2089,38,0.00026299
2089,39,0.00028522
2089,40,0.00031059
2089,41,0.00033731
2089,42,0.00036765
2089,43,0.00040234
2089,44,0.00044214
2089,45,0.00048782
2089,46,0.00053667
2089,47,0.00059153
2089,48,0.00065229
2089,49,0.00071878
2089,50,0.00079088
2089,51,0.00086485
2089,52,0.00094537
2089,53,0.00103477
2089,54,0.00113543
2089,55,0.0012496
2089,56,0.00137799
2089,57,0.00152134
2089,58,0.00167882
2089,59,0.00184976
2089,60,0.00203402
2089,61,0.00224017
2089,62,0.00246546
2089,63,0.0027154
2089,64,0.00299572
2089,65,0.00331239
2089,66,0.00369885
2089,67,0.00413483
2089,68,0.00462352
2089,69,0.00517304
2089,70,0.00578938
2089,71,0.00653937
2089,72,0.00738661
2089,73,0.00834501
2089,74,0.00943126
2089,75,0.01066555
2089,76,0.01218398
2089,77,0.01393564
2089,78,0.0159586
2089,79,0.01829148
2089,80,0.02097171
2089,81,0.0241883
2089,82,0.02784186
2089,83,0.03197486
2089,84,0.03663966
2089,85,0.04189251
2089,86,0.04798944
2089,87,0.05488142
2089,88,0.06263654
2089,89,0.07131012
2089,90,0.08098451
2089,91,0.09200476
2089,92,0.10459058
2089,93,0.11877343
2089,94,0.13452836
2089,95,0.15289729
2089,96,0.1759303
2089,97,0.20178843
2089,98,0.23076984
2089,99,0.26314214
2090,0,0.00120701
2090,1,0.00010326
2090,2,5.486e-05
2090,3,4.761e-05
2090,4,5.146e-05
2090,5,5.35e-05
2090,6,5.234e-05
2090,7,4.938e-05
2090,8,4.605e-05
2090,9,4.398e-05
2090,10,4.499e-05
2090,11,5.002e-05
2090,12,5.921e-05
2090,13,7.287e-05
2090,14,9.073e-05
2090,15,0.00011118
2090,16,0.00013247
2090,17,0.00015378
2090,18,0.00017358
2090,19,0.00018976
2090,20,0.00020016
2090,21,0.00020325
2090,22,0.00020107
2090,23,0.00019571
2090,24,0.00018936
2090,25,0.00018394
2090,26,0.00017942
2090,27,0.00017642
2090,28,0.00017492
2090,29,0.00017491
2090,30,0.0001764
2090,31,0.00017897
2090,32,0.00018347
2090,33,0.00019009
2090,34,0.00019906
2090,35,0.00021062
2090,36,0.00022397
2090,37,0.00024006
2090,38,0.000259
2090,39,0.00028091
2090,40,0.00030593
2090,41,0.00033224
2090,42,0.00036214
2090,43,0.00039633
2090,44,0.00043554
2090,45,0.00048054
2090,46,0.00052864
2090,47,0.00058265
2090,48,0.00064244
2090,49,0.00070785
2090,50,0.00077879
2090,51,0.0008515
2090,52,0.00093064
2090,53,0.00101853
2090,54,0.00111746
2090,55,0.00122966
2090,56,0.00135582
2090,57,0.00149662
2090,58,0.00165121
2090,59,0.00181894
2090,60,0.0019997
2090,61,0.00220199
2090,62,0.00242314
2090,63,0.00266865
2090,64,0.00294413
2090,65,0.00325519
2090,66,0.00363457
2090,67,0.00406518
2090,68,0.00454838
2090,69,0.00508813
2090,70,0.005694
2090,71,0.00643305
2090,72,0.00726822
2090,73,0.00821283
2090,74,0.00928333
2090,75,0.0104993
2090,76,0.01199349
2090,77,0.01371533
2090,78,0.01570592
2090,79,0.01800414
2090,80,0.02064909
2090,81,0.02384083
2090,82,0.02747992
2090,83,0.0315909
2090,84,0.0362219
2090,85,0.04143602
2090,86,0.04749128
2090,87,0.05434223
2090,88,0.06206963
2090,89,0.07073448
2090,90,0.08038566
2090,91,0.091192
2090,92,0.10335884
2090,93,0.11720971
2090,94,0.13277318
2090,95,0.15095859
2090,96,0.17391734
2090,97,0.19975492
2090,98,0.22869503
2090,99,0.26102269
2091,0,0.00118976
2091,1,0.00010134
2091,2,5.41e-05
2091,3,4.692e-05
2091,4,5.057e-05
2091,5,5.249e-05
2091,6,5.131e-05
2091,7,4.841e-05
2091,8,4.514e-05
2091,9,4.311e-05
2091,10,4.411e-05
2091,11,4.902e-05
2091,12,5.803e-05
2091,13,7.142e-05
2091,14,8.893e-05
2091,15,0.00010901
2091,16,0.00012992
2091,17,0.00015087
2091,18,0.00017035
2091,19,0.00018629
2091,20,0.00019655
2091,21,0.00019965
2091,22,0.00019755
2091,23,0.00019232
2091,24,0.00018613
2091,25,0.00018083
2091,26,0.00017641
2091,27,0.00017349
2091,28,0.00017206
2091,29,0.00017208
2091,30,0.00017357
2091,31,0.00017613
2091,32,0.00018058
2091,33,0.00018713
2091,34,0.00019598
2091,35,0.00020738
2091,36,0.00022055
2091,37,0.00023641
2091,38,0.00025507
2091,39,0.00027666
2091,40,0.00030132
2091,41,0.00032725
2091,42,0.0003567
2091,43,0.00039039
2091,44,0.00042904
2091,45,0.00047336
2091,46,0.00052071
2091,47,0.00057388
2091,48,0.00063273
2091,49,0.00069709
2091,50,0.00076686
2091,51,0.00083834
2091,52,0.00091614
2091,53,0.00100253
2091,54,0.00109977
2091,55,0.00121004
2091,56,0.00133397
2091,57,0.00147226
2091,58,0.00162404
2091,59,0.00178862
2091,60,0.00196594
2091,61,0.00216447
2091,62,0.00238155
2091,63,0.00262268
2091,64,0.00289346
2091,65,0.00319934
2091,66,0.00357242
2091,67,0.00399544
2091,68,0.00447281
2091,69,0.00500626
2091,70,0.0056012
2091,71,0.00632809
2091,72,0.00715107
2091,73,0.00808226
2091,74,0.00913749
2091,75,0.01033608
2091,76,0.01180933
2091,77,0.01350456
2091,78,0.01546252
2091,79,0.01772528
2091,80,0.02033215
2091,81,0.02348368
2091,82,0.02709438
2091,83,0.03118808
2091,84,0.03579393
2091,85,0.04097178
2091,86,0.04698607
2091,87,0.05379276
2091,88,0.06147825
2091,89,0.07011564
2091,90,0.07975816
2091,91,0.09053591
2091,92,0.10246796
2091,93,0.11588213
2091,94,0.1311086
2091,95,0.14904842
2091,96,0.17185014
2091,97,0.19762519
2091,98,0.22656285
2091,99,0.25887025
2092,0,0.00117373
2092,1,9.954e-05
2092,2,5.339e-05
2092,3,4.627e-05
2092,4,4.974e-05
2092,5,5.155e-05
2092,6,5.035e-05
2092,7,4.749e-05
2092,8,4.428e-05
2092,9,4.23e-05
2092,10,4.327e-05
2092,11,4.809e-05
2092,12,5.692e-05
2092,13,7.005e-05
2092,14,8.724e-05
2092,15,0.00010697
2092,16,0.00012752
2092,17,0.00014813
2092,18,0.00016731
2092,19,0.00018303
2092,20,0.00019318
2092,21,0.00019627
2092,22,0.00019426
2092,23,0.00018915
2092,24,0.00018309
2092,25,0.00017792
2092,26,0.0001736
2092,27,0.00017075
2092,28,0.00016937
2092,29,0.00016943
2092,30,0.00017093
2092,31,0.00017347
2092,32,0.00017788
2092,33,0.00018435
2092,34,0.0001931
2092,35,0.00020436
2092,36,0.00021734
2092,37,0.00023299
2092,38,0.0002514
2092,39,0.0002727
2092,40,0.00029702
2092,41,0.00032258
2092,42,0.00035162
2092,43,0.00038484
2092,44,0.00042295
2092,45,0.00046667
2092,46,0.00051331
2092,47,0.00056567
2092,48,0.00062363
2092,49,0.00068702
2092,50,0.00075572
2092,51,0.00082603
2092,52,0.00090256
2092,53,0.00098755
2092,54,0.00108321
2092,55,0.00119167
2092,56,0.00131351
2092,57,0.00144941
2092,58,0.00159853
2092,59,0.00176018
2092,60,0.00193425
2092,61,0.00212924
2092,62,0.00234254
2092,63,0.00257955
2092,64,0.00284589
2092,65,0.00314697
2092,66,0.00351451
2092,67,0.00393098
2092,68,0.00440055
2092,69,0.00492801
2092,70,0.00551618
2092,71,0.0062309
2092,72,0.00704095
2092,73,0.00795933
2092,74,0.00900052
2092,75,0.0101832
2092,76,0.01163767
2092,77,0.01331118
2092,78,0.01524144
2092,79,0.0174702
2092,80,0.02004012
2092,81,0.02315089
2092,82,0.02671951
2092,83,0.0307841
2092,84,0.03537347
2092,85,0.04052816
2092,86,0.04650852
2092,87,0.053277
2092,88,0.0609228
2092,89,0.06952366
2092,90,0.07914496
2092,91,0.08991969
2092,92,0.10182175
2092,93,0.11499407
2092,94,0.12978332
2092,95,0.14735307
2092,96,0.16994338
2092,97,0.19558859
2092,98,0.22450312
2092,99,0.25685676
2093,0,0.00115528
2093,1,9.756e-05
2093,2,5.256e-05
2093,3,4.552e-05
2093,4,4.882e-05
2093,5,5.053e-05
2093,6,4.933e-05
2093,7,4.651e-05
2093,8,4.337e-05
2093,9,4.143e-05
2093,10,4.238e-05
2093,11,4.71e-05
2093,12,5.574e-05
2093,13,6.861e-05
2093,14,8.546e-05
2093,15,0.0001048
2093,16,0.00012497
2093,17,0.00014523
2093,18,0.00016409
2093,19,0.00017956
2093,20,0.00018958
2093,21,0.00019267
2093,22,0.00019074
2093,23,0.00018578
2093,24,0.00017988
2093,25,0.00017482
2093,26,0.00017062
2093,27,0.00016785
2093,28,0.00016651
2093,29,0.00016661
2093,30,0.00016812
2093,31,0.00017065
2093,32,0.00017501
2093,33,0.00018141
2093,34,0.00019004
2093,35,0.00020116
2093,36,0.00021395
2093,37,0.00022937
2093,38,0.00024752
2093,39,0.0002685
2093,40,0.00029248
2093,41,0.00031764
2093,42,0.00034625
2093,43,0.00037898
2093,44,0.00041652
2093,45,0.00045959
2093,46,0.0005055
2093,47,0.00055702
2093,48,0.00061404
2093,49,0.00067638
2093,50,0.00074396
2093,51,0.00081306
2093,52,0.00088826
2093,53,0.00097178
2093,54,0.00106579
2093,55,0.00117236
2093,56,0.00129203
2093,57,0.00142543
2093,58,0.00157173
2093,59,0.00173028
2093,60,0.00190099
2093,61,0.00209225
2093,62,0.00230154
2093,63,0.00253423
2093,64,0.00279582
2093,65,0.00309172
2093,66,0.00345336
2093,67,0.00386321
2093,68,0.00432497
2093,69,0.00484328
2093,70,0.00542403
2093,71,0.00612966
2093,72,0.00692512
2093,73,0.00782807
2093,74,0.0088539
2093,75,0.01001979
2093,76,0.01145457
2093,77,0.01310581
2093,78,0.01501037
2093,79,0.01720669
2093,80,0.01973703
2093,81,0.02280367
2093,82,0.02632438
2093,83,0.0303393
2093,84,0.03489293
2093,85,0.04002651
2093,86,0.0459795
2093,87,0.05270905
2093,88,0.06031234
2093,89,0.06886879
2093,90,0.07844795
2093,91,0.08919525
2093,92,0.10108374
2093,93,0.114212
2093,94,0.12874324
2093,95,0.14584703
2093,96,0.16806355
2093,97,0.19350412
2093,98,0.22230955
2093,99,0.25467491
2094,0,0.00113901
2094,1,9.575e-05
2094,2,5.184e-05
2094,3,4.487e-05
2094,4,4.798e-05
2094,5,4.958e-05
2094,6,4.837e-05
2094,7,4.559e-05
2094,8,4.251e-05
2094,9,4.061e-05
2094,10,4.154e-05
2094,11,4.616e-05
2094,12,5.463e-05
2094,13,6.725e-05
2094,14,8.377e-05
2094,15,0.00010276
2094,16,0.00012258
2094,17,0.0001425
2094,18,0.00016106
2094,19,0.00017631
2094,20,0.0001862
2094,21,0.00018929
2094,22,0.00018744
2094,23,0.00018261
2094,24,0.00017684
2094,25,0.00017191
2094,26,0.00016779
2094,27,0.0001651
2094,28,0.00016381
2094,29,0.00016393
2094,30,0.00016545
2094,31,0.00016796
2094,32,0.00017228
2094,33,0.0001786
2094,34,0.00018712
2094,35,0.00019809
2094,36,0.00021071
2094,37,0.00022591
2094,38,0.00024379
2094,39,0.00026448
2094,40,0.00028811
2094,41,0.0003129
2094,42,0.00034109
2094,43,0.00037334
2094,44,0.00041033
2094,45,0.00045277
2094,46,0.00049798
2094,47,0.00054869
2094,48,0.00060479
2094,49,0.00066613
2094,50,0.00073261
2094,51,0.00080054
2094,52,0.00087447
2094,53,0.00095655
2094,54,0.00104895
2094,55,0.0011537
2094,56,0.00127125
2094,57,0.00140225
2094,58,0.00154583
2094,59,0.00170136
2094,60,0.0018688
2094,61,0.00205652
2094,62,0.00226197
2094,63,0.00249053
2094,64,0.00274767
2094,65,0.00303866
2094,66,0.00339467
2094,67,0.00379832
2094,68,0.00425309
2094,69,0.00476312
2094,70,0.00533424
2094,71,0.00603152
2094,72,0.00681698
2094,73,0.00770408
2094,74,0.00871331
2094,75,0.00986277
2094,76,0.01127884
2094,77,0.01290897
2094,78,0.01478963
2094,79,0.01695832
2094,80,0.01945369
2094,81,0.0224765
2094,82,0.0259489
2094,83,0.02991117
2094,84,0.03441005
2094,85,0.03950445
2094,86,0.04543557
2094,87,0.05213757
2094,88,0.05970195
2094,89,0.06821595
2094,90,0.07775018
2094,91,0.08845438
2094,92,0.1003123
2094,93,0.11342398
2094,94,0.12790975
2094,95,0.1447743
2094,96,0.16650507
2094,97,0.19157123
2094,98,0.22018675
2094,99,0.25246748
2095,0,0.00112157
2095,1,9.386e-05
2095,2,5.107e-05
2095,3,4.417e-05
2095,4,4.71e-05
2095,5,4.859e-05
2095,6,4.736e-05
2095,7,4.463e-05
2095,8,4.161e-05
2095,9,3.976e-05
2095,10,4.067e-05
2095,11,4.518e-05
2095,12,5.346e-05
2095,13,6.58e-05
2095,14,8.198e-05
2095,15,0.00010059
2095,16,0.00012003
2095,17,0.00013957
2095,18,0.00015781
2095,19,0.0001728
2095,20,0.00018256
2095,21,0.00018564
2095,22,0.00018388
2095,23,0.00017919
2095,24,0.00017357
2095,25,0.00016877
2095,26,0.00016476
2095,27,0.00016214
2095,28,0.00016091
2095,29,0.00016106
2095,30,0.00016258
2095,31,0.00016508
2095,32,0.00016936
2095,33,0.0001756
2095,34,0.000184
2095,35,0.00019481
2095,36,0.00020723
2095,37,0.0002222
2095,38,0.0002398
2095,39,0.00026017
2095,40,0.00028344
2095,41,0.00030783
2095,42,0.00033556
2095,43,0.0003673
2095,44,0.00040371
2095,45,0.00044548
2095,46,0.00048993
2095,47,0.00053979
2095,48,0.00059494
2095,49,0.00065521
2095,50,0.00072051
2095,51,0.00078721
2095,52,0.0008598
2095,53,0.00094039
2095,54,0.0010311
2095,55,0.00113392
2095,56,0.00124928
2095,57,0.00137777
2095,58,0.00151852
2095,59,0.00167089
2095,60,0.0018349
2095,61,0.00201889
2095,62,0.00222036
2095,63,0.00244457
2095,64,0.002697
2095,65,0.00298286
2095,66,0.0033329
2095,67,0.00372989
2095,68,0.00417727
2095,69,0.00467895
2095,70,0.0052402
2095,71,0.00592558
2095,72,0.00670079
2095,73,0.00757548
2095,74,0.00856597
2095,75,0.00969585
2095,76,0.01109149
2095,77,0.01269926
2095,78,0.01455463
2095,79,0.01669461
2095,80,0.01915674
2095,81,0.02213666
2095,82,0.02555666
2095,83,0.02946094
2095,84,0.03389645
2095,85,0.03892463
2095,86,0.04480628
2095,87,0.0514791
2095,88,0.05900836
2095,89,0.06747373
2095,90,0.07695352
2095,91,0.08759793
2095,92,0.09939286
2095,93,0.11245132
2095,94,0.12689569
2095,95,0.14372089
2095,96,0.16515684
2095,97,0.18968314
2095,98,0.21788409
2095,99,0.24994986
2096,0,0.00110336
2096,1,9.196e-05
2096,2,5.024e-05
2096,3,4.343e-05
2096,4,4.621e-05
2096,5,4.761e-05
2096,6,4.637e-05
2096,7,4.369e-05
2096,8,4.074e-05
2096,9,3.892e-05
2096,10,3.981e-05
2096,11,4.423e-05
2096,12,5.232e-05
2096,13,6.44e-05
2096,14,8.024e-05
2096,15,9.848e-05
2096,16,0.00011755
2096,17,0.00013673
2096,18,0.00015464
2096,19,0.00016939
2096,20,0.00017901
2096,21,0.00018208
2096,22,0.00018041
2096,23,0.00017585
2096,24,0.00017038
2096,25,0.00016571
2096,26,0.0001618
2096,27,0.00015925
2096,28,0.00015807
2096,29,0.00015825
2096,30,0.00015978
2096,31,0.00016226
2096,32,0.00016649
2096,33,0.00017266
2096,34,0.00018095
2096,35,0.00019161
2096,36,0.00020384
2096,37,0.00021858
2096,38,0.00023591
2096,39,0.00025597
2096,40,0.00027888
2096,41,0.0003029
2096,42,0.00033019
2096,43,0.00036143
2096,44,0.00039727
2096,45,0.00043838
2096,46,0.0004821
2096,47,0.00053113
2096,48,0.00058535
2096,49,0.00064459
2096,50,0.00070877
2096,51,0.00077426
2096,52,0.00084554
2096,53,0.0009247
2096,54,0.0010138
2096,55,0.00111476
2096,56,0.00122799
2096,57,0.00135406
2096,58,0.00149208
2096,59,0.00164143
2096,60,0.00180211
2096,61,0.00198245
2096,62,0.00218003
2096,63,0.00240005
2096,64,0.00264787
2096,65,0.00292868
2096,66,0.00327291
2096,67,0.00366336
2096,68,0.00410342
2096,69,0.00459696
2096,70,0.005149
2096,71,0.00582299
2096,72,0.00658522
2096,73,0.00744868
2096,74,0.00842539
2096,75,0.00953485
2096,76,0.01090849
2096,77,0.01249421
2096,78,0.01432546
2096,79,0.01643816
2096,80,0.01886929
2096,81,0.02181233
2096,82,0.02518604
2096,83,0.02903393
2096,84,0.03340727
2096,85,0.03836789
2096,86,0.0441792
2096,87,0.05080276
2096,88,0.05830761
2096,89,0.06674355
2096,90,0.07617962
2096,91,0.08677458
2096,92,0.09851325
2096,93,0.11151335
2096,94,0.12591246
2096,95,0.14273688
2096,96,0.16414635
2096,97,0.18839821
2096,98,0.21607955
2096,99,0.24777084
2097,0,0.00108842
2097,1,9.034e-05
2097,2,4.958e-05
2097,3,4.283e-05
2097,4,4.545e-05
2097,5,4.675e-05
2097,6,4.551e-05
2097,7,4.286e-05
2097,8,3.996e-05
2097,9,3.818e-05
2097,10,3.905e-05
2097,11,4.338e-05
2097,12,5.132e-05
2097,13,6.316e-05
2097,14,7.871e-05
2097,15,9.662e-05
2097,16,0.00011536
2097,17,0.00013423
2097,18,0.00015185
2097,19,0.00016638
2097,20,0.00017588
2097,21,0.00017894
2097,22,0.00017734
2097,23,0.0001729
2097,24,0.00016756
2097,25,0.000163
2097,26,0.00015918
2097,27,0.00015671
2097,28,0.00015557
2097,29,0.00015576
2097,30,0.0001573
2097,31,0.00015976
2097,32,0.00016395
2097,33,0.00017005
2097,34,0.00017824
2097,35,0.00018876
2097,36,0.00020082
2097,37,0.00021535
2097,38,0.00023243
2097,39,0.00025221
2097,40,0.00027481
2097,41,0.00029847
2097,42,0.00032537
2097,43,0.00035616
2097,44,0.00039149
2097,45,0.00043201
2097,46,0.00047507
2097,47,0.00052336
2097,48,0.00057674
2097,49,0.00063506
2097,50,0.00069823
2097,51,0.00076263
2097,52,0.00083273
2097,53,0.00091059
2097,54,0.00099822
2097,55,0.00109752
2097,56,0.00120881
2097,57,0.00133269
2097,58,0.00146826
2097,59,0.00161488
2097,60,0.00177259
2097,61,0.00194965
2097,62,0.00214371
2097,63,0.00236
2097,64,0.00260379
2097,65,0.00288014
2097,66,0.00321925
2097,67,0.00360402
2097,68,0.00403767
2097,69,0.00452401
2097,70,0.00506801
2097,71,0.00573237
2097,72,0.00648316
2097,73,0.00733373
2097,74,0.00829947
2097,75,0.00939519
2097,76,0.01074749
2097,77,0.01231117
2097,78,0.01412058
2097,79,0.01620937
2097,80,0.01861335
2097,81,0.02152433
2097,82,0.02486058
2097,83,0.02866104
2097,84,0.03297624
2097,85,0.03787287
2097,86,0.04361433
2097,87,0.05016688
2097,88,0.05762601
2097,89,0.0660455
2097,90,0.07545963
2097,91,0.08601624
2097,92,0.09770773
2097,93,0.11065265
2097,94,0.12499505
2097,95,0.14179842
2097,96,0.16321048
2097,97,0.18744644
2097,98,0.21485575
2097,99,0.24603159
2098,0,0.00107348
2098,1,8.872e-05
2098,2,4.891e-05
2098,3,4.222e-05
2098,4,4.469e-05
2098,5,4.591e-05
2098,6,4.465e-05
2098,7,4.204e-05
2098,8,3.92e-05
2098,9,3.746e-05
2098,10,3.831e-05
2098,11,4.255e-05
2098,12,5.033e-05
2098,13,6.195e-05
2098,14,7.721e-05
2098,15,9.481e-05
2098,16,0.00011324
2098,17,0.00013181
2098,18,0.00014917
2098,19,0.00016349
2098,20,0.00017288
2098,21,0.00017593
2098,22,0.00017439
2098,23,0.00017006
2098,24,0.00016484
2098,25,0.00016038
2098,26,0.00015665
2098,27,0.00015424
2098,28,0.00015315
2098,29,0.00015336
2098,30,0.00015489
2098,31,0.00015734
2098,32,0.00016148
2098,33,0.0001675
2098,34,0.00017559
2098,35,0.00018597
2098,36,0.00019787
2098,37,0.00021219
2098,38,0.00022904
2098,39,0.00024854
2098,40,0.00027083
2098,41,0.00029414
2098,42,0.00032066
2098,43,0.00035101
2098,44,0.00038583
2098,45,0.00042577
2098,46,0.00046817
2098,47,0.00051572
2098,48,0.00056828
2098,49,0.00062569
2098,50,0.00068788
2098,51,0.00075123
2098,52,0.00082015
2098,53,0.00089671
2098,54,0.00098289
2098,55,0.00108054
2098,56,0.00118994
2098,57,0.00131165
2098,58,0.00144479
2098,59,0.00158873
2098,60,0.00174351
2098,61,0.00191738
2098,62,0.00210797
2098,63,0.00232052
2098,64,0.00256033
2098,65,0.00283235
2098,66,0.00316641
2098,67,0.00354556
2098,68,0.00397294
2098,69,0.00445218
2098,70,0.00498818
2098,71,0.00564308
2098,72,0.00638308
2098,73,0.00722088
2098,74,0.0081724
2098,75,0.00925583
2098,76,0.01059183
2098,77,0.0121318
2098,78,0.0139167
2098,79,0.01598104
2098,80,0.01835809
2098,81,0.02123729
2098,82,0.02453698
2098,83,0.02829477
2098,84,0.0325563
2098,85,0.03738765
2098,86,0.04305686
2098,87,0.04953199
2098,88,0.05691339
2098,89,0.06528464
2098,90,0.07468296
2098,91,0.0852156
2098,92,0.0968611
2098,93,0.10974808
2098,94,0.12402301
2098,95,0.14077225
2098,96,0.16214676
2098,97,0.18637501
2098,98,0.21375316
2098,99,0.2446309
2099,0,0.00105788
2099,1,8.705e-05
2099,2,4.821e-05
2099,3,4.159e-05
2099,4,4.39e-05
2099,5,4.503e-05
2099,6,4.376e-05
2099,7,4.119e-05
2099,8,3.841e-05
2099,9,3.67e-05
2099,10,3.753e-05
2099,11,4.168e-05
2099,12,4.931e-05
2099,13,6.069e-05
2099,14,7.565e-05
2099,15,9.292e-05
2099,16,0.00011101
2099,17,0.00012927
2099,18,0.00014635
2099,19,0.00016045
2099,20,0.00016971
2099,21,0.00017275
2099,22,0.00017128
2099,23,0.00016706
2099,24,0.00016197
2099,25,0.00015762
2099,26,0.00015398
2099,27,0.00015163
2099,28,0.00015058
2099,29,0.00015082
2099,30,0.00015235
2099,31,0.00015477
2099,32,0.00015886
2099,33,0.0001648
2099,34,0.00017278
2099,35,0.00018302
2099,36,0.00019474
2099,37,0.00020885
2099,38,0.00022544
2099,39,0.00024465
2099,40,0.00026661
2099,41,0.00028956
2099,42,0.00031566
2099,43,0.00034555
2099,44,0.00037984
2099,45,0.00041916
2099,46,0.00046087
2099,47,0.00050764
2099,48,0.00055934
2099,49,0.00061579
2099,50,0.00067692
2099,51,0.00073916
2099,52,0.00080688
2099,53,0.00088207
2099,54,0.00096671
2099,55,0.00106262
2099,56,0.00117004
2099,57,0.00128949
2099,58,0.00142008
2099,59,0.00156121
2099,60,0.00171294
2099,61,0.00188345
2099,62,0.00207045
2099,63,0.0022791
2099,64,0.00251466
2099,65,0.00278211
2099,66,0.0031109
2099,67,0.00348412
2099,68,0.00390489
2099,69,0.00437671
2099,70,0.00490429
2099,71,0.00554912
2099,72,0.00627782
2099,73,0.00710279
2099,74,0.00803927
2099,75,0.00910612
2099,76,0.0104265
2099,77,0.01194698
2099,78,0.01370428
2099,79,0.01573994
2099,80,0.01808802
2099,81,0.020934
2099,82,0.02419561
2099,83,0.02790975
2099,84,0.03212068
2099,85,0.03688934
2099,86,0.04248216
2099,87,0.04887401
2099,88,0.05616697
2099,89,0.06445042
2099,90,0.07379517
2099,91,0.08431073
2099,92,0.09592835
2099,93,0.10876348
2099,94,0.12297561
2099,95,0.13966598
2099,96,0.16098632
2099,97,0.18519239
2099,98,0.21258877
2099,99,0.24347126
