year,age,value
2020,0,542973.0
2020,1,551099.0
2020,2,554081.0
2020,3,555166.5
2020,4,554537.5
2020,5,552222.5
2020,6,548249.0
2020,7,542629.5
2020,8,535365.0
2020,9,526448.0
2020,10,515827.0
2020,11,503424.0
2020,12,489197.5
2020,13,473139.5
2020,14,455591.0
2020,15,438542.0
2020,16,425150.0
2020,17,417210.0
2020,18,415014.5
2020,19,418696.0
2020,20,429093.0
2020,21,447711.5
2020,22,475524.5
2020,23,512701.0
2020,24,558527.5
2020,25,608729.0
2020,26,656185.0
2020,27,696632.5
2020,28,729361.5
2020,29,754344.0
2020,30,771381.0
2020,31,779981.0
2020,32,779755.0
2020,33,770629.5
2020,34,752870.0
2020,35,728077.0
2020,36,698987.0
2020,37,667280.0
2020,38,633240.5
2020,39,597016.0
2020,40,559576.0
2020,41,522806.5
2020,42,488002.5
2020,43,455394.0
2020,44,425080.5
2020,45,397547.0
2020,46,373208.0
2020,47,352078.0
2020,48,334139.0
2020,49,319168.0
2020,50,305868.5
2020,51,292246.5
2020,52,277203.5
2020,53,260563.49999999997
2020,54,242448.5
2020,55,223590.0
2020,56,205248.5
2020,57,188201.0
2020,58,172576.5
2020,59,158315.5
2020,60,145025.0
2020,61,132025.5
2020,62,118888.5
2020,63,105541.0
2020,64,92098.0
2020,65,79243.5
2020,66,68107.0
2020,67,59363.0
2020,68,53122.0
2020,69,49258.5
2020,70,47021.0
2020,71,45157.5
2020,72,42919.5
2020,73,40181.0
2020,74,36977.0
2020,75,33506.5
2020,76,30101.0
2020,77,26959.0
2020,78,24113.5
2020,79,21557.0
2020,80,19241.5
2020,81,17089.0
2020,82,15049.5
2020,83,13115.5
2020,84,11290.0
2020,85,9589.0
2020,86,8041.499999999999
2020,87,6664.0
2020,88,5459.0
2020,89,4425.0
2020,90,3546.5
2020,91,2798.0
2020,92,2167.0
2020,93,1652.5
2020,94,1249.5
2020,95,939.0
2020,96,688.0
2020,97,476.0
2020,98,302.0
2020,99,168.5
2021,0,513490.0
2021,1,527885.0
2021,2,537510.5
2021,3,544569.5
2021,4,549220.5
2021,5,551456.0
2021,6,551272.0
2021,7,548676.0
2021,8,543669.5
2021,9,536277.5
2021,10,526614.5
2021,11,514760.99999999994
2021,12,500698.0
2021,13,484416.0
2021,14,466266.0
2021,15,448347.0
2021,16,434117.0
2021,17,425627.5
2021,18,423220.5
2021,19,427056.0
2021,20,438074.0
2021,21,457749.0
2021,22,486912.0
2021,23,525698.5
2021,24,573236.0
2021,25,624452.5
2021,26,671422.0
2021,27,709707.5
2021,28,738595.0
2021,29,758337.5
2021,30,770170.5
2021,31,775228.5
2021,32,773634.0
2021,33,765362.0
2021,34,750468.0
2021,35,729489.5
2021,36,704020.0
2021,37,675430.0
2021,38,643985.5
2021,39,609855.0
2021,40,574030.0
2021,41,538095.5
2021,42,502961.0
2021,43,468776.5
2021,44,435699.0
2021,45,404628.5
2021,46,376864.5
2021,47,353065.0
2021,48,333332.5
2021,49,317440.5
2021,50,304038.5
2021,51,290878.0
2021,52,276613.5
2021,53,261021.00000000003
2021,54,244182.5
2021,55,226629.5
2021,56,209375.5
2021,57,193104.5
2021,58,177935.0
2021,59,163821.5
2021,60,150454.5
2021,61,137275.0
2021,62,123916.5
2021,63,110317.0
2021,64,96591.5
2021,65,83432.0
2021,66,71987.5
2021,67,62948.5
2021,68,56426.5
2021,69,52298.0
2021,70,49811.5
2021,71,47711.5
2021,72,45244.5
2021,73,42284.0
2021,74,38863.5
2021,75,35183.5
2021,76,31576.0
2021,77,28241.0
2021,78,25212.5
2021,79,22482.5
2021,80,20005.0
2021,81,17704.5
2021,82,15532.0
2021,83,13481.0
2021,84,11554.5
2021,85,9768.5
2021,86,8150.0
2021,87,6716.5
2021,88,5469.5
2021,89,4406.5
2021,90,3511.5
2021,91,2753.5
2021,92,2119.0
2021,93,1604.5
2021,94,1205.0
2021,95,900.5
2021,96,656.5
2021,97,450.5
2021,98,282.5
2021,99,153.5
2022,0,498070.5
2022,1,510503.5
2022,2,525172.5
2022,3,536411.0
2022,4,544824.0
2022,5,550502.0
2022,6,553415.5
2022,7,553523.0
2022,8,550806.0
2022,9,545284.0
2022,10,537099.0
2022,11,526554.0
2022,12,513980.5
2022,13,499599.0
2022,14,483717.5
2022,15,467706.0
2022,16,454365.0
2022,17,446159.5
2022,18,443920.0
2022,19,447632.5
2022,20,457592.0
2022,21,474912.0
2022,22,500953.5
2022,23,536421.5
2022,24,580980.5
2022,25,631350.0
2022,26,680392.0
2022,27,721445.0
2022,28,751821.0
2022,29,771431.0
2022,30,781733.0
2022,31,785205.0
2022,32,783463.0
2022,33,776875.5
2022,34,765447.5
2022,35,749104.0
2022,36,728070.0
2022,37,703005.5
2022,38,674380.0
2022,39,642346.5
2022,40,607419.5
2022,41,570887.5
2022,42,534161.0
2022,43,497903.0
2022,44,462326.0
2022,45,428168.0
2022,46,396848.5
2022,47,369489.0
2022,48,346462.5
2022,49,327683.0
2022,50,312292.5
2022,51,295364.5
2022,52,281543.0
2022,53,266764.0
2022,54,250964.5
2022,55,234422.0
2022,56,217783.0
2022,57,201715.0
2022,58,186516.0
2022,59,172204.0
2022,60,158597.5
2022,61,145299.0
2022,62,131931.5
2022,63,118337.5
2022,64,104559.0
2022,65,91027.5
2022,66,78685.0
2022,67,68427.0
2022,68,60621.5
2022,69,55251.5
2022,70,51856.5
2022,71,49424.5
2022,72,46979.5
2022,73,44111.5
2022,74,40781.0
2022,75,37113.0
2022,76,33375.5
2022,77,29824.5
2022,78,26570.0
2022,79,23622.0
2022,80,20953.0
2022,81,18503.0
2022,82,16213.999999999998
2022,83,14064.5
2022,84,12052.5
2022,85,10188.5
2022,86,8493.5
2022,87,6987.0
2022,88,5675.0
2022,89,4554.5
2022,90,3614.0
2022,91,2827.0
2022,92,2172.5
2022,93,1639.0
2022,94,1221.0
2022,95,903.5
2022,96,657.5
2022,97,458.0
2022,98,296.0
2022,99,170.0
2023,0,523183.0
2023,1,504086.0
2023,2,515843.49999999994
2023,3,529780.0
2023,4,540317.5
2023,5,548124.0
2023,6,553295.0
2023,7,555785.5
2023,8,555545.5
2023,9,552562.5
2023,10,546909.0
2023,11,538849.5
2023,12,528880.5
2023,13,517532.5
2023,14,505149.5
2023,15,492015.0
2023,16,479314.0
2023,17,469554.5
2023,18,464877.5
2023,19,465825.0
2023,20,472182.0
2023,21,484132.0
2023,22,502762.0
2023,23,529464.0
2023,24,565017.0
2023,25,609178.5
2023,26,658768.0
2023,27,706747.5
2023,28,746545.0
2023,29,775544.5
2023,30,793713.5
2023,31,802553.0
2023,32,804572.5
2023,33,801410.0
2023,34,793451.0
2023,35,780709.0
2023,36,763116.5
2023,37,740902.0
2023,38,714730.5
2023,39,685073.0
2023,40,652084.0
2023,41,616279.0
2023,42,578944.0
2023,43,541480.0
2023,44,504544.5
2023,45,468342.5
2023,46,433605.5
2023,47,401744.5
2023,48,373877.5
2023,49,350373.5
2023,50,331142.0
2023,51,311232.5
2023,52,294255.0
2023,53,280380.0
2023,54,265553.5
2023,55,249716.0
2023,56,233143.0
2023,57,216481.0
2023,58,200393.0
2023,59,185177.5
2023,60,170853.0
2023,61,157240.0
2023,62,143944.5
2023,63,130591.5
2023,64,117025.5
2023,65,103289.0
2023,66,89809.5
2023,67,77518.5
2023,68,67296.5
2023,69,59502.5
2023,70,54108.0
2023,71,50652.0
2023,72,48139.5
2023,73,45615.0
2023,74,42681.0
2023,75,39306.5
2023,76,35616.5
2023,77,31872.5
2023,78,28325.0
2023,79,25078.0
2023,80,22141.5
2023,81,19489.5
2023,82,17064.5
2023,83,14815.0
2023,84,12721.0
2023,85,10780.5
2023,86,9003.5
2023,87,7408.5
2023,88,6009.5
2023,89,4807.0
2023,90,3795.5
2023,91,2959.0
2023,92,2272.0
2023,93,1711.5
2023,94,1265.0
2023,95,922.0
2023,96,666.0
2023,97,472.5
2023,98,321.5
2023,99,202.0
2024,0,554533.5
2024,1,529304.0
2024,2,509740.5
2024,3,520802.0
2024,4,533962.5
2024,5,543743.0
2024,6,550870.0
2024,7,555396.0
2024,8,557256.0
2024,9,556396.5
2024,10,552745.5
2024,11,546197.0
2024,12,537266.5
2024,13,526568.5
2024,14,514665.49999999994
2024,15,502601.5
2024,16,492735.0
2024,17,484108.5
2024,18,478455.5
2024,19,477844.5
2024,20,482925.5
2024,21,493922.0
2024,22,510558.0
2024,23,533771.0
2024,24,564970.0
2024,25,603319.5
2024,26,643678.0
2024,27,687706.0
2024,28,730001.0
2024,29,764012.5
2024,30,787785.0
2024,31,803233.5
2024,32,809968.5
2024,33,809865.5
2024,34,804565.5
2024,35,794538.0
2024,36,780051.5
2024,37,760793.0
2024,38,736911.0
2024,39,709072.0
2024,40,677948.0
2024,41,644297.0
2024,42,608049.5
2024,43,570292.0
2024,44,532422.0
2024,45,495352.5
2024,46,460062.0
2024,47,426519.0
2024,48,395877.0
2024,49,369252.0
2024,50,346724.0
2024,51,326314.0
2024,52,306062.5
2024,53,288735.0
2024,54,274498.5
2024,55,259414.0
2024,56,243730.0
2024,57,227421.5
2024,58,211032.5
2024,59,195225.0
2024,60,180265.5
2024,61,166077.0
2024,62,152574.5
2024,63,139401.0
2024,64,126184.0
2024,65,112815.5
2024,66,99475.5
2024,67,86457.5
2024,68,74639.5
2024,69,64886.5
2024,70,57478.5
2024,71,52185.0
2024,72,48734.0
2024,73,46203.0
2024,74,43662.0
2024,75,40729.0
2024,76,37390.0
2024,77,33762.0
2024,78,30100.0
2024,79,26646.0
2024,80,23497.5
2024,81,20663.5
2024,82,18117.5
2024,83,15807.5
2024,84,13686.0
2024,85,10247.5
2024,86,9641.0
2024,87,7953.0
2024,88,6456.5
2024,89,5160.5
2024,90,4063.500000000001
2024,91,3154.5
2024,92,2415.5
2024,93,1818.5
2024,94,1342.5
2024,95,970.5
2024,96,690.5
2024,97,486.0
2024,98,336.0
2024,99,222.0
2025,0,563964.0
2025,1,564072.5
2025,2,538083.5
2025,3,517448.99999999994
2025,4,527303.0
2025,5,539250.0
2025,6,547921.5
2025,7,553962.0
2025,8,557391.0
2025,9,558135.5
2025,10,555998.0
2025,11,550488.5
2025,12,541907.0
2025,13,530908.0
2025,14,518106.5
2025,15,505484.0
2025,16,498350.5
2025,17,494894.5
2025,18,492769.0
2025,19,493707.5
2025,20,500093.0
2025,21,513517.00000000006
2025,22,533286.5
2025,23,558814.0
2025,24,591032.5
2025,25,628059.5
2025,26,659157.0
2025,27,688873.5
2025,28,722106.5
2025,29,753461.0
2025,30,777683.0
2025,31,796717.0
2025,32,808658.0
2025,33,811835.0
2025,34,808122.0
2025,35,799328.5
2025,36,786430.0
2025,37,769199.0
2025,38,747158.0
2025,39,720456.5
2025,40,690163.5
2025,41,658164.0
2025,42,624036.0
2025,43,587316.0
2025,44,549089.0
2025,45,511271.5
2025,46,476335.0
2025,47,443725.5
2025,48,412901.5
2025,49,385012.5
2025,50,360598.0
2025,51,337993.5
2025,52,316931.0
2025,53,296024.5
2025,54,278029.0
2025,55,263313.0
2025,56,248569.5
2025,57,233440.5
2025,58,217700.5
2025,59,201894.0
2025,60,186617.5
2025,61,171943.0
2025,62,157983.5
2025,63,144722.5
2025,64,131803.5
2025,65,118950.0
2025,66,106330.5
2025,67,93858.5
2025,68,81739.5
2025,69,70838.0
2025,70,61870.0
2025,71,54717.5
2025,72,49523.5
2025,73,46132.5
2025,74,43642.5
2025,75,41148.5
2025,76,38305.5
2025,77,35087.0
2025,78,31608.0
2025,79,28118.0
2025,80,24847.0
2025,81,21884.0
2025,82,19238.5
2025,83,16886.0
2025,84,14778.5
2025,85,9880.0
2025,86,9197.0
2025,87,8546.0
2025,88,6957.0
2025,89,5568.5
2025,90,4383.5
2025,91,3396.0
2025,92,2592.0
2025,93,1948.0
2025,94,1439.5
2025,95,1040.0
2025,96,733.5
2025,97,509.0
2025,98,349.5
2025,99,235.0
2026,0,567896.5
2026,1,573613.0
2026,2,572924.5
2026,3,545848.0
2026,4,523993.00000000006
2026,5,532615.5
2026,6,543435.5
2026,7,551001.5
2026,8,555927.5
2026,9,558223.0
2026,10,557672.0
2026,11,553654.5
2026,12,546091.0
2026,13,535422.0
2026,14,522301.50000000006
2026,15,508779.5
2026,16,501150.0
2026,17,500499.5
2026,18,503610.5
2026,19,508140.0
2026,20,516142.50000000006
2026,21,530957.5
2026,22,553242.5
2026,23,581988.0
2026,24,616601.5
2026,25,654688.5
2026,26,684349.5
2026,27,704660.0
2026,28,723446.0
2026,29,745604.0
2026,30,767048.0
2026,31,786470.5
2026,32,801949.5
2026,33,810283.5
2026,34,809806.0
2026,35,802560.0
2026,36,790863.5
2026,37,775193.0
2026,38,755152.0
2026,39,730265.0
2026,40,701090.0
2026,41,669926.5
2026,42,637459.5
2026,43,602867.5
2026,44,565688.5
2026,45,527530.0
2026,46,491884.0
2026,47,459669.0
2026,48,429816.0
2026,49,401782.5
2026,50,376136.0
2026,51,351652.5
2026,52,328399.0
2026,53,306681.0
2026,54,285117.0
2026,55,266658.5
2026,56,252294.5
2026,57,238114.5
2026,58,223560.5
2026,59,208411.0
2026,60,193144.0
2026,61,178159.0
2026,62,163720.5
2026,63,150008.5
2026,64,137004.0
2026,65,124448.0
2026,66,112342.0
2026,67,100584.5
2026,68,89004.0
2026,69,77804.5
2026,70,67705.5
2026,71,59018.0
2026,72,52000.0
2026,73,46908.5
2026,74,43585.0
2026,75,41143.5
2026,76,38725.0
2026,77,35982.5
2026,78,32891.5
2026,79,29569.5
2026,80,26257.5
2026,81,23170.0
2026,82,20396.5
2026,83,17942.0
2026,84,15786.5
2026,85,10853.0
2026,86,8883.0
2026,87,8167.0
2026,88,7487.0
2026,89,6010.0
2026,90,4737.5
2026,91,3669.5
2026,92,2795.0
2026,93,2095.0
2026,94,1545.0
2026,95,1117.0
2026,96,787.5
2026,97,542.0
2026,98,367.0
2026,99,245.0
2027,0,570787.0
2027,1,577652.5
2027,2,582539.0
2027,3,580735.5
2027,4,552419.5
2027,5,529321.0
2027,6,536800.0
2027,7,546497.0
2027,8,552931.0
2027,9,556706.0
2027,10,557689.0
2027,11,555237.5
2027,12,549147.0
2027,13,539477.0
2027,14,526670.5
2027,15,512828.49999999994
2027,16,504360.0
2027,17,503287.0
2027,18,509268.0
2027,19,519092.5
2027,20,530747.5
2027,21,547260.0
2027,22,571018.5
2027,23,602357.0
2027,24,640262.0
2027,25,680778.0
2027,26,711383.5
2027,27,730109.0
2027,28,739354.0
2027,29,746937.0
2027,30,759072.5
2027,31,775659.5
2027,32,791482.5
2027,33,803310.0
2027,34,807946.5
2027,35,803896.0
2027,36,793717.5
2027,37,779224.0
2027,38,760718.5
2027,39,737807.0
2027,40,710430.0
2027,41,680390.5
2027,42,648771.5
2027,43,615852.5
2027,44,580812.5
2027,45,543718.0
2027,46,507769.0
2027,47,474887.5
2027,48,445466.0
2027,49,418439.0
2027,50,392676.5
2027,51,366967.5
2027,52,341836.5
2027,53,317932.5
2027,54,295558.5
2027,55,273546.5
2027,56,255467.5
2027,57,241679.5
2027,58,228083.0
2027,59,214125.0
2027,60,199520.5
2027,61,184550.5
2027,62,169806.5
2027,63,155622.0
2027,64,142172.5
2027,65,129534.5
2027,66,117727.5
2027,67,106482.5
2027,68,95607.5
2027,69,84937.5
2027,70,74542.5
2027,71,64735.5
2027,72,56204.5
2027,73,49328.5
2027,74,44349.0
2027,75,41102.0
2027,76,38736.5
2027,77,36404.5
2027,78,33768.0
2027,79,30811.0
2027,80,27651.0
2027,81,24516.5
2027,82,21617.5
2027,83,19035.5
2027,84,16777.0
2027,85,11753.0
2027,86,9768.5
2027,87,7902.5
2027,88,7168.5
2027,89,6477.0
2027,90,5121.0
2027,91,3972.5
2027,92,3025.0
2027,93,2263.5
2027,94,1663.5
2027,95,1200.5
2027,96,847.5
2027,97,583.0
2027,98,391.0
2027,99,257.0
2028,0,573450.5
2028,1,580635.5
2028,2,586639.0
2028,3,590385.5
2028,4,587317.0
2028,5,557738.5
2028,6,533487.5
2028,7,539827.5
2028,8,548374.0
2028,9,553640.0
2028,10,556087.0
2028,11,555151.0
2028,12,550608.5
2028,13,542395.5
2028,14,530573.5
2028,15,517046.00000000006
2028,16,508316.0
2028,17,506473.5
2028,18,512096.5
2028,19,524847.5
2028,20,541851.0
2028,21,562084.5
2028,22,587612.5
2028,23,620492.0
2028,24,661052.5
2028,25,704882.0
2028,26,737796.0
2028,27,757316.0
2028,28,764835.5
2028,29,762750.0
2028,30,760206.0
2028,31,767433.0
2028,32,780379.0
2028,33,792512.0
2028,34,800601.5
2028,35,801627.5
2028,36,794618.5
2028,37,781621.0
2028,38,764272.5
2028,39,742877.0
2028,40,717463.0
2028,41,689230.5
2028,42,658752.5
2028,43,626698.5
2028,44,593345.5
2028,45,558409.5
2028,46,523562.5
2028,47,490420.5
2028,48,460373.0
2028,49,433814.5
2028,50,409085.5
2028,51,383265.5
2028,52,356911.0
2028,53,331135.0
2028,54,306582.5
2028,55,283765.5
2028,56,262159.0
2028,57,244687.5
2028,58,231496.5
2028,59,218505.0
2028,60,205097.0
2028,61,190790.5
2028,62,176065.0
2028,63,161581.0
2028,64,147666.0
2028,65,134590.5
2028,66,122709.0
2028,67,111765.5
2028,68,101399.5
2028,69,91425.5
2028,70,81548.0
2028,71,71438.5
2028,72,61798.0
2028,73,53435.0
2028,74,46710.5
2028,75,41855.5
2028,76,38714.0
2028,77,36435.5
2028,78,34193.5
2028,79,31668.0
2028,80,28849.0
2028,81,25851.0
2028,82,22898.5
2028,83,20190.5
2028,84,17804.0
2028,85,12641.5
2028,86,10592.0
2028,87,8700.5
2028,88,6950.5
2028,89,6213.5
2028,90,5528.0
2028,91,4301.5
2028,92,3279.5
2028,93,2453.5
2028,94,1800.0
2028,95,1295.0
2028,96,912.5
2028,97,628.5
2028,98,421.0
2028,99,274.5
2029,0,575673.0
2029,1,583328.0
2029,2,589614.0
2029,3,594448.5
2029,4,596905.5
2029,5,592547.5
2029,6,561798.0
2029,7,536398.0
2029,8,541571.0
2029,9,548935.0
2029,10,552859.0
2029,11,553371.5
2029,12,550333.0
2029,13,543659.5
2029,14,533286.5
2029,15,520753.00000000006
2029,16,512395.49999999994
2029,17,510355.5
2029,18,515264.5
2029,19,527701.5
2029,20,547667.5
2029,21,573289.0
2029,22,602574.0
2029,23,637249.0
2029,24,679366.5
2029,25,725824.0
2029,26,761896.5
2029,27,783552.0
2029,28,791709.0
2029,29,787759.0
2029,30,775438.0
2029,31,767938.0
2029,32,771490.0
2029,33,780714.5
2029,34,789079.5
2029,35,793533.0
2029,36,791586.0
2029,37,781748.5
2029,38,765891.0
2029,39,745652.5
2029,40,721761.0
2029,41,695520.5
2029,42,666884.0
2029,43,636005.5
2029,44,603552.0
2029,45,570341.5
2029,46,537703.5
2029,47,505715.0
2029,48,475458.0
2029,49,448320.5
2029,50,424095.0
2029,51,399319.0
2029,52,372861.5
2029,53,345873.0
2029,54,319463.0
2029,55,294485.5
2029,56,272096.0
2029,57,251133.5
2029,58,234298.5
2029,59,221731.5
2029,60,209303.5
2029,61,196197.0
2029,62,182140.5
2029,63,167683.0
2029,64,153479.0
2029,65,139950.5
2029,66,127646.0
2029,67,116638.5
2029,68,106577.5
2029,69,97108.5
2029,70,87915.5
2029,71,78304.0
2029,72,68354.0
2029,73,58894.0
2029,74,50709.0
2029,75,44153.5
2029,76,39455.0
2029,77,36430.5
2029,78,34243.0
2029,79,32095.0
2029,80,29684.0
2029,81,27002.5
2029,82,24169.0
2029,83,21401.0
2029,84,18888.0
2029,85,13568.0
2029,86,11408.0
2029,87,9446.5
2029,88,7662.0
2029,89,6037.0
2029,90,5314.5
2029,91,4651.0
2029,92,3557.5
2029,93,2665.0
2029,94,1954.5
2029,95,1404.5
2029,96,987.0
2029,97,678.0
2029,98,454.5
2029,99,296.5
2030,0,577457.0
2030,1,585488.0
2030,2,592200.0
2030,3,597283.5
2030,4,600801.5
2030,5,601945.0
2030,6,596387.5
2030,7,564473.0
2030,8,537898.5
2030,9,541877.5
2030,10,547887.5
2030,11,549869.5
2030,12,548277.0
2030,13,543108.0
2030,14,534280.0
2030,15,523216.0
2030,16,515907.5
2030,17,514293.0
2030,18,519041.50000000006
2030,19,530785.0
2030,20,550445.5
2030,21,579032.0
2030,22,613687.5
2030,23,652084.5
2030,24,695945.0
2030,25,743865.0
2030,26,782369.0
2030,27,806984.5
2030,28,817105.5
2030,29,813649.5
2030,30,799356.5
2030,31,782032.0
2030,32,770832.5
2030,33,770642.5
2030,34,776084.5
2030,35,780806.0
2030,36,782291.0
2030,37,777525.0
2030,38,764845.0
2030,39,746122.5
2030,40,723422.0
2030,41,698760.0
2030,42,672174.0
2030,43,643196.0
2030,44,611979.0
2030,45,579731.0
2030,46,548888.0
2030,47,519174.49999999994
2030,48,490131.0
2030,49,462838.5
2030,50,438078.5
2030,51,413828.5
2030,52,388431.0
2030,53,361359.5
2030,54,333761.0
2030,55,306955.0
2030,56,282442.5
2030,57,260730.00000000003
2030,58,240449.0
2030,59,224285.5
2030,60,212306.5
2030,61,200194.5
2030,62,187348.0
2030,63,173569.5
2030,64,159406.5
2030,65,145604.0
2030,66,132866.0
2030,67,121454.5
2030,68,111340.5
2030,69,102179.0
2030,70,93484.5
2030,71,84539.0
2030,72,75066.0
2030,73,65289.50000000001
2030,74,56022.0
2030,75,48036.5
2030,76,41684.0
2030,77,37157.5
2030,78,34255.5
2030,79,32162.0
2030,80,30111.0
2030,81,27811.5
2030,82,25268.5
2030,83,22602.0
2030,84,20023.0
2030,85,14552.5
2030,86,12260.0
2030,87,10188.0
2030,88,8330.0
2030,89,6663.0
2030,90,5175.0
2030,91,4480.0
2030,92,3854.0
2030,93,2895.0
2030,94,2126.5
2030,95,1527.5
2030,96,1072.0
2030,97,734.0
2030,98,491.5
2030,99,320.5
2031,0,579306.0
2031,1,587256.0
2031,2,594311.0
2031,3,599796.5
2031,4,603544.5
2031,5,605731.5
2031,6,605659.5
2031,7,598916.5
2031,8,565817.5
2031,9,538045.0
2031,10,540661.5
2031,11,544723.5
2031,12,544596.0
2031,13,540872.0
2031,14,533551.5
2031,15,524044.99999999994
2031,16,518244.5
2031,17,517716.5
2031,18,522917.5
2031,19,534519.0
2031,20,553497.5
2031,21,581792.0
2031,22,619412.0
2031,23,663165.0
2031,24,710722.0
2031,25,760333.0
2031,26,800169.5
2031,27,827083.0
2031,28,840046.0
2031,29,838454.0
2031,30,824578.5
2031,31,805243.0
2031,32,784198.5
2031,33,769244.0
2031,34,765263.0
2031,35,767055.0
2031,36,768808.0
2031,37,767477.0
2031,38,759874.5
2031,39,744339.0
2031,40,723174.0
2031,41,699737.0
2031,42,674767.5
2031,43,647878.5
2031,44,618600.5
2031,45,587628.0
2031,46,557794.0
2031,47,529919.5
2031,48,503187.5
2031,49,477142.0
2031,50,452255.5
2031,51,427486.5
2031,52,402626.0
2031,53,376622.5
2031,54,348951.5
2031,55,320974.0
2031,56,294657.0
2031,57,270847.0
2031,58,249836.5
2031,59,230261.0
2031,60,214723.0
2031,61,203071.5
2031,62,191224.5
2031,63,178656.0
2031,64,165173.5
2031,65,151417.5
2031,66,138418.0
2031,67,126584.0
2031,68,116075.5
2031,69,106865.5
2031,70,98473.0
2031,71,90011.0
2031,72,81180.5
2031,73,71855.5
2031,74,62263.5
2031,75,53208.5
2031,76,45456.5
2031,77,39324.0
2031,78,34974.5
2031,79,32198.999999999996
2031,80,30200.5
2031,81,28240.5
2031,82,26053.0
2031,83,23649.5
2031,84,21154.0
2031,85,15592.5
2031,86,13167.5
2031,87,10964.5
2031,88,8997.5
2031,89,7255.0
2031,90,5720.0
2031,91,4372.5
2031,92,3720.5
2031,93,3141.0
2031,94,2315.0
2031,95,1665.0
2031,96,1168.0
2031,97,798.5
2031,98,533.0
2031,99,346.5
2032,0,581001.5
2032,1,589194.5
2032,2,596151.0
2032,3,601967.5
2032,4,606108.5
2032,5,608516.5
2032,6,609479.5
2032,7,608211.0
2032,8,600268.5
2032,9,565963.0
2032,10,536824.5
2032,11,537484.0
2032,12,539426.0
2032,13,537158.5
2032,14,531274.0
2032,15,523271.49999999994
2032,16,519051.50000000006
2032,17,520060.50000000006
2032,18,526378.0
2032,19,538463.5
2032,20,557334.0
2032,21,584994.5
2032,22,622373.0
2032,23,669138.0
2032,24,722097.5
2032,25,775436.5
2032,26,816928.5
2032,27,845122.0
2032,28,860328.5
2032,29,861523.5
2032,30,849462.5
2032,31,830516.5
2032,32,807440.0
2032,33,782624.5
2032,34,763865.5
2032,35,756219.0
2032,36,755027.5
2032,37,753949.0
2032,38,749762.5
2032,39,739283.5
2032,40,721290.0
2032,41,699385.0
2032,42,675643.0
2032,43,650371.5
2032,44,623182.0
2032,45,594149.5
2032,46,565600.0
2032,47,538745.0
2032,48,513861.0
2032,49,490134.0
2032,50,466501.5
2032,51,441605.5
2032,52,416224.0
2032,53,390751.0
2032,54,364140.0
2032,55,336085.0
2032,56,308598.0
2032,57,282989.5
2032,58,259890.0
2032,59,239588.5
2032,60,220658.5
2032,61,205471.5
2032,62,194082.0
2032,63,182505.0
2032,64,170219.5
2032,65,157135.0
2032,66,144179.0
2032,67,132083.5
2032,68,121156.0
2032,69,111554.5
2032,70,103110.5
2032,71,94936.5
2032,72,86570.5
2032,73,77859.5
2032,74,68690.0
2032,75,59298.5
2032,76,50489.5
2032,77,42986.5
2032,78,37081.0
2032,79,32914.5
2032,80,30265.5
2032,81,28356.5
2032,82,26485.5
2032,83,24409.0
2032,84,22149.5
2032,85,16635.5
2032,86,14128.0
2032,87,11793.5
2032,88,9698.5
2032,89,7849.0
2032,90,6237.5
2032,91,4840.0
2032,92,3638.5
2032,93,3039.5
2032,94,2516.5
2032,95,1816.0
2032,96,1275.0
2032,97,872.0
2032,98,580.5
2032,99,376.0
2033,0,582935.5
2033,1,590980.5
2033,2,598161.5
2033,3,603867.0
2033,4,608330.5
2033,5,611123.0
2033,6,612298.0
2033,7,612055.0
2033,8,609575.5
2033,9,600411.0
2033,10,564731.0
2033,11,533631.5
2033,12,532163.0
2033,13,531956.0
2033,14,527518.5
2033,15,520948.99999999994
2033,16,518256.0
2033,17,520874.5
2033,18,528759.5
2033,19,541992.5
2033,20,561381.0
2033,21,588981.5
2033,22,625776.5
2033,23,672351.5
2033,24,728371.5
2033,25,787142.5
2033,26,832326.0
2033,27,862120.0
2033,28,878553.0
2033,29,881936.0
2033,30,872611.5
2033,31,855451.5
2033,32,832741.5
2033,33,805872.5
2033,34,777234.5
2033,35,754798.0
2033,36,744156.5
2033,37,740119.0
2033,38,736168.5
2033,39,729088.0
2033,40,716132.0
2033,41,697396.0
2033,42,675188.5
2033,43,651145.5
2033,44,625573.5
2033,45,598632.0
2033,46,572031.0
2033,47,546471.0
2033,48,522617.49999999994
2033,49,500747.0
2033,50,479438.5
2033,51,455792.5
2033,52,430280.0
2033,53,404284.5
2033,54,378197.5
2033,55,351194.0
2033,56,323627.0
2033,57,296852.0
2033,58,271960.0
2033,59,249580.0
2033,60,229926.5
2033,61,211367.0
2033,62,196465.0
2033,63,185343.0
2033,64,174039.5
2033,65,162138.5
2033,66,149845.0
2033,67,137791.0
2033,68,126603.5
2033,69,116586.0
2033,70,107752.5
2033,71,99521.0
2033,72,91428.5
2033,73,83159.5
2033,74,74573.0
2033,75,65573.5
2033,76,56416.5
2033,77,47870.5
2033,78,40627.0
2033,79,34956.0
2033,80,30975.5
2033,81,28448.5
2033,82,26624.5
2033,83,24843.0
2033,84,22881.0
2033,85,17557.0
2033,86,15093.5
2033,87,12672.0
2033,88,10446.5
2033,89,8473.0
2033,90,6757.5
2033,91,5285.5
2033,92,4033.000000000001
2033,93,2980.0
2033,94,2440.0
2033,95,1977.5
2033,96,1392.5
2033,97,954.0
2033,98,634.5
2033,99,410.5
2034,0,585476.5
2034,1,593005.0
2034,2,600019.5
2034,3,605937.5
2034,4,610281.5
2034,5,613388.0
2034,6,614938.5
2034,7,614897.5
2034,8,613433.0
2034,9,609720.0
2034,10,599167.0
2034,11,561517.5
2034,12,528286.5
2034,13,524659.5
2034,14,522273.5
2034,15,517148.5
2034,16,515912.00000000006
2034,17,520087.5
2034,18,529612.0
2034,19,544442.5
2034,20,565012.0
2034,21,593178.5
2034,22,629965.5
2034,23,676009.5
2034,24,731891.0
2034,25,793754.5
2034,26,844332.0
2034,27,877761.0
2034,28,895740.0
2034,29,900293.5
2034,30,893106.5
2034,31,878653.5
2034,32,857706.0
2034,33,831179.5
2034,34,800466.0
2034,35,768134.5
2034,36,742693.0
2034,37,729195.5
2034,38,722272.0
2034,39,715411.5
2034,40,705837.0
2034,41,692135.5
2034,42,673096.5
2034,43,650589.0
2034,44,626247.5
2034,45,600926.5
2034,46,576425.0
2034,47,552824.0
2034,48,530276.0
2034,49,509447.0
2034,50,490001.5
2034,51,468674.0
2034,52,444405.0
2034,53,418275.5
2034,54,391662.0
2034,55,365177.0
2034,56,338656.0
2034,57,311800.5
2034,58,285745.0
2034,59,261578.50000000003
2034,60,239856.5
2034,61,220573.5
2034,62,202318.5
2034,63,187709.5
2034,64,176857.0
2034,65,165929.0
2034,66,154807.5
2034,67,143407.5
2034,68,132259.0
2034,69,121982.0
2034,70,112735.0
2034,71,104113.5
2034,72,95955.0
2034,73,87944.0
2034,74,79776.0
2034,75,71327.5
2034,76,62531.0
2034,77,53624.0
2034,78,45352.0
2034,79,38377.5
2034,80,32947.5
2034,81,29150.0
2034,82,26742.0
2034,83,25004.5
2034,84,23313.5
2034,85,18239.0
2034,86,15951.5
2034,87,13557.5
2034,88,11241.0
2034,89,9141.0
2034,90,7306.5
2034,91,5736.0
2034,92,4412.5
2034,93,3308.0
2034,94,2398.0
2034,95,1922.0
2034,96,1519.5
2034,97,1043.5
2034,98,695.0
2034,99,449.5
2035,0,588222.0
2035,1,595635.5
2035,2,602116.5
2035,3,607856.0
2035,4,612403.0
2035,5,615382.5
2035,6,617236.0
2035,7,617561.0
2035,8,616289.0
2035,9,613580.5
2035,10,608468.0
2035,11,595931.0
2035,12,556139.5
2035,13,520747.49999999994
2035,14,514934.49999999994
2035,15,511857.5
2035,16,512089.50000000006
2035,17,517751.99999999994
2035,18,528863.5
2035,19,545364.0
2035,20,567564.5
2035,21,596959.5
2035,22,634365.0
2035,23,680452.5
2035,24,735856.0
2035,25,797616.5
2035,26,851248.5
2035,27,890014.0
2035,28,911570.0
2035,29,917613.0
2035,30,911546.5
2035,31,899201.5
2035,32,880937.0
2035,33,856148.5
2035,34,825754.5
2035,35,791325.0
2035,36,755975.5
2035,37,727671.0
2035,38,711276.5
2035,39,701427.5
2035,40,692061.0
2035,41,681738.5
2035,42,667733.0
2035,43,648393.5
2035,44,625590.0
2035,45,601502.5
2035,46,578631.5
2035,47,557141.0
2035,48,536562.0
2035,49,517049.99999999994
2035,50,498654.5
2035,51,479187.0
2035,52,457227.5
2035,53,432334.0
2035,54,405583.5
2035,55,378570.0
2035,56,352565.0
2035,57,326751.0
2035,58,300613.0
2035,59,275286.0
2035,60,251784.0
2035,61,230438.5
2035,62,211460.5
2035,63,193519.5
2035,64,179207.5
2035,65,168728.0
2035,66,158571.5
2035,67,148330.5
2035,68,137826.5
2035,69,127584.5
2035,70,118078.5
2035,71,109043.0
2035,72,100492.5
2035,73,92407.5
2035,74,84480.5
2035,75,76425.5
2035,76,68146.0
2035,77,59564.0
2035,78,50919.5
2035,79,42932.5
2035,80,36236.5
2035,81,31047.5
2035,82,27432.5
2035,83,25145.5
2035,84,23495.0
2035,85,18648.0
2035,86,16595.0
2035,87,14349.5
2035,88,12045.0
2035,89,9852.5
2035,90,7896.0
2035,91,6213.0
2035,92,4797.0
2035,93,3624.5
2035,94,2666.5
2035,95,1893.0
2035,96,1480.0
2035,97,1140.5
2035,98,762.0
2035,99,493.0
2036,0,590630.5
2036,1,598471.0
2036,2,604820.0
2036,3,610014.0
2036,4,614374.5
2036,5,617547.5
2036,6,619264.0
2036,7,619882.5
2036,8,618966.0
2036,9,616440.0
2036,10,612321.0
2036,11,605213.5
2036,12,590519.0
2036,13,548558.0
2036,14,510978.0
2036,15,504472.5
2036,16,506777.0
2036,17,513938.0
2036,18,526567.5
2036,19,544686.5
2036,20,568591.0
2036,21,599664.5
2036,22,638349.5
2036,23,685107.5
2036,24,740608.0
2036,25,801927.5
2036,26,855419.5
2036,27,897183.5
2036,28,924017.0
2036,29,933580.0
2036,30,928951.5
2036,31,917697.5
2036,32,901516.5
2036,33,879387.5
2036,34,850706.5
2036,35,816573.0
2036,36,779108.5
2036,37,740882.0
2036,38,709672.0
2036,39,690341.5
2036,40,677976.5
2036,41,667862.0
2036,42,657237.0
2036,43,642930.0
2036,44,623295.0
2036,45,600748.5
2036,46,579122.0
2036,47,559274.0
2036,48,540816.0
2036,49,523284.0
2036,50,506213.5
2036,51,487794.5
2036,52,467687.5
2036,53,445095.0
2036,54,419573.5
2036,55,392419.0
2036,56,365887.5
2036,57,340587.0
2036,58,315485.0
2036,59,290074.0
2036,60,265413.0
2036,61,242291.5
2036,62,221258.5
2036,63,202593.5
2036,64,184973.0
2036,65,171063.5
2036,66,161354.0
2036,67,152070.0
2036,68,142711.5
2036,69,133103.5
2036,70,123629.0
2036,71,114331.5
2036,72,105365.0
2036,73,96886.0
2036,74,88875.5
2036,75,81043.0
2036,76,73130.0
2036,77,65029.5
2036,78,56675.0
2036,79,48303.0
2036,80,40612.5
2036,81,34196.0
2036,82,29250.0
2036,83,25822.5
2036,84,23658.0
2036,85,18828.0
2036,86,16992.5
2036,87,14950.5
2036,88,12768.5
2036,89,10574.0
2036,90,8524.5
2036,91,6726.0
2036,92,5204.5
2036,93,3947.0
2036,94,2926.5
2036,95,2108.0
2036,96,1461.5
2036,97,1113.5
2036,98,834.5
2036,99,541.5
2037,0,592386.5
2037,1,600970.5
2037,2,607728.5
2037,3,612779.5
2037,4,616586.0
2037,5,619561.5
2037,6,621463.5
2037,7,621934.0
2037,8,621301.0
2037,9,619120.5
2037,10,615173.0
2037,11,609049.0
2037,12,599773.5
2037,13,582892.5
2037,14,538733.0
2037,15,500468.0
2037,16,499370.5
2037,17,508635.0
2037,18,522794.99999999994
2037,19,542462.5
2037,20,568020.0
2037,21,600844.5
2037,22,641259.0
2037,23,689349.0
2037,24,745574.0
2037,25,807027.0
2037,26,860041.5
2037,27,901611.0
2037,28,931386.5
2037,29,946167.5
2037,30,945005.0
2037,31,935160.5
2037,32,920046.5
2037,33,899977.5
2037,34,873929.5
2037,35,841485.5
2037,36,804297.0
2037,37,763936.0
2037,38,722793.0
2037,39,688639.0
2037,40,666785.5
2037,41,653676.0
2037,42,643262.5
2037,43,632338.0
2037,44,617734.0
2037,45,598358.5
2037,46,578283.5
2037,47,559692.5
2037,48,542889.0
2037,49,527489.0
2037,50,512405.99999999994
2037,51,495310.0
2037,52,476247.0
2037,53,455499.5
2037,54,432269.0
2037,55,406336.5
2037,56,379664.5
2037,57,353840.0
2037,58,329250.0
2037,59,304867.5
2037,60,280119.0
2037,61,255839.0
2037,62,233033.0
2037,63,212321.0
2037,64,193975.5
2037,65,176782.0
2037,66,163677.5
2037,67,154840.0
2037,68,146430.0
2037,69,137952.5
2037,70,129100.0
2037,71,119826.0
2037,72,110593.0
2037,73,101696.0
2037,74,93290.0
2037,75,85364.5
2037,76,77654.0
2037,77,69892.5
2037,78,61981.5
2037,79,53862.5
2037,80,45774.0
2037,81,38382.0
2037,82,32250.999999999996
2037,83,27556.0
2037,84,24319.0
2037,85,18992.5
2037,86,17183.0
2037,87,15333.5
2037,88,13325.0
2037,89,11228.0
2037,90,9165.0
2037,91,7274.5
2037,92,5644.5
2037,93,4291.0
2037,94,3193.0
2037,95,2318.0
2037,96,1631.0
2037,97,1102.0
2037,98,816.5
2037,99,594.0
2038,0,594038.5
2038,1,602818.0
2038,2,610302.0
2038,3,615751.0
2038,4,619404.0
2038,5,621817.0
2038,6,623512.0
2038,7,624157.5
2038,8,623366.5
2038,9,621459.5
2038,10,617847.0
2038,11,611884.0
2038,12,603582.0
2038,13,592108.0
2038,14,573010.5
2038,15,528163.5
2038,16,495342.0
2038,17,501239.0
2038,18,517533.5
2038,19,538762.5
2038,20,565903.5
2038,21,600429.0
2038,22,642647.0
2038,23,692519.0
2038,24,750130.5
2038,25,812343.5
2038,26,865455.5
2038,27,906492.5
2038,28,936019.0
2038,29,953682.5
2038,30,957683.5
2038,31,951275.0
2038,32,937546.0
2038,33,918519.0
2038,34,894506.0
2038,35,864671.0
2038,36,829150.0
2038,37,789046.5
2038,38,745751.5
2038,39,701651.5
2038,40,664969.5
2038,41,642379.0
2038,42,628977.5
2038,43,618269.5
2038,44,607048.5
2038,45,592704.5
2038,46,575810.0
2038,47,558782.5
2038,48,543249.5
2038,49,529516.0
2038,50,516573.99999999994
2038,51,501462.0
2038,52,483718.0
2038,53,464009.0
2038,54,442615.5
2038,55,418965.0
2038,56,393511.5
2038,57,367547.5
2038,58,342436.0
2038,59,318562.5
2038,60,294835.5
2038,61,270461.5
2038,62,246495.5
2038,63,224014.0
2038,64,203629.0
2038,65,185710.0
2038,66,169352.0
2038,67,157156.5
2038,68,149191.5
2038,69,141653.0
2038,70,133914.0
2038,71,125245.5
2038,72,116027.0
2038,73,106858.5
2038,74,98033.0
2038,75,89709.5
2038,76,81896.0
2038,77,74316.0
2038,78,66714.0
2038,79,58998.5
2038,80,51124.5
2038,81,43322.5
2038,82,36237.0
2038,83,30401.5
2038,84,25963.5
2038,85,19616.5
2038,86,17360.0
2038,87,15532.0
2038,88,13689.5
2038,89,11739.0
2038,90,9749.5
2038,91,7835.5
2038,92,6116.5
2038,93,4663.5
2038,94,3479.0
2038,95,2534.5
2038,96,1797.0
2038,97,1231.5
2038,98,810.0
2038,99,582.0
2039,0,595590.0
2039,1,604560.0
2039,2,612224.0
2039,3,618386.5
2039,4,622427.5
2039,5,624679.0
2039,6,625801.0
2039,7,626230.5
2039,8,625603.5
2039,9,623528.0
2039,10,620178.0
2039,11,614539.0
2039,12,606388.0
2039,13,595877.5
2039,14,582176.0
2039,15,562378.5
2039,16,522999.5
2039,17,497218.0
2039,18,510179.0
2039,19,533574.0
2039,20,562311.5
2039,21,598469.5
2039,22,642440.0
2039,23,694169.0
2039,24,753616.0
2039,25,817250.5
2039,26,871085.5
2039,27,912164.5
2039,28,941102.0
2039,29,958459.5
2039,30,965289.5
2039,31,964012.5
2039,32,953694.0
2039,33,936026.5
2039,34,913032.0
2039,35,885207.5
2039,36,852273.5
2039,37,813819.0
2039,38,770760.5
2039,39,724490.0
2039,40,677852.5
2039,41,640444.5
2039,42,617574.0
2039,43,603885.0
2039,44,592885.5
2039,45,581928.0
2039,46,570073.0
2039,47,556237.0
2039,48,542281.0
2039,49,529831.5
2039,50,518566.00000000006
2039,51,505591.5
2039,52,489827.0
2039,53,471432.0
2039,54,451071.5
2039,55,429251.0
2039,56,406073.5
2039,57,381324.0
2039,58,356074.0
2039,59,331682.5
2039,60,308460.5
2039,61,285096.0
2039,62,261028.00000000003
2039,63,237385.0
2039,64,215234.5
2039,65,195285.0
2039,66,178204.0
2039,67,162786.5
2039,68,151504.0
2039,69,144410.0
2039,70,137598.0
2039,71,130021.5
2039,72,121390.0
2039,73,112226.0
2039,74,103123.0
2039,75,94378.0
2039,76,86164.0
2039,77,78470.0
2039,78,71027.0
2039,79,63589.5
2039,80,56078.0
2039,81,48450.0
2039,82,40942.5
2039,83,34176.0
2039,84,28646.0
2039,85,21146.5
2039,86,17956.5
2039,87,15718.0
2039,88,13891.0
2039,89,12082.0
2039,90,10211.5
2039,91,8351.0
2039,92,6601.0
2039,93,5063.5
2039,94,3788.5
2039,95,2766.5
2039,96,1968.5
2039,97,1359.5
2039,98,906.5
2039,99,578.5
2040,0,597323.0
2040,1,606203.5
2040,2,614041.0
2040,3,620371.0
2040,4,625116.5
2040,5,627746.5
2040,6,628696.5
2040,7,628543.5
2040,8,627689.5
2040,9,625767.0
2040,10,622238.0
2040,11,616851.0
2040,12,609014.0
2040,13,598644.5
2040,14,585896.5
2040,15,571489.5
2040,16,557174.0
2040,17,524868.0
2040,18,506197.5
2040,19,526293.5
2040,20,557232.0
2040,21,595035.5
2040,22,640690.5
2040,23,694226.0
2040,24,755582.5
2040,25,821088.0
2040,26,876307.0
2040,27,918052.5
2040,28,946975.0
2040,29,963686.5
2040,30,970158.0
2040,31,971679.5
2040,32,966466.0
2040,33,952183.5
2040,34,930524.0
2040,35,903693.0
2040,36,872748.5
2040,37,836861.0
2040,38,795430.0
2040,39,749376.0
2040,40,700553.0
2040,41,653195.5
2040,42,615522.0
2040,43,592377.0
2040,44,578404.0
2040,45,567675.5
2040,46,559217.5
2040,47,550431.5
2040,48,539678.5
2040,49,528819.0
2040,50,518847.49999999994
2040,51,507549.5
2040,52,493917.0
2040,53,477495.5
2040,54,458443.5
2040,55,437652.0
2040,56,416300.5
2040,57,393821.0
2040,58,369782.0
2040,59,345252.5
2040,60,321514.0
2040,61,298647.5
2040,62,275575.5
2040,63,251822.5
2040,64,228508.0
2040,65,206798.0
2040,66,187698.5
2040,67,171561.0
2040,68,157091.0
2040,69,146722.5
2040,70,140352.5
2040,71,133687.5
2040,72,126123.5
2040,73,117526.0
2040,74,108416.5
2040,75,99389.0
2040,76,90750.5
2040,77,82653.5
2040,78,75085.0
2040,79,67783.5
2040,80,60516.5
2040,81,53208.0
2040,82,45834.0
2040,83,38633.5
2040,84,32199.5
2040,85,23637.5
2040,86,19383.5
2040,87,16282.499999999998
2040,88,14081.5
2040,89,12281.5
2040,90,10529.5
2040,91,8763.5
2040,92,7049.5
2040,93,5475.0
2040,94,4121.0
2040,95,3018.5
2040,96,2153.0
2040,97,1492.5
2040,98,1002.5
2040,99,649.0
2041,0,599078.0
2041,1,608030.5
2041,2,615761.0
2041,3,622253.5
2041,4,627157.0
2041,5,630480.5
2041,6,631799.5
2041,7,631464.0
2041,8,630016.5
2041,9,627856.5
2041,10,624470.0
2041,11,618894.0
2041,12,611299.0
2041,13,601232.5
2041,14,588615.0
2041,15,575157.5
2041,16,566256.0
2041,17,559033.0
2041,18,533871.5
2041,19,522385.0
2041,20,550063.5
2041,21,590118.0
2041,22,637472.5
2041,23,692746.5
2041,24,755964.0
2041,25,823416.0
2041,26,880468.5
2041,27,923541.5
2041,28,953074.0
2041,29,969712.0
2041,30,975486.5
2041,31,976619.5
2041,32,974179.0
2041,33,964975.0
2041,34,946674.0
2041,35,921152.5
2041,36,891181.5
2041,37,857263.0
2041,38,818378.0
2041,39,773930.0
2041,40,725306.0
2041,41,675761.5
2041,42,628148.0
2041,43,590215.5
2041,44,566799.0
2041,45,553107.0
2041,46,544893.0
2041,47,539516.0
2041,48,533822.0
2041,49,526176.0
2041,50,517806.00000000006
2041,51,507803.0
2041,52,495842.0
2041,53,481547.0
2041,54,464462.0
2041,55,444974.5
2041,56,424650.5
2041,57,403994.0
2041,58,382217.5
2041,59,358894.5
2041,60,335018.5
2041,61,311634.5
2041,62,289051.0
2041,63,266279.5
2041,64,242846.0
2041,65,219971.5
2041,66,199118.0
2041,67,180975.5
2041,68,165787.5
2041,69,152268.0
2041,70,142669.0
2041,71,136440.0
2041,72,129769.5
2041,73,122213.0
2041,74,113648.5
2041,75,104602.5
2041,76,95674.5
2041,77,87151.0
2041,78,79176.0
2041,79,71736.5
2041,80,64580.5
2041,81,57483.0
2041,82,50383.0
2041,83,43274.5
2041,84,36397.0
2041,85,26940.5
2041,86,21692.5
2041,87,17600.0
2041,88,14611.5
2041,89,12472.5
2041,90,10724.0
2041,91,9053.5
2041,92,7412.0
2041,93,5857.5
2041,94,4465.0
2041,95,3291.0
2041,96,2353.5
2041,97,1636.0
2041,98,1102.5
2041,99,719.0
2042,0,600617.5
2042,1,609878.5
2042,2,617665.0
2042,3,624039.5
2042,4,629094.5
2042,5,632566.0
2042,6,634569.5
2042,7,634591.5
2042,8,632951.5
2042,9,630187.0
2042,10,626552.0
2042,11,621108.5
2042,12,613313.5
2042,13,603478.5
2042,14,591154.0
2042,15,577824.0
2042,16,569896.5
2042,17,568117.0
2042,18,568058.0
2042,19,550116.0
2042,20,546265.0
2042,21,583113.0
2042,22,632773.0
2042,23,689800.5
2042,24,754812.5
2042,25,824162.5
2042,26,883123.0
2042,27,927972.5
2042,28,958774.0
2042,29,975964.0
2042,30,981613.0
2042,31,982018.5
2042,32,979165.5
2042,33,972709.0
2042,34,959459.0
2042,35,937270.0
2042,36,908588.5
2042,37,875622.5
2042,38,838685.0
2042,39,796761.0
2042,40,749724.5
2042,41,700376.5
2042,42,650578.5
2042,43,602715.0
2042,44,564528.5
2042,45,541408.5
2042,46,530249.5
2042,47,525132.0
2042,48,522860.5
2042,49,520283.5
2042,50,515135.5
2042,51,506733.5
2042,52,496065.0
2042,53,483436.5
2042,54,468472.5
2042,55,450945.0
2042,56,431923.5
2042,57,412295.5
2042,58,392338.0
2042,59,371271.0
2042,60,348594.5
2042,61,325070.0
2042,62,301966.5
2042,63,279673.5
2042,64,257206.00000000003
2042,65,234202.5
2042,66,212185.0
2042,67,192297.5
2042,68,175118.5
2042,69,160884.0
2042,70,148171.5
2042,71,138760.0
2042,72,132517.0
2042,73,125835.0
2042,74,118282.0
2042,75,109757.5
2042,76,100798.0
2042,77,91978.5
2042,78,83573.0
2042,79,75724.5
2042,80,68418.0
2042,81,61405.0
2042,82,54480.0
2042,83,47600.5
2042,84,40772.5
2042,85,30846.0
2042,86,24750.0
2042,87,19721.0
2042,88,15816.0
2042,89,12963.5
2042,90,10911.0
2042,91,9238.0
2042,92,7672.0
2042,93,6171.0
2042,94,4786.5
2042,95,3572.5
2042,96,2570.5
2042,97,1792.0
2042,98,1210.5
2042,99,792.0
2043,0,602486.5
2043,1,611511.0
2043,2,619589.5
2043,3,626007.5
2043,4,630934.5
2043,5,634549.0
2043,6,636690.5
2043,7,637386.0
2043,8,636093.0
2043,9,633124.0
2043,10,628874.0
2043,11,623171.5
2043,12,615498.0
2043,13,605453.0
2043,14,593350.0
2043,15,580309.0
2043,16,572534.5
2043,17,571761.0
2043,18,577175.5
2043,19,584355.5
2043,20,574088.0
2043,21,579475.5
2043,22,625986.5
2043,23,685374.0
2043,24,752195.0
2043,25,823376.0
2043,26,884195.5
2043,27,930895.0
2043,28,963413.5
2043,29,981813.5
2043,30,987960.5
2043,31,988210.0
2043,32,984606.5
2043,33,977713.0
2043,34,967183.5
2043,35,950019.5
2043,36,924648.5
2043,37,892950.5
2043,38,856945.0
2043,39,816947.5
2043,40,772416.0
2043,41,724652.5
2043,42,675051.5
2043,43,625007.0
2043,44,576901.0
2043,45,539030.0
2043,46,518467.0
2043,47,510425.0
2043,48,508432.0
2043,49,509290.5
2043,50,509217.0
2043,51,504035.5
2043,52,494965.0
2043,53,483625.5
2043,54,470324.5
2043,55,454911.5
2043,56,437848.5
2043,57,419523.0
2043,58,400594.0
2043,59,381341.5
2043,60,360910.5
2043,61,338576.5
2043,62,315328.5
2043,63,292512.0
2043,64,270513.0
2043,65,248458.5
2043,66,226305.0
2043,67,205254.5
2043,68,186339.0
2043,69,170128.0
2043,70,156703.5
2043,71,144216.5
2043,72,134838.5
2043,73,128576.0
2043,74,121875.0
2043,75,114331.0
2043,76,105868.5
2043,77,97002.5
2043,78,88294.0
2043,79,80012.5
2043,80,72293.0
2043,81,65116.0
2043,82,58249.0
2043,83,51507.0
2043,84,44861.5
2043,85,34924.0
2043,86,28368.0
2043,87,22526.5
2043,88,17744.0
2043,89,14053.5
2043,90,11360.0
2043,91,9417.5
2043,92,7844.0
2043,93,6400.5
2043,94,5052.0
2043,95,3837.0
2043,96,2796.5
2043,97,1961.0
2043,98,1328.5
2043,99,871.0
2044,0,604753.5
2044,1,613474.0
2044,2,621301.0
2044,3,627998.0
2044,4,632959.5
2044,5,636436.0
2044,6,638710.0
2044,7,639532.5
2044,8,638901.5
2044,9,636269.0
2044,10,631803.5
2044,11,625475.0
2044,12,617532.0
2044,13,607598.0
2044,14,595274.0
2044,15,582450.5
2044,16,574991.5
2044,17,574403.0
2044,18,580857.0
2044,19,593540.5
2044,20,608419.5
2044,21,607446.0
2044,22,622568.5
2044,23,678865.5
2044,24,748103.0
2044,25,821131.0
2044,26,883742.5
2044,27,932242.5
2044,28,966551.0
2044,29,986608.0
2044,30,993911.0
2044,31,994628.0
2044,32,990845.0
2044,33,983176.0
2044,34,972184.5
2044,35,957716.0
2044,36,937346.0
2044,37,908936.5
2044,38,874178.5
2044,39,835092.5
2044,40,792469.0
2044,41,747206.5
2044,42,699190.0
2044,43,649343.5
2044,44,599058.0
2044,45,551280.5
2044,46,515994.5
2044,47,498576.5
2044,48,493680.0
2044,49,494835.0
2044,50,498208.0
2044,51,498096.0
2044,52,492240.0
2044,53,482496.0
2044,54,470480.5
2044,55,456727.0
2044,56,441777.0
2044,57,425409.0
2044,58,407782.0
2044,59,389556.0
2044,60,370934.5
2044,61,350832.0
2044,62,328763.5
2044,63,305797.5
2044,64,283273.0
2044,65,261676.49999999997
2044,66,240457.0
2044,67,219261.0
2044,68,199183.5
2044,69,181244.5
2044,70,165859.5
2044,71,152658.5
2044,72,140246.0
2044,73,130899.0
2044,74,124608.0
2044,75,117892.5
2044,76,110378.0
2044,77,101980.5
2044,78,93211.0
2044,79,84617.5
2044,80,76462.0
2044,81,68869.5
2044,82,61823.0
2044,83,55111.0
2044,84,48566.5
2044,85,38744.5
2044,86,32153.0
2044,87,25849.0
2044,88,20294.0
2044,89,15788.5
2044,90,12334.0
2044,91,9823.0
2044,92,8011.5
2044,93,6556.5
2044,94,5250.0
2044,95,4058.0
2044,96,3010.0
2044,97,2137.0
2044,98,1456.5
2044,99,957.0
2045,0,607300.0
2045,1,615835.0
2045,2,623343.5
2045,3,629776.0
2045,4,635007.5
2045,5,638507.5
2045,6,640633.0
2045,7,641576.5
2045,8,641062.0
2045,9,639080.5
2045,10,634940.5
2045,11,628385.5
2045,12,619806.0
2045,13,609591.5
2045,14,597367.5
2045,15,584320.0
2045,16,577104.0
2045,17,576864.0
2045,18,583537.0
2045,19,597293.0
2045,20,617711.0
2045,21,641922.0
2045,22,650743.5
2045,23,675724.5
2045,24,741931.0
2045,25,817413.5
2045,26,881832.5
2045,27,932065.0
2045,28,968114.0
2045,29,989901.5
2045,30,998805.5
2045,31,1000648.0
2045,32,997307.0
2045,33,989434.0
2045,34,977642.0
2045,35,962687.5
2045,36,944990.5
2045,37,921559.5
2045,38,890069.0
2045,39,852208.5
2045,40,810479.0
2045,41,767120.5
2045,42,721605.0
2045,43,673343.0
2045,44,623255.5
2045,45,573304.0
2045,46,528132.0
2045,47,496023.5
2045,48,481779.5
2045,49,480054.0
2045,50,483739.5
2045,51,487072.5
2045,52,486278.5
2045,53,479743.5
2045,54,469319.0
2045,55,456849.0
2045,56,443559.0
2045,57,429303.5
2045,58,413632.0
2045,59,396707.0
2045,60,379112.0
2045,61,360807.5
2045,62,340955.5
2045,63,319157.0
2045,64,296477.5
2045,65,274353.5
2045,66,253582.0
2045,67,233303.5
2045,68,213072.0
2045,69,193972.5
2045,70,176866.5
2045,71,161718.5
2045,72,148589.5
2045,73,136250.0
2045,74,126931.5
2045,75,120615.0
2045,76,113903.5
2045,77,106417.0
2045,78,98086.5
2045,79,89415.0
2045,80,80941.0
2045,81,72908.5
2045,82,65442.49999999999
2045,83,58537.5
2045,84,51994.5
2045,85,42215.0
2045,86,35709.0
2045,87,29331.5
2045,88,23316.0
2045,89,18080.5
2045,90,13876.0
2045,91,10682.5
2045,92,8372.0
2045,93,6710.0
2045,94,5389.5
2045,95,4226.0
2045,96,3189.5
2045,97,2304.0
2045,98,1590.0
2045,99,1051.0
2046,0,609444.5
2046,1,618475.0
2046,2,625782.5
2046,3,631884.5
2046,4,636841.5
2046,5,640601.5
2046,6,642740.0
2046,7,643524.0
2046,8,643119.5
2046,9,641242.5
2046,10,637742.5
2046,11,631501.5
2046,12,622685.0
2046,13,611823.0
2046,14,599308.0
2046,15,586357.5
2046,16,578943.0
2046,17,578980.0
2046,18,586034.5
2046,19,600044.0
2046,20,621571.5
2046,21,651371.0
2046,22,685422.0
2046,23,704163.0
2046,24,739125.0
2046,25,811616.5
2046,26,878450.0
2046,27,930429.5
2046,28,968151.0
2046,29,991618.0
2046,30,1002195.5
2046,31,1005608.5
2046,32,1003367.0
2046,33,995911.0
2046,34,983889.5
2046,35,968109.5
2046,36,949907.0
2046,37,929127.5
2046,38,902593.5
2046,39,867976.5
2046,40,827455.5
2046,41,784987.5
2046,42,741377.0
2046,43,695616.0
2046,44,647114.0
2046,45,597363.0
2046,46,550029.0
2046,47,508059.0
2046,48,479158.0
2046,49,468115.0
2046,50,468941.0
2046,51,472592.0
2046,52,475240.0
2046,53,473758.0
2046,54,466536.0
2046,55,455655.5
2046,56,443651.0
2046,57,431056.0
2046,58,417496.0
2046,59,402525.0
2046,60,386229.0
2046,61,368945.5
2046,62,350880.0
2046,63,331282.0
2046,64,309756.0
2046,65,287471.5
2046,66,266172.5
2046,67,246333.0
2046,68,227001.0
2046,69,207737.5
2046,70,189471.0
2046,71,172607.5
2046,72,157544.0
2046,73,144485.5
2046,74,132222.0
2046,75,122936.0
2046,76,116611.0
2046,77,109900.0
2046,78,102441.5
2046,79,94177.5
2046,80,85609.0
2046,81,77247.5
2046,82,69339.0
2046,83,62011.5
2046,84,55261.0
2046,85,45434.0
2046,86,38950.0
2046,87,32613.0
2046,88,26489.0
2046,89,20798.5
2046,90,15912.5
2046,91,12036.0
2046,92,9120.0
2046,93,7025.5
2046,94,5527.0
2046,95,4347.5
2046,96,3328.0
2046,97,2446.5
2046,98,1717.5
2046,99,1150.0
2047,0,611229.0
2047,1,620714.5
2047,2,628501.5
2047,3,634391.0
2047,4,639006.0
2047,5,642482.0
2047,6,644869.0
2047,7,645655.5
2047,8,645080.0
2047,9,643302.0
2047,10,639895.0
2047,11,634282.5
2047,12,625769.0
2047,13,614659.5
2047,14,601486.0
2047,15,588241.5
2047,16,580950.0
2047,17,580822.5
2047,18,588188.0
2047,19,602613.0
2047,20,624431.5
2047,21,655393.0
2047,22,695088.0
2047,23,739104.5
2047,24,767887.5
2047,25,809186.5
2047,26,872990.5
2047,27,927323.5
2047,28,966731.0
2047,29,991808.5
2047,30,1004009.5
2047,31,1009064.5
2047,32,1008367.5
2047,33,1001985.0
2047,34,990355.5
2047,35,974320.5
2047,36,955273.0
2047,37,933968.5
2047,38,910064.0
2047,39,880380.5
2047,40,843084.0
2047,41,801822.0
2047,42,759104.0
2047,43,715248.5
2047,44,669247.0
2047,45,621082.0
2047,46,573959.5
2047,47,529842.0
2047,48,491104.5
2047,49,465440.0
2047,50,456978.0
2047,51,457780.5
2047,52,460749.0
2047,53,462704.5
2047,54,460527.0
2047,55,452843.0
2047,56,442430.0
2047,57,431124.0
2047,58,419227.0
2047,59,406365.5
2047,60,392020.0
2047,61,376031.0
2047,62,358980.0
2047,63,341156.0
2047,64,321811.0
2047,65,300666.5
2047,66,279204.5
2047,67,258838.5
2047,68,239934.5
2047,69,221550.5
2047,70,203108.0
2047,71,185079.5
2047,72,168306.5
2047,73,153327.5
2047,74,140342.0
2047,75,128160.0
2047,76,118929.0
2047,77,112592.0
2047,78,105878.5
2047,79,98444.5
2047,80,90249.5
2047,81,81774.5
2047,82,73528.0
2047,83,65754.0
2047,84,58580.0
2047,85,48510.5
2047,86,41967.0
2047,87,35616.0
2047,88,29489.5
2047,89,23660.5
2047,90,18331.0
2047,91,13822.5
2047,92,10292.5
2047,93,7667.0
2047,94,5798.0
2047,95,4468.0
2047,96,3431.0
2047,97,2558.0
2047,98,1827.5
2047,99,1245.0
2048,0,613494.5
2048,1,622595.5
2048,2,630821.0
2048,3,637178.0
2048,4,641569.5
2048,5,644694.0
2048,6,646785.0
2048,7,647810.0
2048,8,647225.5
2048,9,645265.0
2048,10,641945.0
2048,11,636414.5
2048,12,628518.5
2048,13,617701.0
2048,14,604269.0
2048,15,590363.0
2048,16,582803.5
2048,17,582833.0
2048,18,590068.0
2048,19,604838.0
2048,20,627110.5
2048,21,658417.0
2048,22,699331.0
2048,23,749047.0
2048,24,803154.5
2048,25,838317.5
2048,26,870901.5
2048,27,922146.0
2048,28,963845.0
2048,29,990546.5
2048,30,1004301.5
2048,31,1010947.5
2048,32,1011866.5
2048,33,1007002.5
2048,34,996420.5
2048,35,980752.5
2048,36,961428.5
2048,37,939260.5
2048,38,914810.0
2048,39,887735.5
2048,40,855351.0
2048,41,817310.5
2048,42,775800.0
2048,43,732838.0
2048,44,688742.5
2048,45,643079.0
2048,46,597551.5
2048,47,553658.0
2048,48,512787.00000000006
2048,49,477313.5
2048,50,454264.0
2048,51,445798.5
2048,52,445925.0
2048,53,448204.5
2048,54,449460.0
2048,55,446811.0
2048,56,439593.5
2048,57,429882.5
2048,58,419278.5
2048,59,408080.5
2048,60,395842.5
2048,61,381797.0
2048,62,366034.0
2048,63,349216.5
2048,64,331631.5
2048,65,312649.5
2048,66,292315.0
2048,67,271783.0
2048,68,252352.0
2048,69,234384.5
2048,70,216798.5
2048,71,198578.5
2048,72,180635.0
2048,73,163952.0
2048,74,149061.0
2048,75,136154.0
2048,76,124080.0
2048,77,114904.5
2048,78,108550.0
2048,79,101828.5
2048,80,94418.0
2048,81,86281.0
2048,82,77901.0
2048,83,69779.5
2048,84,62157.0
2048,85,51640.5
2048,86,44858.5
2048,87,38420.0
2048,88,32245.5
2048,89,26376.0
2048,90,20882.0
2048,91,15945.5
2048,92,11838.0
2048,93,8666.5
2048,94,6339.0
2048,95,4697.0
2048,96,3534.0
2048,97,2642.5
2048,98,1914.5
2048,99,1326.5
2049,0,616169.5
2049,1,624955.0
2049,2,632781.0
2049,3,639565.5
2049,4,644413.5
2049,5,647304.0
2049,6,649032.5
2049,7,649751.0
2049,8,649392.0
2049,9,647411.5
2049,10,643897.0
2049,11,638442.5
2049,12,630617.5
2049,13,620406.5
2049,14,607255.0
2049,15,593087.5
2049,16,584892.5
2049,17,584688.5
2049,18,592114.5
2049,19,606789.0
2049,20,629444.5
2049,21,661259.0
2049,22,702575.0
2049,23,753569.5
2049,24,813433.0
2049,25,873950.5
2049,26,900360.5
2049,27,920335.0
2049,28,958885.0
2049,29,987815.5
2049,30,1003137.5
2049,31,1011305.5
2049,32,1013789.5
2049,33,1010515.0
2049,34,1001424.5
2049,35,986778.5
2049,36,967800.0
2049,37,945336.0
2049,38,920001.5
2049,39,892361.0
2049,40,862567.0
2049,41,829434.5
2049,42,791146.0
2049,43,749392.0
2049,44,706192.5
2049,45,662437.5
2049,46,619420.5
2049,47,577133.0
2049,48,536497.5
2049,49,498906.0
2049,50,466072.0
2049,51,443044.0
2049,52,433920.5
2049,53,433367.5
2049,54,434949.5
2049,55,435730.0
2049,56,433542.5
2049,57,427027.0
2049,58,418020.0
2049,59,408119.0
2049,60,397545.5
2049,61,385601.0
2049,62,371772.0
2049,63,356234.0
2049,64,339648.5
2049,65,322412.0
2049,66,304222.0
2049,67,284804.0
2049,68,265203.0
2049,69,246709.0
2049,70,229526.0
2049,71,212134.5
2049,72,193979.5
2049,73,176121.0
2049,74,159531.0
2049,75,144735.5
2049,76,131934.0
2049,77,119972.0
2049,78,110850.5
2049,79,104471.5
2049,80,97738.5
2049,81,90338.0
2049,82,82257.5
2049,83,73983.0
2049,84,66003.5
2049,85,55015.5
2049,86,47804.5
2049,87,41113.5
2049,88,34827.5
2049,89,28878.0
2049,90,23310.0
2049,91,18190.5
2049,92,13676.0
2049,93,9984.0
2049,94,7178.0
2049,95,5145.0
2049,96,3722.5
2049,97,2727.5
2049,98,1982.0
2049,99,1392.5
2050,0,618854.0
2050,1,627725.5
2050,2,635221.5
2050,3,641595.0
2050,4,646859.0
2050,5,650195.0
2050,6,651679.5
2050,7,652023.5
2050,8,651345.5
2050,9,649580.0
2050,10,646033.0
2050,11,640373.0
2050,12,632612.5
2050,13,622461.5
2050,14,609905.5
2050,15,596014.5
2050,16,587584.0
2050,17,586779.0
2050,18,594006.5
2050,19,608906.5
2050,20,631506.0
2050,21,663757.5
2050,22,705640.5
2050,23,757096.5
2050,24,818296.5
2050,25,884608.5
2050,26,936322.5
2050,27,950064.5
2050,28,957294.0
2050,29,983014.5
2050,30,1000508.0
2050,31,1010211.0
2050,32,1014190.5
2050,33,1012454.0
2050,34,1004926.0
2050,35,991745.5
2050,36,973767.5
2050,37,951628.5
2050,38,925978.0
2050,39,897432.5
2050,40,867056.5
2050,41,836511.5
2050,42,803130.5
2050,43,764598.5
2050,44,722608.5
2050,45,679752.5
2050,46,638654.0
2050,47,598887.0
2050,48,559869.0
2050,49,522524.0
2050,50,487585.0
2050,51,454787.0
2050,52,431127.0
2050,53,421342.0
2050,54,420100.5
2050,55,421212.0
2050,56,422455.5
2050,57,420965.5
2050,58,415152.0
2050,59,406853.0
2050,60,397578.5
2050,61,387294.5
2050,62,375558.0
2050,63,361945.0
2050,64,346631.0
2050,65,330385.0
2050,66,313927.0
2050,67,296634.0
2050,68,278133.5
2050,69,259464.99999999997
2050,70,241754.5
2050,71,224746.5
2050,72,207388.5
2050,73,189297.0
2050,74,171526.0
2050,75,155039.5
2050,76,140367.5
2050,77,127673.5
2050,78,115826.0
2050,79,106757.5
2050,80,100348.5
2050,81,93587.0
2050,82,86191.5
2050,83,78177.0
2050,84,70023.5
2050,85,58649.0
2050,86,50983.0
2050,87,43864.5
2050,88,37316.0
2050,89,31231.5
2050,90,25557.5
2050,91,20336.5
2050,92,15625.5
2050,93,11553.5
2050,94,8283.5
2050,95,5836.0
2050,96,4085.499999999999
2050,97,2879.5
2050,98,2050.5
2050,99,1444.5
2051,0,622124.5
2051,1,630506.5
2051,2,638073.5
2051,3,644104.5
2051,4,648947.0
2051,5,652688.5
2051,6,654607.5
2051,7,654695.0
2051,8,653632.0
2051,9,651535.5
2051,10,648191.5
2051,11,642488.0
2051,12,634510.0
2051,13,624412.0
2051,14,611905.5
2051,15,598605.0
2051,16,590478.0
2051,17,589472.5
2051,18,596134.0
2051,19,610870.5
2051,20,633735.5
2051,21,665985.5
2051,22,708365.0
2051,23,760447.0
2051,24,822169.5
2051,25,889858.0
2051,26,947324.5
2051,27,986300.0
2051,28,987237.0
2051,29,981584.0
2051,30,995811.5
2051,31,1007653.5
2051,32,1013141.0
2051,33,1012873.0
2051,34,1006856.0
2051,35,995212.5
2051,36,978677.5
2051,37,957518.5
2051,38,932171.5
2051,39,903289.5
2051,40,871992.0
2051,41,840864.5
2051,42,810072.0
2051,43,776447.0
2051,44,737678.5
2051,45,696035.5
2051,46,655847.0
2051,47,618009.5
2051,48,581522.5
2051,49,545805.5
2051,50,511123.0
2051,51,476221.0
2051,52,442804.5
2051,53,418508.0
2051,54,408055.5
2051,55,406354.5
2051,56,407939.0
2051,57,409881.0
2051,58,409089.0
2051,59,403983.0
2051,60,396311.5
2051,61,387325.0
2051,62,377245.5
2051,63,365717.0
2051,64,352316.5
2051,65,337333.0
2051,66,321859.5
2051,67,306285.0
2051,68,289888.0
2051,69,272303.0
2051,70,254413.5
2051,71,236872.5
2051,72,219876.0
2051,73,202547.0
2051,74,184521.5
2051,75,166848.0
2051,76,150491.0
2051,77,135946.5
2051,78,123363.0
2051,79,111634.0
2051,80,102616.5
2051,81,96159.0
2051,82,89361.0
2051,83,81977.5
2051,84,74042.0
2051,85,62451.5
2051,86,54408.0
2051,87,46836.0
2051,88,39862.0
2051,89,33508.0
2051,90,27680.5
2051,91,22331.0
2051,92,17495.5
2051,93,13221.5
2051,94,9601.5
2051,95,6746.0
2051,96,4643.0
2051,97,3166.5
2051,98,2169.0
2051,99,1497.0
2052,0,625573.0
2052,1,633873.0
2052,2,640936.0
2052,3,647024.5
2052,4,651514.5
2052,5,654823.5
2052,6,657136.0
2052,7,657646.5
2052,8,656316.0
2052,9,653821.5
2052,10,650135.5
2052,11,644623.0
2052,12,636590.0
2052,13,626264.0
2052,14,613799.0
2052,15,600544.0
2052,16,593035.0
2052,17,592368.0
2052,18,598863.5
2052,19,613070.0
2052,20,635810.0
2052,21,668379.5
2052,22,710817.5
2052,23,763455.5
2052,24,825864.0
2052,25,894115.0
2052,26,952916.5
2052,27,997579.0
2052,28,1023678.0
2052,29,1011670.5
2052,30,994477.5
2052,31,1003021.5
2052,32,1010621.0
2052,33,1011834.5
2052,34,1007259.0
2052,35,997100.0
2052,36,982080.0
2052,37,962343.0
2052,38,937954.5
2052,39,909355.5
2052,40,877705.0
2052,41,845656.5
2052,42,814285.0
2052,43,783251.0
2052,44,749388.5
2052,45,710969.0
2052,46,672005.0
2052,47,635090.0
2052,48,600544.5
2052,49,567369.5
2052,50,534322.5
2052,51,499674.5
2052,52,464152.0
2052,53,430114.0
2052,54,405178.5
2052,55,394290.5
2052,56,393079.5
2052,57,395374.0
2052,58,398016.5
2052,59,397926.0
2052,60,393445.0
2052,61,386061.5
2052,62,377278.0
2052,63,367400.5
2052,64,356074.5
2052,65,342994.5
2052,66,328777.0
2052,67,314180.5
2052,68,299486.0
2052,69,283982.0
2052,70,267157.5
2052,71,249427.5
2052,72,231891.0
2052,73,214900.5
2052,74,197599.5
2052,75,179647.5
2052,76,162097.0
2052,77,145876.5
2052,78,131463.0
2052,79,118994.0
2052,80,107385.0
2052,81,98406.0
2052,82,91889.5
2052,83,85059.5
2052,84,77698.0
2052,85,66260.5
2052,86,57998.0
2052,87,50041.0
2052,88,42616.5
2052,89,35843.5
2052,90,29741.5
2052,91,24223.0
2052,92,19242.5
2052,93,14828.5
2052,94,11006.5
2052,95,7833.5
2052,96,5377.5
2052,97,3605.5
2052,98,2390.5
2052,99,1587.0
2053,0,628757.5
2053,1,637419.0
2053,2,644385.0
2053,3,649957.0
2053,4,654494.0
2053,5,657439.5
2053,6,659307.5
2053,7,660200.0
2053,8,659280.5
2053,9,656506.0
2053,10,652410.5
2053,11,646544.0
2053,12,638691.0
2053,13,628298.5
2053,14,615593.5
2053,15,602377.5
2053,16,594941.0
2053,17,594925.5
2053,18,601795.0
2053,19,615870.5
2053,20,638120.0
2053,21,670620.5
2053,22,713438.5
2053,23,766194.5
2053,24,829220.0
2053,25,898198.0
2053,26,957519.0
2053,27,1003453.5
2053,28,1035175.0
2053,29,1048257.5
2053,30,1024654.5
2053,31,1001754.0
2053,32,1006031.0
2053,33,1009329.0
2053,34,1006207.5
2053,35,997463.5
2053,36,983906.0
2053,37,965662.0
2053,38,942675.0
2053,39,915012.0
2053,40,883628.0
2053,41,851226.0
2053,42,818937.5
2053,43,787329.0
2053,44,756059.0
2053,45,722546.5
2053,46,686815.5
2053,47,651137.5
2053,48,617528.0
2053,49,586306.0
2053,50,555808.0
2053,51,522791.50000000006
2053,52,487517.5
2053,53,451372.5
2053,54,416711.0
2053,55,391372.0
2053,56,381004.0
2053,57,380522.0
2053,58,383529.5
2053,59,386875.5
2053,60,387403.0
2053,61,383205.0
2053,62,376021.0
2053,63,367437.5
2053,64,357757.5
2053,65,346741.0
2053,66,334417.5
2053,67,321070.5
2053,68,307347.0
2053,69,293528.5
2053,70,278758.5
2053,71,262069.5
2053,72,244332.5
2053,73,226794.0
2053,74,209805.0
2053,75,192537.5
2053,76,174683.0
2053,77,157261.0
2053,78,141181.5
2053,79,126905.0
2053,80,114551.5
2053,81,103054.5
2053,82,94108.0
2053,83,87534.5
2053,84,80680.5
2053,85,69735.5
2053,86,61599.5
2053,87,53403.5
2053,88,45589.5
2053,89,38372.0
2053,90,31860.0
2053,91,26066.0
2053,92,20906.5
2053,93,16335.999999999998
2053,94,12366.0
2053,95,8996.0
2053,96,6256.0
2053,97,4183.5
2053,98,2727.0
2053,99,1752.5
2054,0,632048.0
2054,1,640699.0
2054,2,648011.5
2054,3,653475.5
2054,4,657484.5
2054,5,660465.5
2054,6,661958.5
2054,7,662394.5
2054,8,661844.5
2054,9,659469.0
2054,10,655081.5
2054,11,648794.0
2054,12,640576.0
2054,13,630351.5
2054,14,617569.0
2054,15,604110.0
2054,16,596739.0
2054,17,596830.5
2054,18,604387.5
2054,19,618871.5
2054,20,641030.0
2054,21,673096.0
2054,22,715904.5
2054,23,769101.0
2054,24,832305.5
2054,25,901940.0
2054,26,961945.0
2054,27,1008336.0
2054,28,1041265.0
2054,29,1059903.0
2054,30,1061323.5
2054,31,1031982.0
2054,32,1004798.0
2054,33,1004747.5
2054,34,1003683.0
2054,35,996367.0
2054,36,984202.0
2054,37,967399.0
2054,38,945883.5
2054,39,919600.5
2054,40,889135.5
2054,41,856999.0
2054,42,824361.0
2054,43,791840.5
2054,44,760000.5
2054,45,729084.5
2054,46,698269.0
2054,47,665835.5
2054,48,633476.5
2054,49,603204.0
2054,50,574667.5
2054,51,544195.5
2054,52,510546.5
2054,53,474644.5
2054,54,437874.5
2054,55,402827.5
2054,56,378047.0
2054,57,368441.5
2054,58,368694.0
2054,59,372417.5
2054,60,376383.0
2054,61,377182.0
2054,62,373175.0
2054,63,366188.5
2054,64,357800.0
2054,65,348423.0
2054,66,338156.0
2054,67,326693.5
2054,68,314211.5
2054,69,301355.0
2054,70,288251.0
2054,71,273583.0
2054,72,256860.0
2054,73,239107.5
2054,74,221562.5
2054,75,204578.5
2054,76,187365.0
2054,77,169610.0
2054,78,152322.5
2054,79,136389.0
2054,80,122254.0
2054,81,110007.0
2054,82,98621.0
2054,83,89714.5
2054,84,83092.0
2054,85,72583.0
2054,86,64894.99999999999
2054,87,56781.5
2054,88,48710.5
2054,89,41102.0
2054,90,34154.5
2054,91,27963.5
2054,92,22532.0
2054,93,17777.5
2054,94,13646.5
2054,95,10124.5
2054,96,7196.5
2054,97,4875.0
2054,98,3169.0
2054,99,2003.0
2055,0,635070.5
2055,1,644086.5
2055,2,651375.0
2055,3,657172.5
2055,4,661061.5
2055,5,663503.0
2055,6,665020.5
2055,7,665069.5
2055,8,664051.0
2055,9,662032.5
2055,10,658032.0
2055,11,651440.5
2055,12,642790.0
2055,13,632189.0
2055,14,619563.5
2055,15,606022.5
2055,16,598435.5
2055,17,598629.0
2055,18,606328.0
2055,19,621535.0
2055,20,644141.5
2055,21,676172.0
2055,22,718607.0
2055,23,771855.5
2055,24,835560.5
2055,25,905415.0
2055,26,966034.5
2055,27,1013046.0
2055,28,1046366.0
2055,29,1066146.5
2055,30,1073062.5
2055,31,1068704.0
2055,32,1035053.0
2055,33,1003524.5
2055,34,999085.5
2055,35,993799.5
2055,36,983040.5
2055,37,967608.0
2055,38,947512.0
2055,39,922679.5
2055,40,893576.0
2055,41,862357.5
2055,42,829989.5
2055,43,797124.0
2055,44,764376.0
2055,45,732897.0
2055,46,704689.0
2055,47,677182.0
2055,48,648079.0
2055,49,619069.5
2055,50,591492.0
2055,51,562978.5
2055,52,531867.0
2055,53,497582.5
2055,54,461049.5
2055,55,423894.0
2055,56,389428.5
2055,57,365454.0
2055,58,356619.5
2055,59,357609.5
2055,60,361966.0
2055,61,366199.5
2055,62,367177.0
2055,63,363357.5
2055,64,356563.0
2055,65,348476.0
2055,66,339845.0
2055,67,330430.0
2055,68,319822.5
2055,69,308198.5
2055,70,296045.0
2055,71,283018.0
2055,72,268279.5
2055,73,251510.5
2055,74,233737.0
2055,75,216188.0
2055,76,199227.5
2055,77,182066.0
2055,78,164414.5
2055,79,147265.5
2055,80,131486.0
2055,81,117483.5
2055,82,105342.5
2055,83,94080.0
2055,84,85228.0
2055,85,74900.0
2055,86,67614.5
2055,87,59886.0
2055,88,51854.0
2055,89,43972.0
2055,90,36635.5
2055,91,30022.0
2055,92,24211.0
2055,93,19192.0
2055,94,14875.5
2055,95,11193.0
2055,96,8114.000000000001
2055,97,5618.5
2055,98,3699.5
2055,99,2332.0
2056,0,638509.0
2056,1,647207.5
2056,2,654846.5
2056,3,660606.0
2056,4,664817.5
2056,5,667128.0
2056,6,668094.0
2056,7,668155.5
2056,8,666738.0
2056,9,664239.0
2056,10,660583.0
2056,11,654366.5
2056,12,645400.5
2056,13,634355.5
2056,14,621341.5
2056,15,607953.5
2056,16,600312.5
2056,17,600326.5
2056,18,608161.5
2056,19,623546.5
2056,20,646915.5
2056,21,679450.0
2056,22,721911.0
2056,23,774846.5
2056,24,838665.5
2056,25,909061.5
2056,26,969858.0
2056,27,1017420.0
2056,28,1051295.0
2056,29,1071402.5
2056,30,1079401.5
2056,31,1080503.5
2056,32,1071800.5
2056,33,1033779.0
2056,34,997844.5
2056,35,989159.0
2056,36,980407.0
2056,37,966359.0
2056,38,947613.0
2056,39,924177.5
2056,40,896506.0
2056,41,866648.5
2056,42,835203.0
2056,43,802610.5
2056,44,769522.0
2056,45,737142.0
2056,46,708386.0
2056,47,683500.0
2056,48,659333.0
2056,49,633591.0
2056,50,607286.5
2056,51,579731.0
2056,52,550571.5
2056,53,518816.00000000006
2056,54,483892.5
2056,55,446968.5
2056,56,410399.5
2056,57,376767.0
2056,58,353609.0
2056,59,345551.5
2056,60,347197.5
2056,61,351832.0
2056,62,356240.5
2056,63,357390.5
2056,64,353753.5
2056,65,347257.5
2056,66,339916.5
2056,67,332135.0
2056,68,323565.5
2056,69,313804.0
2056,70,302871.5
2056,71,290781.0
2056,72,277654.5
2056,73,262829.5
2056,74,246006.5
2056,75,228213.5
2056,76,210677.0
2056,77,193735.0
2056,78,176625.0
2056,79,159080.5
2056,80,142078.0
2056,81,126443.0
2056,82,112575.5
2056,83,100552.5
2056,84,89434.0
2056,85,76962.0
2056,86,69846.5
2056,87,62466.5
2056,88,54755.5
2056,89,46870.0
2056,90,39249.0
2056,91,32250.999999999996
2056,92,26035.0
2056,93,20656.5
2056,94,16086.5
2056,95,12223.5
2056,96,8987.0
2056,97,6346.5
2056,98,4272.0
2056,99,2727.0
2057,0,641951.5
2057,1,650746.5
2057,2,658052.5
2057,3,664149.5
2057,4,668312.5
2057,5,670934.0
2057,6,671756.5
2057,7,671254.5
2057,8,669837.5
2057,9,666927.0
2057,10,662778.0
2057,11,656894.5
2057,12,648291.0
2057,13,636919.0
2057,14,623449.5
2057,15,609669.5
2057,16,602209.0
2057,17,602204.0
2057,18,609895.0
2057,19,625452.0
2057,20,649039.5
2057,21,682393.5
2057,22,725420.5
2057,23,778444.0
2057,24,842013.5
2057,25,912565.5
2057,26,973861.5
2057,27,1021536.5
2057,28,1055897.5
2057,29,1076495.0
2057,30,1084761.5
2057,31,1086912.5
2057,32,1083641.5
2057,33,1070532.0
2057,34,1028079.5
2057,35,987881.0
2057,36,975708.5
2057,37,963646.5
2057,38,946262.0
2057,39,924154.0
2057,40,897861.0
2057,41,869435.0
2057,42,839352.5
2057,43,807685.5
2057,44,774874.5
2057,45,742159.5
2057,46,712518.0
2057,47,687099.5
2057,48,665566.5
2057,49,644771.0
2057,50,621741.5
2057,51,595457.5
2057,52,567250.5
2057,53,537440.0
2057,54,505036.5
2057,55,469714.5
2057,56,433376.5
2057,57,397645.0
2057,58,364856.5
2057,59,342526.5
2057,60,335165.0
2057,61,337110.0
2057,62,341929.5
2057,63,346506.0
2057,64,347821.5
2057,65,344473.0
2057,66,338723.5
2057,67,332232.5
2057,68,325291.5
2057,69,317557.0
2057,70,308472.5
2057,71,297587.5
2057,72,285378.0
2057,73,272134.5
2057,74,257211.5
2057,75,240333.5
2057,76,222535.0
2057,77,205004.0
2057,78,188076.0
2057,79,171018.0
2057,80,153585.5
2057,81,136720.0
2057,82,121234.5
2057,83,107516.5
2057,84,95634.0
2057,85,80967.0
2057,86,71839.5
2057,87,64597.5
2057,88,57181.0
2057,89,49554.5
2057,90,41890.5
2057,91,34600.0
2057,92,28009.5
2057,93,22247.5
2057,94,17343.0
2057,95,13241.5
2057,96,9832.0
2057,97,7042.5
2057,98,4834.5
2057,99,3154.0
2058,0,645397.5
2058,1,654291.5
2058,2,661679.0
2058,3,667432.0
2058,4,671921.5
2058,5,674482.0
2058,6,675604.0
2058,7,674947.0
2058,8,672954.0
2058,9,670030.5
2058,10,665457.5
2058,11,659069.0
2058,12,650786.0
2058,13,639765.0
2058,14,625956.5
2058,15,611716.5
2058,16,603891.5
2058,17,604102.5
2058,18,611811.5
2058,19,627260.5
2058,20,651061.0
2058,21,684692.5
2058,22,728601.5
2058,23,782255.5
2058,24,845977.5
2058,25,916325.5
2058,26,977736.0
2058,27,1025847.0
2058,28,1060257.5
2058,29,1081275.5
2058,30,1089973.0
2058,31,1092357.5
2058,32,1090108.0
2058,33,1082401.0
2058,34,1064823.5
2058,35,1018080.5
2058,36,974383.5
2058,37,958880.0
2058,38,943458.0
2058,39,922688.5
2058,40,897704.0
2058,41,870656.0
2058,42,842006.0
2058,43,811705.0
2058,44,779821.5
2058,45,747390.0
2058,46,717426.5
2058,47,691138.5
2058,48,669090.0
2058,49,650940.5
2058,50,632863.5
2058,51,609849.5
2058,52,582908.5
2058,53,554045.5
2058,54,523580.00000000006
2058,55,490769.0
2058,56,456028.5
2058,57,420526.5
2058,58,385644.5
2058,59,353714.5
2058,60,332132.0
2058,61,325110.5
2058,62,327261.5
2058,63,332259.0
2058,64,336995.0
2058,65,338581.5
2058,66,335971.5
2058,67,331071.5
2058,68,325421.0
2058,69,319309.5
2058,70,312239.5
2058,71,303181.5
2058,72,292158.5
2058,73,279813.0
2058,74,266435.0
2058,75,251410.0
2058,76,234487.0
2058,77,216673.5
2058,78,199142.0
2058,79,182226.0
2058,80,165221.5
2058,81,147889.5
2058,82,131165.5
2058,83,115847.0
2058,84,102304.5
2058,85,86847.5
2058,86,75644.5
2058,87,66509.0
2058,88,59198.5
2058,89,51812.5
2058,90,44345.5
2058,91,36979.0
2058,92,30093.0
2058,93,23971.5
2058,94,18709.5
2058,95,14300.0
2058,96,10670.0
2058,97,7719.0
2058,98,5373.5
2058,99,3575.5
2059,0,649226.0
2059,1,657837.5
2059,2,665309.5
2059,3,671132.0
2059,4,675265.0
2059,5,678140.5
2059,6,679190.0
2059,7,678820.0
2059,8,676658.0
2059,9,673146.5
2059,10,668548.0
2059,11,661723.0
2059,12,652923.5
2059,13,642211.5
2059,14,628742.0
2059,15,614158.5
2059,16,605901.5
2059,17,605784.5
2059,18,613745.5
2059,19,629249.0
2059,20,652982.5
2059,21,686886.0
2059,22,731134.0
2059,23,785733.5
2059,24,850149.0
2059,25,920693.0
2059,26,981855.5
2059,27,1030015.5
2059,28,1064796.5
2059,29,1085797.0
2059,30,1094854.5
2059,31,1097635.5
2059,32,1095592.0
2059,33,1088878.0
2059,34,1076672.0
2059,35,1054768.5
2059,36,1004506.0
2059,37,957466.5
2059,38,938583.5
2059,39,919753.5
2059,40,896090.0
2059,41,870349.0
2059,42,843080.5
2059,43,814215.5
2059,44,783701.5
2059,45,752203.5
2059,46,722536.0
2059,47,695943.5
2059,48,673043.0
2059,49,654394.5
2059,50,638974.5
2059,51,620907.5
2059,52,597229.5
2059,53,569627.5
2059,54,540104.0
2059,55,509224.0
2059,56,476989.5
2059,57,443082.5
2059,58,408429.5
2059,59,374410.0
2059,60,343260.0
2059,61,322071.0
2059,62,315298.5
2059,63,317650.5
2059,64,322818.5
2059,65,327820.0
2059,66,330129.0
2059,67,328360.5
2059,68,324301.0
2059,69,319480.0
2059,70,314026.5
2059,71,306964.0
2059,72,297746.0
2059,73,286565.0
2059,74,274062.5
2059,75,260544.50000000003
2059,76,245421.5
2059,77,228441.0
2059,78,210605.0
2059,79,193070.5
2059,80,176164.0
2059,81,159196.5
2059,82,141966.5
2059,83,125403.5
2059,84,110279.5
2059,85,93180.0
2059,86,81205.0
2059,87,70099.0
2059,88,61017.5
2059,89,53705.0
2059,90,46426.0
2059,91,39200.0
2059,92,32208.5
2059,93,25794.0
2059,94,20192.0
2059,95,15452.5
2059,96,11542.5
2059,97,8391.0
2059,98,5899.0
2059,99,3981.0
2060,0,652603.5
2060,1,661764.5
2060,2,668939.5
2060,3,674833.5
2060,4,679023.5
2060,5,681531.0
2060,6,682882.5
2060,7,682427.5
2060,8,680539.5
2060,9,676847.0
2060,10,671647.5
2060,11,664785.0
2060,12,655537.0
2060,13,644296.5
2060,14,631124.0
2060,15,616876.0
2060,16,608303.5
2060,17,607791.0
2060,18,615460.0
2060,19,631252.5
2060,20,655081.0
2060,21,688975.5
2060,22,733557.5
2060,23,788558.0
2060,24,853981.5
2060,25,925259.0
2060,26,986572.5
2060,27,1034417.0
2060,28,1069180.0
2060,29,1090483.5
2060,30,1099462.5
2060,31,1102569.0
2060,32,1100893.5
2060,33,1094356.5
2060,34,1083115.5
2060,35,1066554.5
2060,36,1041100.5
2060,37,987475.0
2060,38,937046.5
2060,39,914735.5
2060,40,892994.5
2060,41,868572.5
2060,42,842617.0
2060,43,815137.0
2060,44,786064.5
2060,45,755941.0
2060,46,727222.0
2060,47,700942.0
2060,48,677754.0
2060,49,658272.0
2060,50,642368.0
2060,51,626957.5
2060,52,608217.0
2060,53,583869.5
2060,54,555602.0
2060,55,525660.5
2060,56,495354.0
2060,57,463950.0
2060,58,430888.0
2060,59,397096.0
2060,60,363862.0
2060,61,333136.0
2060,62,312253.0
2060,63,305728.0
2060,64,308275.5
2060,65,313722.5
2060,66,319444.0
2060,67,322578.5
2060,68,321642.0
2060,69,318411.5
2060,70,314246.5
2060,71,308789.5
2060,72,301545.0
2060,73,292142.5
2060,74,280782.5
2060,75,268115.0
2060,76,254458.5
2060,77,239220.0
2060,78,222169.5
2060,79,204306.5
2060,80,186763.5
2060,81,169848.0
2060,82,152913.5
2060,83,135803.5
2060,84,119432.0
2060,85,100752.0
2060,86,87196.0
2060,87,75318.5
2060,88,64378.0
2060,89,55422.0
2060,90,48185.0
2060,91,41096.5
2060,92,34193.0
2060,93,27649.0
2060,94,21762.0
2060,95,16705.0
2060,96,12494.5
2060,97,9093.5
2060,98,6424.0
2060,99,4378.5
2061,0,656097.0
2061,1,665242.5
2061,2,672952.5
2061,3,678537.0
2061,4,682786.5
2061,5,685339.0
2061,6,686310.0
2061,7,686144.5
2061,8,684159.0
2061,9,680727.5
2061,10,675333.5
2061,11,667858.5
2061,12,658560.5
2061,13,646859.5
2061,14,633146.5
2061,15,619192.0
2061,16,610982.5
2061,17,610191.0
2061,18,617501.5
2061,19,633039.0
2061,20,657196.5
2061,21,691244.5
2061,22,735880.5
2061,23,791278.0
2061,24,857167.0
2061,25,929494.0
2061,26,991497.0
2061,27,1039426.0
2061,28,1073807.0
2061,29,1095025.5
2061,30,1104246.5
2061,31,1107240.5
2061,32,1105861.5
2061,33,1099664.5
2061,34,1088572.0
2061,35,1072948.5
2061,36,1052811.5
2061,37,1023963.5
2061,38,966928.5
2061,39,913061.5
2061,40,887823.5
2061,41,865323.0
2061,42,840691.5
2061,43,814527.5
2061,44,786844.5
2061,45,758168.0
2061,46,730837.5
2061,47,705522.0
2061,48,682663.0
2061,49,662911.5
2061,50,646188.5
2061,51,630297.0
2061,52,614207.0
2061,53,594787.0
2061,54,569766.5
2061,55,541076.5
2061,56,511708.0
2061,57,482230.5
2061,58,451666.5
2061,59,419461.5
2061,60,386451.5
2061,61,353643.0
2061,62,323254.5
2061,63,302682.0
2061,64,296402.5
2061,65,299256.0
2061,66,305440.5
2061,67,311986.0
2061,68,315934.5
2061,69,315816.0
2061,70,313239.5
2061,71,309065.0
2061,72,303411.5
2061,73,295959.0
2061,74,286350.5
2061,75,274800.0
2061,76,261967.49999999997
2061,77,248149.0
2061,78,232778.0
2061,79,215648.5
2061,80,197751.0
2061,81,180180.0
2061,82,163245.5
2061,83,146359.5
2061,84,129401.0
2061,85,109447.0
2061,86,94357.5
2061,87,80947.5
2061,88,69239.5
2061,89,58542.0
2061,90,49790.5
2061,91,42714.5
2061,92,35901.0
2061,93,29398.0
2061,94,23365.5
2061,95,18035.5
2061,96,13532.5
2061,97,9862.5
2061,98,6976.0
2061,99,4777.5
2062,0,659225.5
2062,1,668838.5
2062,2,676518.5
2062,3,682625.0
2062,4,686552.5
2062,5,689152.5
2062,6,690156.5
2062,7,689597.0
2062,8,687888.5
2062,9,684346.0
2062,10,679200.0
2062,11,671518.5
2062,12,661596.0
2062,13,649833.0
2062,14,635648.0
2062,15,621148.5
2062,16,613260.5
2062,17,612868.0
2062,18,619937.5
2062,19,635152.5
2062,20,659096.5
2062,21,693532.5
2062,22,738385.5
2062,23,793901.5
2062,24,860251.5
2062,25,933087.5
2062,26,996096.0
2062,27,1044648.5
2062,28,1079046.5
2062,29,1099816.5
2062,30,1108891.5
2062,31,1112092.5
2062,32,1110572.0
2062,33,1104644.0
2062,34,1093861.5
2062,35,1078359.5
2062,36,1059135.0
2062,37,1035581.0
2062,38,1003291.0
2062,39,942796.5
2062,40,885997.5
2062,41,860001.5
2062,42,837294.5
2062,43,812459.5
2062,44,786096.0
2062,45,758814.5
2062,46,732944.0
2062,47,709033.5
2062,48,687154.5
2062,49,667749.0
2062,50,650771.0
2062,51,634063.0
2062,52,617492.0
2062,53,600718.0
2062,54,580614.5
2062,55,555163.0
2062,56,527046.5
2062,57,498507.5
2062,58,469867.5
2062,59,440153.5
2062,60,408724.5
2062,61,376133.5
2062,62,343662.5
2062,63,313620.0
2062,64,293358.5
2062,65,287440.0
2062,66,291065.0
2062,67,298092.5
2062,68,305449.5
2062,69,310195.5
2062,70,310718.5
2062,71,308125.5
2062,72,303747.5
2062,73,297871.0
2062,74,290186.0
2062,75,280355.5
2062,76,268611.5
2062,77,255587.5
2062,78,241586.5
2062,79,226067.0
2062,80,208848.0
2062,81,190892.5
2062,82,173280.5
2062,83,156342.0
2062,84,139532.0
2062,85,118926.5
2062,86,102584.0
2062,87,87672.0
2062,88,74485.5
2062,89,63028.0
2062,90,52657.0
2062,91,44198.5
2062,92,37369.0
2062,93,30914.5
2062,94,24883.5
2062,95,19397.5
2062,96,14636.0
2062,97,10701.0
2062,98,7580.0
2062,99,5196.5
2063,0,662281.5
2063,1,672069.5
2063,2,680202.5
2063,3,686266.0
2063,4,690703.5
2063,5,692969.5
2063,6,694008.5
2063,7,693468.5
2063,8,691354.0
2063,9,688074.5
2063,10,682805.0
2063,11,675359.0
2063,12,665218.0
2063,13,652817.5
2063,14,638559.0
2063,15,623583.0
2063,16,615179.0
2063,17,615144.5
2063,18,622649.5
2063,19,637659.5
2063,20,661323.5
2063,21,695605.0
2063,22,740910.5
2063,23,796707.5
2063,24,863241.0
2063,25,936582.0
2063,26,1000055.0
2063,27,1049546.0
2063,28,1084500.5
2063,29,1105220.5
2063,30,1113785.0
2063,31,1116804.5
2063,32,1115463.0
2063,33,1109364.5
2063,34,1098821.5
2063,35,1083601.5
2063,36,1064475.0
2063,37,1041811.0
2063,38,1014790.0
2063,39,979007.5
2063,40,915564.0
2063,41,858021.0
2063,42,831825.0
2063,43,808919.0
2063,44,783888.0
2063,45,757932.5
2063,46,733471.0
2063,47,711036.0
2063,48,690577.5
2063,49,672167.5
2063,50,655550.0
2063,51,638589.0
2063,52,621202.0
2063,53,603947.5
2063,54,586483.0
2063,55,565939.5
2063,56,541058.5
2063,57,513770.99999999994
2063,58,486070.0
2063,59,458276.5
2063,60,429332.0
2063,61,398311.0
2063,62,366049.0
2063,63,333922.5
2063,64,304228.5
2063,65,284401.5
2063,66,279317.5
2063,67,283822.0
2063,68,291682.5
2063,69,299833.5
2063,70,305198.0
2063,71,305687.0
2063,72,302882.5
2063,73,298272.0
2063,74,292145.5
2063,75,284209.0
2063,76,274152.0
2063,77,262184.5
2063,78,248945.5
2063,79,234740.5
2063,80,219057.5
2063,81,201718.5
2063,82,183690.0
2063,83,166051.5
2063,84,149133.0
2063,85,128575.0
2063,86,111561.0
2063,87,95399.5
2063,88,80749.0
2063,89,67872.5
2063,90,56755.0
2063,91,46802.5
2063,92,38723.0
2063,93,32228.499999999996
2063,94,26209.0
2063,95,20692.0
2063,96,15768.5
2063,97,11594.0
2063,98,8238.5
2063,99,5656.0
2064,0,665721.5
2064,1,675227.5
2064,2,683521.5
2064,3,690024.5
2064,4,694407.0
2064,5,697170.5
2064,6,697863.0
2064,7,697345.0
2064,8,695237.0
2064,9,691538.0
2064,10,686519.0
2064,11,678936.0
2064,12,669018.5
2064,13,656387.0
2064,14,641479.0
2064,15,626425.5
2064,16,617574.0
2064,17,617060.5
2064,18,624959.0
2064,19,640442.5
2064,20,663943.0
2064,21,698004.0
2064,22,743219.0
2064,23,799532.5
2064,24,866412.5
2064,25,939980.0
2064,26,1003912.5
2064,27,1053800.5
2064,28,1089626.0
2064,29,1110833.5
2064,30,1119285.5
2064,31,1121760.0
2064,32,1120208.5
2064,33,1114259.0
2064,34,1103517.5
2064,35,1088508.0
2064,36,1069641.0
2064,37,1047052.0
2064,38,1020898.0
2064,39,990359.5
2064,40,951598.5
2064,41,887413.5
2064,42,829690.0
2064,43,803301.5
2064,44,780204.5
2064,45,755588.5
2064,46,732467.0
2064,47,711457.0
2064,48,692490.5
2064,49,675516.0
2064,50,659908.0
2064,51,643309.0
2064,52,625668.5
2064,53,607599.0
2064,54,589653.5
2064,55,571744.5
2064,56,551765.0
2064,57,527710.0
2064,58,501261.5
2064,59,474407.5
2064,60,447378.5
2064,61,418829.5
2064,62,388125.0
2064,63,356197.5
2064,64,324420.5
2064,65,295202.5
2064,66,276292.0
2064,67,272157.0
2064,68,277534.0
2064,69,286211.0
2064,70,294976.5
2064,71,300277.5
2064,72,300534.0
2064,73,297487.5
2064,74,292618.0
2064,75,286220.0
2064,76,278025.5
2064,77,267707.0
2064,78,255490.5
2064,79,242012.0
2064,80,227583.0
2064,81,211698.0
2064,82,194220.0
2064,83,176130.5
2064,84,158488.5
2064,85,137740.5
2064,86,120714.5
2064,87,103843.0
2064,88,87952.0
2064,89,73656.5
2064,90,61186.5
2064,91,50506.5
2064,92,41062.5
2064,93,33449.0
2064,94,27368.0
2064,95,21832.0
2064,96,16851.5
2064,97,12513.5
2064,98,8942.0
2064,99,6159.0
2065,0,669347.0
2065,1,678770.0
2065,2,686767.0
2065,3,693417.0
2065,4,698226.0
2065,5,700922.0
2065,6,702099.0
2065,7,701222.0
2065,8,699122.0
2065,9,695416.5
2065,10,689964.5
2065,11,682619.0
2065,12,672553.0
2065,13,660133.5
2065,14,644982.0
2065,15,629275.5
2065,16,620375.0
2065,17,619450.5
2065,18,626907.0
2065,19,642822.0
2065,20,666836.0
2065,21,700793.0
2065,22,745851.0
2065,23,802138.5
2065,24,869599.5
2065,25,943555.0
2065,26,1007668.0
2065,27,1057947.5
2065,28,1094100.5
2065,29,1116109.0
2065,30,1124987.0
2065,31,1127314.0
2065,32,1125187.5
2065,33,1118999.5
2065,34,1108378.0
2065,35,1093141.0
2065,36,1074461.5
2065,37,1052109.5
2065,38,1026008.5
2065,39,996314.5
2065,40,962777.5
2065,41,923263.0
2065,42,858904.5
2065,43,801010.5
2065,44,774439.0
2065,45,751763.5
2065,46,729996.0
2065,47,710343.0
2065,48,692818.0
2065,49,677351.5
2065,50,663193.0
2065,51,647604.5
2065,52,630325.5
2065,53,612002.5
2065,54,593242.5
2065,55,574853.5
2065,56,557509.0
2065,57,538350.5
2065,58,515131.0
2065,59,489529.5
2065,60,463438.5
2065,61,436796.5
2065,62,408549.5
2065,63,378166.5
2065,64,346578.5
2065,65,315277.5
2065,66,287023.5
2065,67,269153.0
2065,68,265965.0
2065,69,272202.5
2065,70,281517.0
2065,71,290209.5
2065,72,295244.5
2065,73,295236.5
2065,74,291919.5
2065,75,286767.0
2065,76,280090.0
2065,77,271598.5
2065,78,260988.0
2065,79,248494.5
2065,80,234752.5
2065,81,220056.5
2065,82,203943.0
2065,83,186332.0
2065,84,168203.5
2065,85,146685.5
2065,86,129429.5
2065,87,112466.5
2065,88,95830.0
2065,89,80310.0
2065,90,66474.0
2065,91,54515.0
2065,92,44369.0
2065,93,35521.5
2065,94,28450.5
2065,95,22837.5
2065,96,17811.5
2065,97,13396.5
2065,98,9668.5
2065,99,6697.0
2066,0,672629.0
2066,1,682500.5
2066,2,690399.0
2066,3,696739.5
2066,4,701683.5
2066,5,704794.0
2066,6,705890.0
2066,7,705485.5
2066,8,703012.0
2066,9,699301.5
2066,10,693829.0
2066,11,686038.5
2066,12,676197.5
2066,13,663617.5
2066,14,648665.0
2066,15,632711.0
2066,16,623186.0
2066,17,622248.5
2066,18,629332.5
2066,19,644842.0
2066,20,669329.5
2066,21,703860.5
2066,22,748879.5
2066,23,805076.5
2066,24,872578.0
2066,25,947159.0
2066,26,1011616.5
2066,27,1062009.0
2066,28,1098485.5
2066,29,1120753.5
2066,30,1130371.0
2066,31,1133087.5
2066,32,1130784.5
2066,33,1123993.0
2066,34,1113103.0
2066,35,1097957.5
2066,36,1079026.5
2066,37,1056839.5
2066,38,1030951.5
2066,39,1001287.5
2066,40,968575.0
2066,41,934281.5
2066,42,894585.5
2066,43,830063.5
2066,44,772007.5
2066,45,745867.0
2066,46,726053.5
2066,47,707771.0
2066,48,691619.0
2066,49,677610.5
2066,50,664972.5
2066,51,650833.5
2066,52,634563.5
2066,53,616599.5
2066,54,597586.0
2066,55,578384.5
2066,56,560566.5
2066,57,544043.5
2066,58,525713.5
2066,59,503337.5
2066,60,478496.5
2066,61,452787.0
2066,62,426435.5
2066,63,398495.0
2066,64,368436.0
2066,65,337312.5
2066,66,306978.5
2066,67,279817.0
2066,68,262991.0
2066,69,260745.0
2066,70,267665.0
2066,71,276927.5
2066,72,285343.0
2066,73,290076.5
2066,74,289771.0
2066,75,286159.5
2066,76,280714.5
2066,77,273716.0
2066,78,264892.0
2066,79,253958.5
2066,80,241159.5
2066,81,227106.5
2066,82,212109.5
2066,83,195767.0
2066,84,178042.5
2066,85,155977.0
2066,86,137948.5
2066,87,120695.5
2066,88,103888.0
2066,89,87593.0
2066,90,72558.0
2066,91,59294.5
2066,92,47949.5
2066,93,38433.0
2066,94,30260.5
2066,95,23781.5
2066,96,18665.0
2066,97,14186.5
2066,98,10370.0
2066,99,7254.5
2067,0,675514.5
2067,1,685888.0
2067,2,694221.0
2067,3,700450.5
2067,4,705073.0
2067,5,708305.5
2067,6,709803.0
2067,7,709304.0
2067,8,707289.0
2067,9,703192.0
2067,10,697700.5
2067,11,689877.0
2067,12,679579.0
2067,13,667211.0
2067,14,652085.5
2067,15,636326.0
2067,16,626581.5
2067,17,625057.0
2067,18,632165.5
2067,19,647339.0
2067,20,671465.0
2067,21,706530.0
2067,22,752189.0
2067,23,808414.0
2067,24,875892.0
2067,25,950559.5
2067,26,1015597.5
2067,27,1066266.5
2067,28,1102788.5
2067,29,1125312.0
2067,30,1135125.5
2067,31,1138546.0
2067,32,1136603.0
2067,33,1129605.0
2067,34,1118082.0
2067,35,1102640.0
2067,36,1083776.0
2067,37,1061314.5
2067,38,1035567.0
2067,39,1006092.5
2067,40,973390.5
2067,41,939921.5
2067,42,905448.0
2067,43,865579.0
2067,44,800901.5
2067,45,743301.5
2067,46,720041.0
2067,47,703728.5
2067,48,688962.5
2067,49,676344.0
2067,50,665176.5
2067,51,652559.0
2067,52,637736.0
2067,53,620778.0
2067,54,602123.0
2067,55,582669.0
2067,56,564044.5
2067,57,547056.5
2067,58,531362.0
2067,59,513868.00000000006
2067,60,492245.5
2067,61,467779.5
2067,62,442354.0
2067,63,416296.5
2067,64,388662.0
2067,65,359052.5
2067,66,328887.5
2067,67,299649.5
2067,68,273588.5
2067,69,257810.5
2067,70,256333.50000000003
2067,71,263248.0
2067,72,272256.0
2067,73,280357.5
2067,74,284752.0
2067,75,284122.5
2067,76,280203.5
2067,77,274422.0
2067,78,267063.5
2067,79,257872.5
2067,80,246581.5
2067,81,233424.5
2067,82,219022.5
2067,83,203719.5
2067,84,187161.0
2067,85,165395.5
2067,86,146803.0
2067,87,128754.0
2067,88,111597.0
2067,89,95056.0
2067,90,79225.0
2067,91,64796.00000000001
2067,92,52217.0
2067,93,41590.0
2067,94,32787.0
2067,95,25334.0
2067,96,19470.5
2067,97,14893.5
2067,98,11001.5
2067,99,7795.0
2068,0,678509.0
2068,1,688879.0
2068,2,697699.5
2068,3,704349.5
2068,4,708847.5
2068,5,711745.5
2068,6,713352.5
2068,7,713240.5
2068,8,711118.5
2068,9,707465.5
2068,10,701574.5
2068,11,693719.5
2068,12,683376.0
2068,13,670538.0
2068,14,655612.5
2068,15,639675.5
2068,16,630154.5
2068,17,628449.0
2068,18,635006.5
2068,19,650243.0
2068,20,674075.0
2068,21,708839.0
2068,22,755097.5
2068,23,812028.5
2068,24,879601.0
2068,25,954289.0
2068,26,1019366.5
2068,27,1070547.5
2068,28,1107277.0
2068,29,1129776.0
2068,30,1139781.5
2068,31,1143362.5
2068,32,1142093.0
2068,33,1135425.5
2068,34,1123666.5
2068,35,1107562.0
2068,36,1088377.5
2068,37,1065959.5
2068,38,1039915.0
2068,39,1010558.0
2068,40,978027.0
2068,41,944569.0
2068,42,910924.5
2068,43,876280.0
2068,44,836245.5
2068,45,772034.0
2068,46,717350.5
2068,47,697610.5
2068,48,684831.0
2068,49,673615.5
2068,50,663851.5
2068,51,652706.5
2068,52,639402.5
2068,53,623889.5
2068,54,606238.5
2068,55,587143.0
2068,56,568271.0
2068,57,550485.5
2068,58,534334.5
2068,59,519475.5
2068,60,502726.5
2068,61,481467.0
2068,62,457278.5
2068,63,432138.5
2068,64,406373.5
2068,65,379171.5
2068,66,350506.5
2068,67,321428.0
2068,68,293293.5
2068,69,268342.0
2068,70,253447.0
2068,71,252057.5
2068,72,258766.00000000003
2068,73,267484.0
2068,74,275231.5
2068,75,279256.5
2068,76,278287.5
2068,77,274016.0
2068,78,267857.5
2068,79,260100.5
2068,80,250503.0
2068,81,238797.5
2068,82,225241.0
2068,83,210481.0
2068,84,194877.5
2068,85,174146.0
2068,86,155790.5
2068,87,137139.0
2068,88,119166.5
2068,89,102221.0
2068,90,86074.0
2068,91,70835.0
2068,92,57135.0
2068,93,45352.5
2068,94,35531.0
2068,95,27491.5
2068,96,20777.0
2068,97,15564.5
2068,98,11571.5
2068,99,8284.5
2069,0,680816.5
2069,1,691979.5
2069,2,700780.5
2069,3,707904.5
2069,4,712810.0
2069,5,715571.5
2069,6,716830.5
2069,7,716814.0
2069,8,715066.0
2069,9,711291.5
2069,10,705832.0
2069,11,697563.5
2069,12,687176.0
2069,13,674280.5
2069,14,658872.5
2069,15,643131.0
2069,16,633462.5
2069,17,632016.5
2069,18,638430.5
2069,19,653155.0
2069,20,677091.5
2069,21,711623.0
2069,22,757645.5
2069,23,815242.5
2069,24,883587.0
2069,25,958413.5
2069,26,1023465.5
2069,27,1074617.0
2069,28,1111789.0
2069,29,1134425.5
2069,30,1144343.5
2069,31,1148079.0
2069,32,1146941.5
2069,33,1140917.0
2069,34,1129458.5
2069,35,1113088.5
2069,36,1093218.0
2069,37,1070455.5
2069,38,1044432.5
2069,39,1014755.0
2069,40,982323.0
2069,41,949036.0
2069,42,915407.5
2069,43,881597.0
2069,44,846789.5
2069,45,807212.5
2069,46,745934.5
2069,47,694810.5
2069,48,678625.5
2069,49,669413.0
2069,50,661066.0
2069,51,651326.0
2069,52,639492.0
2069,53,625496.0
2069,54,609288.0
2069,55,591195.0
2069,56,572686.5
2069,57,554660.5
2069,58,537721.0
2069,59,522414.0
2069,60,508299.0
2069,61,491899.0
2069,62,470904.0
2069,63,446992.5
2069,64,422136.5
2069,65,396790.5
2069,66,370516.5
2069,67,342922.5
2069,68,314936.0
2069,69,287915.0
2069,70,263912.5
2069,71,249226.0
2069,72,247730.0
2069,73,254202.0
2069,74,262591.0
2069,75,269952.5
2069,76,273587.5
2069,77,272231.0
2069,78,267563.5
2069,79,260986.0
2069,80,252788.5
2069,81,242722.0
2069,82,230554.0
2069,83,216583.0
2069,84,201467.5
2069,85,181577.5
2069,86,164161.0
2069,87,145660.5
2069,88,127050.0
2069,89,109273.0
2069,90,92670.5
2069,91,77053.5
2069,92,62541.0
2069,93,49691.0
2069,94,38801.0
2069,95,29838.0
2069,96,22583.0
2069,97,16638.5
2069,98,12115.5
2069,99,8730.0
2070,0,682870.0
2070,1,694392.0
2070,2,703971.0
2070,3,711062.0
2070,4,716428.0
2070,5,719584.5
2070,6,720693.5
2070,7,720315.5
2070,8,718649.0
2070,9,715235.0
2070,10,709639.5
2070,11,701789.5
2070,12,690977.0
2070,13,678025.0
2070,14,662547.0
2070,15,646319.0
2070,16,636875.0
2070,17,635318.0
2070,18,642030.0
2070,19,656647.5
2070,20,680114.5
2070,21,714811.0
2070,22,760667.0
2070,23,818094.5
2070,24,887171.0
2070,25,962813.5
2070,26,1027957.0
2070,27,1079013.5
2070,28,1116085.5
2070,29,1139094.0
2070,30,1149085.5
2070,31,1152696.5
2070,32,1151684.5
2070,33,1145761.5
2070,34,1134916.0
2070,35,1118817.5
2070,36,1098657.0
2070,37,1075186.0
2070,38,1048795.5
2070,39,1019116.0
2070,40,986345.5
2070,41,953157.5
2070,42,919705.5
2070,43,885916.5
2070,44,851948.5
2070,45,817602.5
2070,46,780957.0
2070,47,723259.0
2070,48,675731.0
2070,49,663134.5
2070,50,656805.0
2070,51,648483.5
2070,52,638053.0
2070,53,625525.5
2070,54,610832.0
2070,55,594179.5
2070,56,576679.0
2070,57,559022.5
2070,58,541850.5
2070,59,525764.5
2070,60,511209.0
2070,61,497438.0
2070,62,481285.5
2070,63,460553.0
2070,64,436917.0
2070,65,412471.0
2070,66,388040.5
2070,67,362820.5
2070,68,336301.5
2070,69,309416.5
2070,70,283347.0
2070,71,259619.50000000003
2070,72,244958.5
2070,73,243334.0
2070,74,249534.5
2070,75,257564.00000000003
2070,76,264517.0
2070,77,267708.5
2070,78,265915.0
2070,79,260806.50000000003
2070,80,253765.5
2070,81,245060.0
2070,82,234469.5
2070,83,221819.0
2070,84,207432.5
2070,85,187944.0
2070,86,171296.0
2070,87,153613.5
2070,88,135066.5
2070,89,116619.0
2070,90,99174.5
2070,91,83058.5
2070,92,68117.5
2070,93,54465.0
2070,94,42571.5
2070,95,32631.0
2070,96,24548.5
2070,97,18113.0
2070,98,12974.5
2070,99,9157.5
2071,0,685090.0
2071,1,696553.5
2071,2,706477.5
2071,3,714332.0
2071,4,719652.5
2071,5,723256.0
2071,6,724746.5
2071,7,724205.0
2071,8,722163.0
2071,9,718816.5
2071,10,713566.5
2071,11,705569.5
2071,12,695162.0
2071,13,681772.0
2071,14,666225.0
2071,15,649923.0
2071,16,640021.0
2071,17,638726.5
2071,18,645365.0
2071,19,660318.0
2071,20,683721.0
2071,21,718009.5
2071,22,764099.0
2071,23,821427.0
2071,24,890402.0
2071,25,966822.0
2071,26,1032735.5
2071,27,1083815.0
2071,28,1120722.0
2071,29,1143561.0
2071,30,1153861.5
2071,31,1157509.5
2071,32,1156342.5
2071,33,1150515.5
2071,34,1139739.5
2071,35,1124225.0
2071,36,1104311.0
2071,37,1080527.5
2071,38,1053404.0
2071,39,1023334.0
2071,40,990541.5
2071,41,957015.0
2071,42,923667.0
2071,43,890059.0
2071,44,856118.0
2071,45,822618.0
2071,46,791215.5
2071,47,758147.5
2071,48,704065.5
2071,49,660169.5
2071,50,650474.5
2071,51,644171.0
2071,52,635158.0
2071,53,624031.5
2071,54,610803.5
2071,55,595664.5
2071,56,579609.0
2071,57,562965.0
2071,58,546169.0
2071,59,529858.0
2071,60,514532.5
2071,61,500324.0
2071,62,486793.0
2071,63,470884.5
2071,64,450412.5
2071,65,427176.0
2071,66,403639.0
2071,67,380250.0
2071,68,356085.0
2071,69,330648.5
2071,70,304700.5
2071,71,278904.0
2071,72,255274.0
2071,73,240628.5
2071,74,238849.5
2071,75,244753.5
2071,76,252403.0
2071,77,258890.49999999997
2071,78,261583.50000000003
2071,79,259303.5
2071,80,253706.0
2071,81,246130.5
2071,82,236857.5
2071,83,225718.5
2071,84,212577.5
2071,85,193728.0
2071,86,177439.0
2071,87,160424.0
2071,88,142571.5
2071,89,124101.0
2071,90,105959.0
2071,91,88997.5
2071,92,73524.0
2071,93,59404.5
2071,94,46729.5
2071,95,35857.5
2071,96,26889.5
2071,97,19722.0
2071,98,14149.5
2071,99,9825.0
2072,0,687700.0
2072,1,698883.0
2072,2,708733.0
2072,3,716919.0
2072,4,722991.0
2072,5,726535.5
2072,6,728459.5
2072,7,728285.5
2072,8,726065.5
2072,9,722329.0
2072,10,717133.5
2072,11,709469.0
2072,12,698901.0
2072,13,685903.5
2072,14,669905.5
2072,15,653530.5
2072,16,643583.0
2072,17,641868.0
2072,18,648807.0
2072,19,663725.0
2072,20,687506.5
2072,21,721793.5
2072,22,767543.5
2072,23,825172.5
2072,24,894117.0
2072,25,970482.0
2072,26,1037128.0
2072,27,1088907.5
2072,28,1125768.5
2072,29,1148372.0
2072,30,1158439.5
2072,31,1162359.5
2072,32,1161199.5
2072,33,1155187.0
2072,34,1144475.0
2072,35,1129002.0
2072,36,1109646.0
2072,37,1086085.0
2072,38,1058624.5
2072,39,1027798.0
2072,40,994594.5
2072,41,961046.5
2072,42,927364.5
2072,43,893866.0
2072,44,860111.5
2072,45,826645.0
2072,46,796102.5
2072,47,768290.5
2072,48,738836.0
2072,49,688406.5
2072,50,647453.5
2072,51,637791.5
2072,52,630794.5
2072,53,621083.5
2072,54,609255.0
2072,55,595581.0
2072,56,581042.0
2072,57,565847.0
2072,58,550068.0
2072,59,534139.5
2072,60,518596.5
2072,61,503622.5
2072,62,489658.0
2072,63,476362.0
2072,64,460693.0
2072,65,440604.0
2072,66,418269.5
2072,67,395766.5
2072,68,373418.0
2072,69,350313.5
2072,70,325791.5
2072,71,300096.5
2072,72,274394.0
2072,73,250859.0
2072,74,236216.5
2072,75,234269.0
2072,76,239860.5
2072,77,247075.0
2072,78,253039.5
2072,79,255176.5
2072,80,252355.5
2072,81,246195.5
2072,82,238022.5
2072,83,228151.5
2072,84,216449.5
2072,85,198740.0
2072,86,183040.0
2072,87,166316.0
2072,88,149028.0
2072,89,131126.0
2072,90,112879.0
2072,91,95199.0
2072,92,78884.5
2072,93,64209.50000000001
2072,94,51042.5
2072,95,39421.0
2072,96,29596.0
2072,97,21639.0
2072,98,15433.0
2072,99,10734.0
2073,0,690435.0
2073,1,701600.5
2073,2,711155.0
2073,3,719254.0
2073,4,725643.5
2073,5,729925.5
2073,6,731777.5
2073,7,732023.0
2073,8,730156.5
2073,9,726228.0
2073,10,720628.5
2073,11,713004.5
2073,12,702757.0
2073,13,689587.0
2073,14,673967.5
2073,15,657137.5
2073,16,647146.0
2073,17,645423.5
2073,18,651980.5
2073,19,667236.5
2073,20,691026.0
2073,21,725753.0
2073,22,771569.0
2073,23,828925.5
2073,24,898239.0
2073,25,974619.0
2073,26,1041163.0
2073,27,1093604.0
2073,28,1131095.0
2073,29,1153580.5
2073,30,1163348.0
2073,31,1166998.0
2073,32,1166079.0
2073,33,1160042.5
2073,34,1149115.5
2073,35,1133676.5
2073,36,1114336.5
2073,37,1091310.0
2073,38,1064048.5
2073,39,1032860.5
2073,40,998882.0
2073,41,964924.0
2073,42,931226.0
2073,43,897399.5
2073,44,863760.0
2073,45,830488.0
2073,46,799994.0
2073,47,773059.5
2073,48,748874.5
2073,49,723067.5
2073,50,675599.0
2073,51,634713.0
2073,52,624360.5
2073,53,616664.5
2073,54,606250.0
2073,55,593975.0
2073,56,580904.5
2073,57,567231.5
2073,58,552905.5
2073,59,538000.0
2073,60,522844.50000000006
2073,61,507657.0
2073,62,492931.0
2073,63,479204.5
2073,64,466139.0
2073,65,450832.5
2073,66,431630.5
2073,67,410322.0
2073,68,388852.0
2073,69,367547.5
2073,70,345331.5
2073,71,321035.0
2073,72,295409.5
2073,73,269798.5
2073,74,246355.0
2073,75,231715.0
2073,76,229595.0
2073,77,234825.0
2073,78,241548.5
2073,79,246927.5
2073,80,248446.0
2073,81,245005.5
2073,82,238214.5
2073,83,229409.5
2073,84,218921.5
2073,85,202545.0
2073,86,187918.0
2073,87,171708.5
2073,88,154639.5
2073,89,137196.5
2073,90,119392.5
2073,91,101530.5
2073,92,84485.5
2073,93,68983.5
2073,94,55250.5
2073,95,43124.0
2073,96,32588.0
2073,97,23854.5
2073,98,16960.0
2073,99,11727.0
2074,0,693121.5
2074,1,704443.0
2074,2,713965.5
2074,3,721754.5
2074,4,728043.5
2074,5,732629.5
2074,6,735205.0
2074,7,735364.5
2074,8,733903.5
2074,9,730314.0
2074,10,724508.0
2074,11,716468.0
2074,12,706247.5
2074,13,693386.0
2074,14,677580.5
2074,15,661125.5
2074,16,650708.5
2074,17,648980.0
2074,18,655567.0
2074,19,670479.0
2074,20,694648.5
2074,21,729446.0
2074,22,775769.0
2074,23,833259.0
2074,24,902368.0
2074,25,979161.5
2074,26,1045672.5
2074,27,1097940.5
2074,28,1136021.5
2074,29,1159065.5
2074,30,1168650.5
2074,31,1171964.0
2074,32,1170744.0
2074,33,1164918.0
2074,34,1153936.0
2074,35,1138251.5
2074,36,1118921.0
2074,37,1095887.0
2074,38,1069136.5
2074,39,1038123.0
2074,40,1003764.5
2074,41,969032.5
2074,42,934931.0
2074,43,901094.0
2074,44,867132.5
2074,45,833984.0
2074,46,803700.0
2074,47,776832.0
2074,48,753541.0
2074,49,733017.0
2074,50,710162.0
2074,51,662766.0
2074,52,621222.5
2074,53,610176.0
2074,54,601773.5
2074,55,590913.5
2074,56,579246.0
2074,57,567047.5
2074,58,554248.0
2074,59,540800.5
2074,60,526672.0
2074,61,511875.0
2074,62,496936.5
2074,63,482454.0
2074,64,468962.0
2074,65,456249.5
2074,66,441810.5
2074,67,423618.0
2074,68,403333.5
2074,69,382898.0
2074,70,362463.5
2074,71,340441.0
2074,72,316181.0
2074,73,290621.0
2074,74,265098.5
2074,75,241753.0
2074,76,227128.0
2074,77,224800.5
2074,78,229618.5
2074,79,235789.0
2074,80,240516.0
2074,81,241328.0
2074,82,237192.5
2074,83,229732.5
2074,84,220271.0
2074,85,205023.0
2074,86,191663.0
2074,87,176432.0
2074,88,159797.0
2074,89,142500.5
2074,90,125049.0
2074,91,107508.0
2074,92,90211.5
2074,93,73977.0
2074,94,59442.5
2074,95,46749.5
2074,96,35703.5
2074,97,26306.5
2074,98,18725.0
2074,99,12907.0
2075,0,696103.0
2075,1,707239.0
2075,2,716902.0
2075,3,724645.5
2075,4,730611.5
2075,5,735084.0
2075,6,737949.0
2075,7,738818.5
2075,8,737256.0
2075,9,734058.0
2075,10,728577.0
2075,11,720317.0
2075,12,709667.5
2075,13,696820.0
2075,14,681311.0
2075,15,664665.5
2075,16,654653.0
2075,17,652536.5
2075,18,659155.5
2075,19,674135.5
2075,20,698004.0
2075,21,733245.0
2075,22,779705.5
2075,23,837772.0
2075,24,907083.5
2075,25,983718.5
2075,26,1050596.0
2075,27,1102760.5
2075,28,1140598.0
2075,29,1164160.5
2075,30,1174239.5
2075,31,1177333.0
2075,32,1175745.5
2075,33,1169588.0
2075,34,1158784.5
2075,35,1143015.5
2075,36,1123414.5
2075,37,1100366.0
2075,38,1073583.5
2075,39,1043056.0
2075,40,1008852.5
2075,41,973741.5
2075,42,938871.5
2075,43,904637.0
2075,44,870670.5
2075,45,837208.0
2075,46,807063.0
2075,47,780422.0
2075,48,757215.0
2075,49,737602.5
2075,50,720040.0
2075,51,697233.0
2075,52,649184.0
2075,53,606980.5
2075,54,595232.5
2075,55,586384.0
2075,56,576135.5
2075,57,565346.0
2075,58,554026.5
2075,59,542110.5
2075,60,529443.0
2075,61,515673.5
2075,62,501126.0
2075,63,486434.5
2075,64,472190.0
2075,65,459055.0
2075,66,447203.0
2075,67,433752.0
2075,68,416565.5
2075,69,397305.0
2075,70,377729.0
2075,71,357460.5
2075,72,335439.0
2075,73,311208.5
2075,74,285709.0
2075,75,260280.50000000003
2075,76,237055.5
2075,77,222428.5
2075,78,219855.0
2075,79,224205.0
2075,80,229756.5
2075,81,233738.0
2075,82,233759.5
2075,83,228883.0
2075,84,220723.5
2075,85,206432.5
2075,86,194156.0
2075,87,180097.0
2075,88,164340.5
2075,89,147396.5
2075,90,130018.5
2075,91,112726.5
2075,92,95636.0
2075,93,79091.5
2075,94,63834.0
2075,95,50372.5
2075,96,38766.5
2075,97,28869.0
2075,98,20684.5
2075,99,14274.0
2076,0,699176.0
2076,1,710331.5
2076,2,719794.5
2076,3,727665.0
2076,4,733571.0
2076,5,737707.5
2076,6,740444.5
2076,7,741590.0
2076,8,740722.5
2076,9,737409.0
2076,10,732304.5
2076,11,724355.5
2076,12,713474.5
2076,13,700184.0
2076,14,684677.5
2076,15,668322.0
2076,16,658148.5
2076,17,656475.0
2076,18,662744.0
2076,19,677794.0
2076,20,701775.0
2076,21,736778.5
2076,22,783751.5
2076,23,842024.5
2076,24,911982.0
2076,25,988866.5
2076,26,1055539.0
2076,27,1108000.5
2076,28,1145663.5
2076,29,1168911.5
2076,30,1179444.0
2076,31,1182993.5
2076,32,1181155.5
2076,33,1174599.0
2076,34,1163433.0
2076,35,1147811.5
2076,36,1128101.0
2076,37,1104758.0
2076,38,1077936.0
2076,39,1047351.5
2076,40,1013614.5
2076,41,978658.5
2076,42,943414.5
2076,43,908418.0
2076,44,874059.5
2076,45,840599.5
2076,46,810156.0
2076,47,783671.0
2076,48,760709.0
2076,49,741197.5
2076,50,724560.5
2076,51,707043.0
2076,52,683553.5
2076,53,634847.5
2076,54,591980.5
2076,55,579792.5
2076,56,571560.0
2076,57,562195.5
2076,58,552291.0
2076,59,541859.5
2076,60,530727.5
2076,61,518418.0
2076,62,504896.5
2076,63,490596.0
2076,64,476144.5
2076,65,462263.0
2076,66,449996.5
2076,67,439126.0
2076,68,426657.5
2076,69,410473.5
2076,70,392060.0
2076,71,372632.0
2076,72,352336.5
2076,73,330304.0
2076,74,306095.5
2076,75,280658.5
2076,76,255347.0
2076,77,232233.0
2076,78,217585.5
2076,79,214726.0
2076,80,218547.5
2076,81,223388.0
2076,82,226534.5
2076,83,225707.5
2076,84,220052.0
2076,85,206988.0
2076,86,195641.0
2076,87,182591.5
2076,88,167906.5
2076,89,151735.0
2076,90,134625.5
2076,91,117337.0
2076,92,100397.5
2076,93,83953.5
2076,94,68339.5
2076,95,54173.5
2076,96,41838.0
2076,97,31399.0
2076,98,22738.5
2076,99,15794.5
2077,0,702392.0
2077,1,713514.5
2077,2,722982.5
2077,3,730638.0
2077,4,736657.5
2077,5,740720.0
2077,6,743107.0
2077,7,744110.0
2077,8,743504.0
2077,9,740870.5
2077,10,735636.0
2077,11,728051.0
2077,12,717468.0
2077,13,703933.0
2077,14,687970.5
2077,15,671613.0
2077,16,661759.0
2077,17,659963.5
2077,18,666712.5
2077,19,681451.5
2077,20,705545.5
2077,21,740724.5
2077,22,787529.0
2077,23,846382.5
2077,24,916616.0
2077,25,994191.5
2077,26,1061066.0
2077,27,1113251.0
2077,28,1151138.0
2077,29,1174140.0
2077,30,1184292.5
2077,31,1188257.5
2077,32,1186845.0
2077,33,1180006.0
2077,34,1168410.0
2077,35,1152395.5
2077,36,1132808.0
2077,37,1109330.5
2077,38,1082189.5
2077,39,1051542.5
2077,40,1017728.5
2077,41,983239.0
2077,42,948156.5
2077,43,912792.0
2077,44,877678.0
2077,45,843834.5
2077,46,813409.5
2077,47,786644.5
2077,48,763856.5
2077,49,744608.0
2077,50,728087.0
2077,51,711496.5
2077,52,693290.0
2077,53,669112.0
2077,54,619747.0
2077,55,576482.0
2077,56,564923.0
2077,57,557580.0
2077,58,549106.5
2077,59,540096.0
2077,60,530453.5
2077,61,519678.0
2077,62,507614.5
2077,63,494339.0
2077,64,480279.5
2077,65,466195.0
2077,66,453191.5
2077,67,441916.5
2077,68,432020.5
2077,69,420526.5
2077,70,405166.0
2077,71,386883.0
2077,72,367408.0
2077,73,347069.5
2077,74,325015.0
2077,75,300826.5
2077,76,275473.0
2077,77,250267.5
2077,78,227259.0
2077,79,212571.0
2077,80,209380.0
2077,81,212588.5
2077,82,216630.5
2077,83,218876.0
2077,84,217152.0
2077,85,206476.0
2077,86,196323.5
2077,87,184147.5
2077,88,170392.0
2077,89,155183.5
2077,90,138738.0
2077,91,121636.0
2077,92,104632.0
2077,93,88247.5
2077,94,72640.0
2077,95,58083.0
2077,96,45066.5
2077,97,33945.0
2077,98,24774.5
2077,99,17393.0
2078,0,705643.0
2078,1,716841.5
2078,2,726261.0
2078,3,733907.0
2078,4,739699.0
2078,5,743861.0
2078,6,746160.5
2078,7,746797.5
2078,8,746035.0
2078,9,743647.5
2078,10,739079.0
2078,11,731351.0
2078,12,721118.5
2078,13,707869.0
2078,14,691648.5
2078,15,674832.0
2078,16,665005.0
2078,17,663566.5
2078,18,670231.5
2078,19,685489.5
2078,20,709316.0
2078,21,744671.5
2078,22,791720.0
2078,23,850474.0
2078,24,921357.5
2078,25,999255.5
2078,26,1066773.5
2078,27,1119088.5
2078,28,1156627.5
2078,29,1179782.0
2078,30,1189623.5
2078,31,1193169.5
2078,32,1192141.0
2078,33,1185695.5
2078,34,1173786.0
2078,35,1157311.5
2078,36,1137305.5
2078,37,1113925.5
2078,38,1086626.5
2078,39,1055636.0
2078,40,1021739.0
2078,41,987173.5
2078,42,952564.0
2078,43,917366.0
2078,44,881891.0
2078,45,847300.0
2078,46,816507.5
2078,47,789779.5
2078,48,766729.5
2078,49,747672.5
2078,50,731429.0
2078,51,714958.0
2078,52,697676.5
2078,53,678774.0
2078,54,653904.0
2078,55,604147.0
2078,56,561562.0
2078,57,550906.5
2078,58,544460.0
2078,59,536887.0
2078,60,528669.5
2078,61,519384.0
2078,62,508853.5
2078,63,497034.0
2078,64,483998.0
2078,65,470306.0
2078,66,457107.5
2078,67,445106.5
2078,68,434816.0
2078,69,425885.0
2078,70,415183.5
2078,71,399923.5
2078,72,381571.5
2078,73,362032.0
2078,74,341635.0
2078,75,319554.5
2078,76,295402.5
2078,77,270118.0
2078,78,245012.0
2078,79,222100.0
2078,80,207349.0
2078,81,203760.0
2078,82,206274.5
2078,83,209450.5
2078,84,210739.5
2078,85,203836.5
2078,86,195994.5
2078,87,184951.0
2078,88,172007.0
2078,89,157641.5
2078,90,142047.5
2078,91,125499.0
2078,92,108599.5
2078,93,92089.5
2078,94,76460.5
2078,95,61828.5
2078,96,48393.5
2078,97,36624.5
2078,98,26829.0
2078,99,18983.5
2079,0,709396.5
2079,1,720204.5
2079,2,729684.5
2079,3,737268.0
2079,4,743037.0
2079,5,746957.5
2079,6,749342.0
2079,7,749877.0
2079,8,748734.5
2079,9,746174.5
2079,10,741837.5
2079,11,734762.0
2079,12,724373.5
2079,13,711461.5
2079,14,695514.0
2079,15,678434.5
2079,16,668178.0
2079,17,666805.0
2079,18,673866.0
2079,19,689078.0
2079,20,713467.0
2079,21,748618.5
2079,22,795913.0
2079,23,854980.5
2079,24,925835.0
2079,25,1004430.0
2079,26,1072223.0
2079,27,1125110.0
2079,28,1162707.5
2079,29,1185441.5
2079,30,1195370.0
2079,31,1198566.5
2079,32,1197088.0
2079,33,1190994.5
2079,34,1179447.0
2079,35,1162627.5
2079,36,1142136.0
2079,37,1118313.0
2079,38,1091087.5
2079,39,1059913.0
2079,40,1025653.5
2079,41,991006.0
2079,42,956326.5
2079,43,921607.0
2079,44,886305.0
2079,45,851360.5
2079,46,819837.0
2079,47,792759.5
2079,48,769764.0
2079,49,750463.0
2079,50,734426.5
2079,51,718235.0
2079,52,701072.0
2079,53,683093.5
2079,54,663491.5
2079,55,638194.0
2079,56,589127.5
2079,57,547502.5
2079,58,537758.5
2079,59,532217.5
2079,60,525443.5
2079,61,517584.50000000006
2079,62,508542.0
2079,63,498253.0
2079,64,486670.5
2079,65,474000.5
2079,66,461200.5
2079,67,449012.0
2079,68,438007.0
2079,69,428692.5
2079,70,420541.5
2079,71,409902.0
2079,72,394538.5
2079,73,376098.0
2079,74,356476.0
2079,75,336015.5
2079,76,313918.0
2079,77,289782.5
2079,78,264555.5
2079,79,239541.0
2079,80,216716.5
2079,81,201860.0
2079,82,197809.5
2079,83,199570.0
2079,84,201822.5
2079,85,197836.0
2079,86,193642.5
2079,87,184798.5
2079,88,172918.0
2079,89,159295.5
2079,90,144453.0
2079,91,128638.5
2079,92,112183.5
2079,93,95703.0
2079,94,79896.0
2079,95,65171.49999999999
2079,96,51590.0
2079,97,39388.0
2079,98,28992.5
2079,99,20592.0
2080,0,713408.5
2080,1,724070.5
2080,2,733144.0
2080,3,740774.0
2080,4,746466.5
2080,5,750349.5
2080,6,752478.0
2080,7,753083.0
2080,8,751823.5
2080,9,748869.0
2080,10,744345.0
2080,11,737488.0
2080,12,727739.0
2080,13,714657.5
2080,14,699034.5
2080,15,682223.0
2080,16,671734.5
2080,17,669970.5
2080,18,677135.0
2080,19,692781.0
2080,20,717167.0
2080,21,752945.5
2080,22,800105.0
2080,23,859488.5
2080,24,930727.0
2080,25,1009339.0
2080,26,1077781.0
2080,27,1130870.5
2080,28,1168967.5
2080,29,1191687.0
2080,30,1201129.5
2080,31,1204374.5
2080,32,1202514.5
2080,33,1195940.0
2080,34,1184712.5
2080,35,1168223.5
2080,36,1147361.5
2080,37,1123028.5
2080,38,1095335.0
2080,39,1064209.5
2080,40,1029747.0
2080,41,994738.0
2080,42,959982.0
2080,43,925199.0
2080,44,890381.5
2080,45,855618.5
2080,46,823758.5
2080,47,795968.0
2080,48,772640.5
2080,49,753413.5
2080,50,737148.5
2080,51,721165.5
2080,52,704281.5
2080,53,686421.0
2080,54,667741.0
2080,55,647705.0
2080,56,623065.0
2080,57,574972.0
2080,58,534318.5
2080,59,525496.5
2080,60,520759.5
2080,61,514344.00000000006
2080,62,506728.0
2080,63,497925.0
2080,64,487871.5
2080,65,476652.5
2080,66,464877.0
2080,67,453093.0
2080,68,441909.0
2080,69,431892.5
2080,70,423368.0
2080,71,415261.5
2080,72,404475.0
2080,73,388984.5
2080,74,370436.5
2080,75,350723.5
2080,76,330204.0
2080,77,308063.5
2080,78,283928.5
2080,79,258747.5
2080,80,233815.0
2080,81,211049.0
2080,82,196051.5
2080,83,191500.0
2080,84,192452.5
2080,85,189433.5
2080,86,188098.5
2080,87,182740.5
2080,88,172937.5
2080,89,160302.0
2080,90,146128.0
2080,91,130969.0
2080,92,115132.0
2080,93,98988.5
2080,94,83143.5
2080,95,68196.0
2080,96,54460.0
2080,97,42054.0
2080,98,31229.5
2080,99,22289.0
2081,0,717462.0
2081,1,728196.0
2081,2,737107.5
2081,3,744317.0
2081,4,750042.0
2081,5,753834.5
2081,6,755911.0
2081,7,756244.5
2081,8,755040.5
2081,9,751954.0
2081,10,747020.5
2081,11,739963.5
2081,12,730419.5
2081,13,717964.0
2081,14,702159.0
2081,15,685668.0
2081,16,675477.0
2081,17,673518.5
2081,18,680330.5
2081,19,696118.5
2081,20,720982.5
2081,21,756823.0
2081,22,804678.5
2081,23,863998.0
2081,24,935622.5
2081,25,1014666.0
2081,26,1083076.5
2081,27,1136743.0
2081,28,1174970.0
2081,29,1198117.0
2081,30,1207478.5
2081,31,1210199.5
2081,32,1208355.5
2081,33,1201369.0
2081,34,1189627.5
2081,35,1173428.0
2081,36,1152869.5
2081,37,1128142.0
2081,38,1099914.0
2081,39,1068295.5
2081,40,1033861.5
2081,41,998649.5
2081,42,963538.5
2081,43,928685.5
2081,44,893811.0
2081,45,859541.0
2081,46,827878.0
2081,47,799769.0
2081,48,775747.0
2081,49,756206.5
2081,50,740029.5
2081,51,723821.0
2081,52,707145.0
2081,53,689563.0
2081,54,671000.5
2081,55,651886.5
2081,56,632506.0
2081,57,608804.0
2081,58,561696.0
2081,59,522030.0
2081,60,514027.00000000006
2081,61,509649.0
2081,62,503476.5
2081,63,496099.0
2081,64,487530.0
2081,65,477837.5
2081,66,467514.5
2081,67,456758.5
2081,68,445985.0
2081,69,435799.0
2081,70,426584.5
2081,71,418110.5
2081,72,409835.5
2081,73,398875.0
2081,74,383234.0
2081,75,364567.5
2081,76,344766.5
2081,77,324157.0
2081,78,301951.5
2081,79,277799.0
2081,80,252651.0
2081,81,227771.0
2081,82,205043.5
2081,83,189893.5
2081,84,184805.5
2081,85,180582.0
2081,86,180263.5
2081,87,177672.0
2081,88,171177.0
2081,89,160486.5
2081,90,147215.5
2081,91,132646.0
2081,92,117365.5
2081,93,101725.0
2081,94,86117.5
2081,95,71071.0
2081,96,57075.0
2081,97,44463.5
2081,98,33397.0
2081,99,24049.0
2082,0,721150.0
2082,1,732362.5
2082,2,741331.5
2082,3,748364.5
2082,4,753655.0
2082,5,757465.5
2082,6,759437.0
2082,7,759704.5
2082,8,758213.5
2082,9,755167.0
2082,10,750086.0
2082,11,742606.0
2082,12,732848.5
2082,13,720586.0
2082,14,705394.5
2082,15,688716.5
2082,16,678874.5
2082,17,677252.5
2082,18,683909.0
2082,19,699382.5
2082,20,724433.0
2082,21,760815.5
2082,22,808803.5
2082,23,868889.5
2082,24,940520.5
2082,25,1019998.0
2082,26,1088791.5
2082,27,1142355.5
2082,28,1181086.5
2082,29,1204291.0
2082,30,1214013.0
2082,31,1216615.0
2082,32,1214214.5
2082,33,1207212.0
2082,34,1195025.5
2082,35,1178282.0
2082,36,1157986.0
2082,37,1133538.0
2082,38,1104890.5
2082,39,1072711.5
2082,40,1037764.5
2082,41,1002582.0
2082,42,967275.0
2082,43,932073.0
2082,44,897135.0
2082,45,862817.0
2082,46,831662.0
2082,47,803767.5
2082,48,779445.0
2082,49,759228.5
2082,50,742753.5
2082,51,726636.5
2082,52,709734.5
2082,53,692360.5
2082,54,674075.0
2082,55,655079.0
2082,56,636625.0
2082,57,618181.0
2082,58,595426.5
2082,59,549320.0
2082,60,510541.5
2082,61,502910.0
2082,62,498773.5
2082,63,492840.0
2082,64,485694.0
2082,65,477486.0
2082,66,468691.0
2082,67,459389.5
2082,68,449647.0
2082,69,439877.5
2082,70,430501.5
2082,71,421346.0
2082,72,412709.5
2082,73,404238.0
2082,74,393074.5
2082,75,377269.5
2082,76,358483.5
2082,77,338560.0
2082,78,317832.0
2082,79,295537.5
2082,80,271348.5
2082,81,246197.5
2082,82,221349.0
2082,83,198666.5
2082,84,183360.5
2082,85,173361.5
2082,86,171985.5
2082,87,170434.0
2082,88,166599.0
2082,89,159023.0
2082,90,147552.5
2082,91,133796.0
2082,92,119021.5
2082,93,103840.0
2082,94,88623.5
2082,95,73723.5
2082,96,59575.5
2082,97,46674.0
2082,98,35369.5
2082,99,25762.0
2083,0,724084.0
2083,1,736166.5
2083,2,745599.5
2083,3,752675.0
2083,4,757775.0
2083,5,761136.5
2083,6,763111.5
2083,7,763259.0
2083,8,761686.0
2083,9,758337.5
2083,10,753281.5
2083,11,745640.5
2083,12,735447.0
2083,13,722958.5
2083,14,707945.5
2083,15,691875.5
2083,16,681877.5
2083,17,680643.5
2083,18,687674.5
2083,19,703031.5
2083,20,727812.0
2083,21,764446.0
2083,22,813047.5
2083,23,873338.0
2083,24,945807.0
2083,25,1025340.5
2083,26,1094521.0
2083,27,1148396.0
2083,28,1186952.0
2083,29,1210588.0
2083,30,1220301.0
2083,31,1223224.5
2083,32,1220673.5
2083,33,1213081.5
2083,34,1200846.5
2083,35,1183626.5
2083,36,1162760.0
2083,37,1138549.5
2083,38,1110155.0
2083,39,1077530.5
2083,40,1042002.5
2083,41,1006308.5
2083,42,971037.0
2083,43,935645.0
2083,44,900364.0
2083,45,865991.0
2083,46,834803.0
2083,47,807434.0
2083,48,783344.0
2083,49,762845.0
2083,50,745710.0
2083,51,729298.5
2083,52,712486.5
2083,53,694886.0
2083,54,676807.0
2083,55,658089.0
2083,56,639759.0
2083,57,622247.0
2083,58,604748.5
2083,59,582952.5
2083,60,537748.0
2083,61,499411.0
2083,62,492033.0
2083,63,488134.0
2083,64,482431.0
2083,65,475647.0
2083,66,468338.0
2083,67,460567.5
2083,68,452280.0
2083,69,443545.0
2083,70,434590.5
2083,71,425279.5
2083,72,415970.0
2083,73,407143.0
2083,74,398444.0
2083,75,387057.5
2083,76,371082.5
2083,77,352139.0
2083,78,332061.5
2083,79,311186.0
2083,80,288776.0
2083,81,264505.5
2083,82,239326.0
2083,83,214516.0
2083,84,191895.0
2083,85,172060.5
2083,86,165242.0
2083,87,162760.5
2083,88,159980.5
2083,89,154944.0
2083,90,146377.5
2083,91,134267.5
2083,92,120209.5
2083,93,105448.5
2083,94,90594.0
2083,95,75982.5
2083,96,61894.5
2083,97,48796.0
2083,98,37187.5
2083,99,27326.5
2084,0,727373.5
2084,1,739217.0
2084,2,749505.0
2084,3,757029.0
2084,4,762157.0
2084,5,765314.5
2084,6,766825.0
2084,7,766961.0
2084,8,765253.0
2084,9,761806.5
2084,10,756434.0
2084,11,748804.0
2084,12,738436.5
2084,13,725498.0
2084,14,710245.5
2084,15,694350.0
2084,16,684990.5
2084,17,683638.0
2084,18,691096.0
2084,19,706867.0
2084,20,731575.0
2084,21,768005.0
2084,22,816929.5
2084,23,877905.5
2084,24,950650.5
2084,25,1031071.5
2084,26,1100259.5
2084,27,1154449.0
2084,28,1193243.0
2084,29,1216631.0
2084,30,1226708.5
2084,31,1229584.0
2084,32,1227322.5
2084,33,1219547.0
2084,34,1206690.0
2084,35,1189389.5
2084,36,1168020.5
2084,37,1143214.0
2084,38,1115030.5
2084,39,1082634.0
2084,40,1046639.5
2084,41,1010366.0
2084,42,974588.5
2084,43,939238.5
2084,44,903774.0
2084,45,869066.5
2084,46,837839.0
2084,47,810455.5
2084,48,786909.0
2084,49,766660.0
2084,50,749258.0
2084,51,732189.0
2084,52,715082.0
2084,53,697570.5
2084,54,679265.5
2084,55,660755.5
2084,56,642709.0
2084,57,625327.5
2084,58,608767.0
2084,59,592224.0
2084,60,571283.5
2084,61,526530.5
2084,62,488521.5
2084,63,481394.0
2084,64,477725.0
2084,65,472383.0
2084,66,466501.5
2084,67,460220.5
2084,68,453466.0
2084,69,446187.5
2084,70,438269.5
2084,71,429382.0
2084,72,419920.5
2084,73,410429.5
2084,74,401381.5
2084,75,392431.0
2084,76,380812.0
2084,77,364622.5
2084,78,345486.5
2084,79,325220.5
2084,80,304166.5
2084,81,281587.5
2084,82,257202.5
2084,83,231996.5
2084,84,207243.5
2084,85,180302.5
2084,86,164114.0
2084,87,156517.5
2084,88,152936.5
2084,89,148962.0
2084,90,142799.0
2084,91,133368.0
2084,92,120793.5
2084,93,106650.0
2084,94,92133.0
2084,95,77792.0
2084,96,63893.0
2084,97,50780.0
2084,98,38944.0
2084,99,28779.5
2085,0,731276.0
2085,1,742621.0
2085,2,752654.5
2085,3,761018.0
2085,4,766580.0
2085,5,769751.5
2085,6,771042.5
2085,7,770699.5
2085,8,768964.0
2085,9,765367.0
2085,10,759881.5
2085,11,751921.0
2085,12,741551.5
2085,13,728425.5
2085,14,712711.0
2085,15,696571.5
2085,16,687416.0
2085,17,686740.5
2085,18,694119.0
2085,19,710355.5
2085,20,735521.0
2085,21,771945.0
2085,22,820736.0
2085,23,882105.0
2085,24,955608.0
2085,25,1036352.0
2085,26,1106378.0
2085,27,1160501.5
2085,28,1199536.0
2085,29,1223087.5
2085,30,1232850.0
2085,31,1236050.5
2085,32,1233708.0
2085,33,1226190.0
2085,34,1213116.5
2085,35,1195162.5
2085,36,1173687.0
2085,37,1148351.5
2085,38,1119546.5
2085,39,1087337.0
2085,40,1051550.0
2085,41,1014811.5
2085,42,978461.0
2085,43,942612.5
2085,44,907197.0
2085,45,872314.5
2085,46,840770.0
2085,47,813365.5
2085,48,789822.5
2085,49,770135.0
2085,50,752999.0
2085,51,735665.5
2085,52,717901.5
2085,53,700094.5
2085,54,681879.5
2085,55,663143.5
2085,56,645311.0
2085,57,628220.5
2085,58,611799.0
2085,59,596200.0
2085,60,580507.5
2085,61,559962.5
2085,62,515548.5
2085,63,477869.5
2085,64,470986.0
2085,65,467676.5
2085,66,463242.5
2085,67,458392.5
2085,68,453131.0
2085,69,447386.5
2085,70,440925.0
2085,71,433071.0
2085,72,424033.0
2085,73,414394.5
2085,74,404691.5
2085,75,395399.0
2085,76,386185.0
2085,77,374280.0
2085,78,357835.5
2085,79,338468.0
2085,80,317979.0
2085,81,296684.0
2085,82,273892.0
2085,83,249389.0
2085,84,224172.0
2085,85,195070.5
2085,86,172055.5
2085,87,155560.5
2085,88,147209.0
2085,89,142560.5
2085,90,137455.0
2085,91,130276.0
2085,92,120143.5
2085,93,107316.0
2085,94,93317.5
2085,95,79233.5
2085,96,65519.49999999999
2085,97,52507.0
2085,98,40596.5
2085,99,30191.0
2086,0,735634.0
2086,1,746640.0
2086,2,756158.5
2086,3,764252.5
2086,4,770639.5
2086,5,774230.0
2086,6,775520.5
2086,7,774942.0
2086,8,772711.5
2086,9,769072.5
2086,10,763420.0
2086,11,755333.5
2086,12,744620.5
2086,13,731479.5
2086,14,715564.5
2086,15,698957.5
2086,16,689588.5
2086,17,689156.0
2086,18,697250.0
2086,19,713446.0
2086,20,739120.5
2086,21,776068.5
2086,22,824924.0
2086,23,886231.0
2086,24,960200.5
2086,25,1041748.5
2086,26,1112049.0
2086,27,1166936.0
2086,28,1205830.5
2086,29,1229548.5
2086,30,1239407.5
2086,31,1242253.5
2086,32,1240203.5
2086,33,1232571.5
2086,34,1219722.0
2086,35,1201519.5
2086,36,1179364.0
2086,37,1153896.5
2086,38,1124538.0
2086,39,1091681.5
2086,40,1056060.5
2086,41,1019530.5
2086,42,982722.5
2086,43,946308.5
2086,44,910401.5
2086,45,875577.0
2086,46,843874.5
2086,47,816171.0
2086,48,792625.5
2086,49,772960.0
2086,50,756401.0
2086,51,739335.0
2086,52,721307.0
2086,53,702843.0
2086,54,684333.5
2086,55,665687.0
2086,56,647636.5
2086,57,630767.5
2086,58,614644.0
2086,59,599191.5
2086,60,584447.5
2086,61,569142.5
2086,62,548874.0
2086,63,504801.0
2086,64,467452.0
2086,65,460944.5
2086,66,458546.5
2086,67,455148.0
2086,68,451322.5
2086,69,447074.0
2086,70,442146.0
2086,71,435744.0
2086,72,427736.0
2086,73,418521.0
2086,74,408675.0
2086,75,398738.0
2086,76,389189.0
2086,77,379654.5
2086,78,367416.5
2086,79,350671.5
2086,80,331033.0
2086,81,310253.0
2086,82,288665.5
2086,83,265648.5
2086,84,241035.5
2086,85,211371.0
2086,86,186218.5
2086,87,163173.0
2086,88,146426.0
2086,89,137364.5
2086,90,131708.0
2086,91,125568.5
2086,92,117522.5
2086,93,106889.5
2086,94,94037.5
2086,95,80375.5
2086,96,66842.0
2086,97,53933.0
2086,98,42048.0
2086,99,31526.0
2087,0,739898.0
2087,1,751116.5
2087,2,760280.0
2087,3,767844.5
2087,4,773947.5
2087,5,778348.5
2087,6,780043.0
2087,7,779447.5
2087,8,776966.5
2087,9,772817.0
2087,10,767106.0
2087,11,758839.5
2087,12,747987.0
2087,13,734489.0
2087,14,718545.0
2087,15,701733.5
2087,16,691927.5
2087,17,691320.0
2087,18,699696.0
2087,19,716646.5
2087,20,742325.5
2087,21,779849.0
2087,22,829300.0
2087,23,890744.5
2087,24,964725.5
2087,25,1046788.5
2087,26,1117845.5
2087,27,1172934.0
2087,28,1212519.0
2087,29,1236023.0
2087,30,1245981.5
2087,31,1248884.5
2087,32,1246447.5
2087,33,1239073.0
2087,34,1226077.5
2087,35,1208066.5
2087,36,1185635.5
2087,37,1159463.0
2087,38,1129947.0
2087,39,1096509.5
2087,40,1060221.5
2087,41,1023858.0
2087,42,987265.0
2087,43,950400.0
2087,44,913934.0
2087,45,878627.5
2087,46,846998.5
2087,47,819155.0
2087,48,795328.5
2087,49,775679.0
2087,50,759157.0
2087,51,742669.5
2087,52,724909.0
2087,53,706181.0
2087,54,687014.0
2087,55,668075.0
2087,56,650120.0
2087,57,633041.0
2087,58,617145.5
2087,59,601999.0
2087,60,587408.5
2087,61,573052.5
2087,62,558011.5
2087,63,538018.5
2087,64,494286.5
2087,65,457408.0
2087,66,451832.5
2087,67,450473.5
2087,68,448106.0
2087,69,445297.0
2087,70,441866.0
2087,71,436994.5
2087,72,430432.5
2087,73,422243.0
2087,74,412821.0
2087,75,402746.5
2087,76,392564.0
2087,77,382703.0
2087,78,372796.5
2087,79,360171.5
2087,80,343078.5
2087,81,323097.0
2087,82,301969.0
2087,83,280069.0
2087,84,256827.0
2087,85,227632.5
2087,86,201865.5
2087,87,176685.0
2087,88,153686.5
2087,89,136761.0
2087,90,127061.0
2087,91,120485.0
2087,92,113447.0
2087,93,104721.0
2087,94,93812.0
2087,95,81129.5
2087,96,67923.5
2087,97,55120.5
2087,98,43269.0
2087,99,32713.500000000004
2088,0,743758.5
2088,1,755500.0
2088,2,764860.5
2088,3,772056.0
2088,4,777615.0
2088,5,781717.5
2088,6,784207.0
2088,7,783999.5
2088,8,781486.0
2088,9,777070.0
2088,10,770833.0
2088,11,762494.0
2088,12,751447.5
2088,13,737796.0
2088,14,721482.0
2088,15,704637.5
2088,16,694656.0
2088,17,693651.0
2088,18,701890.5
2088,19,719162.5
2088,20,745642.0
2088,21,783236.0
2088,22,833335.5
2088,23,895450.0
2088,24,969642.0
2088,25,1051767.5
2088,26,1123292.0
2088,27,1179063.5
2088,28,1218777.5
2088,29,1242897.5
2088,30,1252575.0
2088,31,1255537.5
2088,32,1253124.5
2088,33,1245329.0
2088,34,1232559.0
2088,35,1214369.0
2088,36,1192102.0
2088,37,1165627.5
2088,38,1135380.0
2088,39,1101758.0
2088,40,1064868.5
2088,41,1027838.0
2088,42,991418.5
2088,43,954774.0
2088,44,917864.0
2088,45,882007.5
2088,46,849912.0
2088,47,822160.0
2088,48,798211.5
2088,49,778299.5
2088,50,761808.5
2088,51,745361.0
2088,52,728177.0
2088,53,709716.0
2088,54,690284.0
2088,55,670690.0
2088,56,652447.0
2088,57,635471.5
2088,58,619374.0
2088,59,604464.0
2088,60,590185.5
2088,61,575984.5
2088,62,561892.5
2088,63,547113.5
2088,64,527389.0
2088,65,484140.5
2088,66,448299.5
2088,67,443786.5
2088,68,443463.0
2088,69,442116.0
2088,70,440128.5
2088,71,436751.0
2088,72,431714.0
2088,73,424962.5
2088,74,416561.5
2088,75,406910.5
2088,76,396595.5
2088,77,386113.5
2088,78,375887.5
2088,79,365551.0
2088,80,352482.0
2088,81,334960.5
2088,82,314571.0
2088,83,293070.5
2088,84,270852.5
2088,85,242878.5
2088,86,217491.5
2088,87,191618.0
2088,88,166492.0
2088,89,143635.5
2088,90,126628.5
2088,91,116383.0
2088,92,109013.5
2088,93,101250.0
2088,94,92058.5
2088,95,81070.0
2088,96,68679.5
2088,97,56113.5
2088,98,44304.0
2088,99,33727.0
2089,0,747710.5
2089,1,759479.5
2089,2,769346.5
2089,3,776724.5
2089,4,781899.0
2089,5,785442.5
2089,6,787618.0
2089,7,788190.0
2089,8,786048.5
2089,9,781583.5
2089,10,775064.5
2089,11,766185.5
2089,12,755053.0
2089,13,741195.0
2089,14,724714.5
2089,15,707494.5
2089,16,697510.0
2089,17,696369.0
2089,18,704249.5
2089,19,721425.0
2089,20,748271.5
2089,21,786731.5
2089,22,836975.0
2089,23,899811.0
2089,24,974745.5
2089,25,1057131.5
2089,26,1128668.5
2089,27,1184832.5
2089,28,1225156.0
2089,29,1249330.0
2089,30,1259555.5
2089,31,1262196.5
2089,32,1259809.5
2089,33,1252005.5
2089,34,1238780.0
2089,35,1220782.5
2089,36,1198309.5
2089,37,1171972.5
2089,38,1141397.0
2089,39,1107018.0
2089,40,1069922.5
2089,41,1032293.0
2089,42,995213.5
2089,43,958749.0
2089,44,922067.5
2089,45,885775.5
2089,46,853146.5
2089,47,824947.0
2089,48,801108.5
2089,49,781093.5
2089,50,764355.5
2089,51,747941.5
2089,52,730796.5
2089,53,712912.5
2089,54,693746.5
2089,55,673888.5
2089,56,654998.0
2089,57,637742.5
2089,58,621757.0
2089,59,606653.0
2089,60,592617.5
2089,61,578730.5
2089,62,564795.0
2089,63,550964.0
2089,64,536440.0
2089,65,517121.49999999994
2089,66,474927.5
2089,67,440266.0
2089,68,436814.0
2089,69,437514.5
2089,70,436993.0
2089,71,435057.0
2089,72,431510.5
2089,73,426278.5
2089,74,419308.0
2089,75,410671.5
2089,76,400780.0
2089,77,390170.5
2089,78,379335.5
2089,79,368687.5
2089,80,357859.5
2089,81,344254.5
2089,82,326230.5
2089,83,305404.0
2089,84,283521.0
2089,85,256441.50000000003
2089,86,232165.0
2089,87,206551.5
2089,88,180653.0
2089,89,155683.5
2089,90,133087.5
2089,91,116112.5
2089,92,105448.0
2089,93,97446.0
2089,94,89158.0
2089,95,79694.5
2089,96,68751.5
2089,97,56842.5
2089,98,45188.0
2089,99,34600.5
2090,0,752630.0
2090,1,763550.5
2090,2,773429.0
2090,3,781298.0
2090,4,786640.0
2090,5,789783.5
2090,6,791384.5
2090,7,791626.5
2090,8,790248.0
2090,9,786139.0
2090,10,779556.0
2090,11,770380.5
2090,12,758695.0
2090,13,744738.5
2090,14,728037.0
2090,15,710646.0
2090,16,700317.0
2090,17,699211.5
2090,18,706996.0
2090,19,723852.0
2090,20,750646.0
2090,21,789539.5
2090,22,840722.0
2090,23,903775.0
2090,24,979504.5
2090,25,1062681.5
2090,26,1134429.0
2090,27,1190531.0
2090,28,1231173.0
2090,29,1255880.5
2090,30,1266091.5
2090,31,1269240.0
2090,32,1266498.5
2090,33,1258687.0
2090,34,1245418.5
2090,35,1226933.5
2090,36,1204626.5
2090,37,1178056.5
2090,38,1147592.5
2090,39,1112859.5
2090,40,1074986.0
2090,41,1037153.0
2090,42,999480.5
2090,43,962364.5
2090,44,925869.5
2090,45,889815.0
2090,46,856768.0
2090,47,828053.5
2090,48,803786.5
2090,49,783900.0
2090,50,767074.0
2090,51,750416.5
2090,52,733305.5
2090,53,715460.0
2090,54,696869.5
2090,55,677278.0
2090,56,658131.5
2090,57,640237.0
2090,58,623980.5
2090,59,608995.0
2090,60,594773.5
2090,61,581131.5
2090,62,567511.5
2090,63,553838.0
2090,64,540261.0
2090,65,526129.0
2090,66,507785.0
2090,67,466790.5
2090,68,433315.0
2090,69,430914.5
2090,70,432443.0
2090,71,431973.0
2090,72,429866.5
2090,73,426121.5
2090,74,420662.0
2090,75,413447.5
2090,76,404564.5
2090,77,394377.5
2090,78,383420.5
2090,79,372176.0
2090,80,361044.5
2090,81,349626.0
2090,82,335400.5
2090,83,316836.0
2090,84,295556.5
2090,85,268713.5
2090,86,245246.0
2090,87,220600.0
2090,88,194837.5
2090,89,169018.0
2090,90,144334.0
2090,91,122131.5
2090,92,105328.0
2090,93,94401.5
2090,94,85953.5
2090,95,77325.0
2090,96,67715.0
2090,97,57013.0
2090,98,45866.5
2090,99,35362.5
2091,0,758010.5
2091,1,768590.0
2091,2,777605.0
2091,3,785469.5
2091,4,791288.5
2091,5,794584.0
2091,6,795769.5
2091,7,795421.0
2091,8,793696.5
2091,9,790334.0
2091,10,784092.0
2091,11,774837.5
2091,12,762842.5
2091,13,748319.0
2091,14,731504.5
2091,15,713889.0
2091,16,703419.0
2091,17,702007.5
2091,18,709868.0
2091,19,726666.5
2091,20,753185.5
2091,21,792095.5
2091,22,843784.5
2091,23,907851.0
2091,24,983872.0
2091,25,1067894.0
2091,26,1140383.0
2091,27,1196622.0
2091,28,1237127.5
2091,29,1262078.5
2091,30,1272754.5
2091,31,1275848.5
2091,32,1273580.5
2091,33,1265380.5
2091,34,1252071.0
2091,35,1233510.0
2091,36,1210688.0
2091,37,1184257.5
2091,38,1153534.0
2091,39,1118886.0
2091,40,1080636.5
2091,41,1042026.5
2091,42,1004157.0
2091,43,966456.5
2091,44,929316.0
2091,45,893458.5
2091,46,860665.0
2091,47,831550.0
2091,48,806787.5
2091,49,786490.0
2091,50,769808.0
2091,51,753066.0
2091,52,735711.0
2091,53,717898.0
2091,54,699346.5
2091,55,680331.5
2091,56,661457.0
2091,57,643314.0
2091,58,626426.5
2091,59,611178.5
2091,60,597083.0
2091,61,583258.0
2091,62,569884.5
2091,63,556526.5
2091,64,543108.5
2091,65,529922.5
2091,66,516754.5
2091,67,499521.5
2091,68,459733.0
2091,69,427447.0
2091,70,425903.0
2091,71,427482.0
2091,72,426840.5
2091,73,424532.0
2091,74,420554.0
2091,75,414843.0
2091,76,407372.0
2091,77,398186.0
2091,78,387649.5
2091,79,376288.0
2091,80,364572.5
2091,81,352858.0
2091,82,340758.5
2091,83,325862.0
2091,84,306730.0
2091,85,280388.0
2091,86,257105.00000000003
2091,87,233150.5
2091,88,208206.0
2091,89,182396.5
2091,90,156790.5
2091,91,132535.0
2091,92,110883.5
2091,93,94415.5
2091,94,83402.0
2091,95,74682.0
2091,96,65833.5
2091,97,56269.5
2091,98,46100.0
2091,99,35970.0
2092,0,762926.5
2092,1,774091.0
2092,2,782750.0
2092,3,789736.0
2092,4,795535.5
2092,5,799292.5
2092,6,800614.5
2092,7,799835.0
2092,8,797503.5
2092,9,793778.5
2092,10,788266.5
2092,11,779339.0
2092,12,767251.5
2092,13,752404.5
2092,14,735010.0
2092,15,717277.0
2092,16,706612.0
2092,17,705098.5
2092,18,712693.0
2092,19,729607.0
2092,20,756114.0
2092,21,794817.5
2092,22,846597.0
2092,23,911244.0
2092,24,988353.0
2092,25,1072717.0
2092,26,1146002.0
2092,27,1202909.0
2092,28,1243476.0
2092,29,1268215.5
2092,30,1279066.5
2092,31,1282585.0
2092,32,1280228.5
2092,33,1272468.0
2092,34,1258736.0
2092,35,1240100.5
2092,36,1217173.5
2092,37,1190203.0
2092,38,1159591.5
2092,39,1124657.0
2092,40,1086471.0
2092,41,1047486.0
2092,42,1008847.5
2092,43,970956.5
2092,44,933238.5
2092,45,896745.5
2092,46,864164.0
2092,47,835320.5
2092,48,810176.5
2092,49,789402.0
2092,50,772325.5
2092,51,755730.0
2092,52,738290.0
2092,53,720233.0
2092,54,701714.0
2092,55,682739.0
2092,56,664445.0
2092,57,646582.0
2092,58,629453.0
2092,59,613584.5
2092,60,599234.5
2092,61,585537.5
2092,62,571982.5
2092,63,558872.5
2092,64,545770.5
2092,65,532745.0
2092,66,520526.50000000006
2092,67,508456.5
2092,68,492333.5
2092,69,453756.0
2092,70,422476.0
2092,71,421009.0
2092,72,422414.0
2092,73,421569.0
2092,74,419025.0
2092,75,414788.5
2092,76,408812.0
2092,77,401026.5
2092,78,391481.5
2092,79,380537.5
2092,80,368708.5
2092,81,356423.0
2092,82,344034.5
2092,83,331196.0
2092,84,315588.0
2092,85,291241.5
2092,86,268401.5
2092,87,244549.0
2092,88,220172.5
2092,89,195027.0
2092,90,169304.5
2092,91,144063.0
2092,92,120408.0
2092,93,99485.5
2092,94,83526.5
2092,95,72588.0
2092,96,63704.5
2092,97,54818.0
2092,98,45594.0
2092,99,36228.5
2093,0,767516.5
2093,1,779128.5
2093,2,788357.0
2093,3,794972.0
2093,4,799877.5
2093,5,803599.5
2093,6,805367.0
2093,7,804707.5
2093,8,801928.5
2093,9,797581.0
2093,10,791689.0
2093,11,783478.5
2093,12,771704.0
2093,13,756750.5
2093,14,739020.0
2093,15,720701.0
2093,16,709949.0
2093,17,708280.0
2093,18,715812.5
2093,19,732500.5
2093,20,759168.0
2093,21,797927.5
2093,22,849575.5
2093,23,914386.5
2093,24,992151.5
2093,25,1077654.0
2093,26,1151231.5
2093,27,1208860.0
2093,28,1250019.0
2093,29,1274744.5
2093,30,1285315.0
2093,31,1288968.0
2093,32,1287002.0
2093,33,1279118.5
2093,34,1265791.5
2093,35,1246700.5
2093,36,1223671.0
2093,37,1196569.5
2093,38,1165390.0
2093,39,1130540.5
2093,40,1092047.5
2093,41,1053127.0
2093,42,1014121.0
2093,43,975467.5
2093,44,937567.0
2093,45,900505.5
2093,46,867305.5
2093,47,838692.5
2093,48,813838.0
2093,49,792701.5
2093,50,775163.0
2093,51,758176.0
2093,52,740882.5
2093,53,722740.0
2093,54,703976.5
2093,55,685034.5
2093,56,666787.0
2093,57,649512.5
2093,58,632671.5
2093,59,616570.0
2093,60,601606.5
2093,61,587658.0
2093,62,574233.0
2093,63,560943.5
2093,64,548089.5
2093,65,535383.0
2093,66,523330.5
2093,67,512214.50000000006
2093,68,501239.5
2093,69,486222.0
2093,70,448672.5
2093,71,417629.0
2093,72,416017.0
2093,73,417214.5
2093,74,416132.0
2093,75,413326.0
2093,76,408818.0
2093,77,402517.5
2093,78,394359.5
2093,79,384395.5
2093,80,372979.0
2093,81,360583.0
2093,82,347636.5
2093,83,334515.5
2093,84,320890.5
2093,85,299881.5
2093,86,278926.5
2093,87,255427.0
2093,88,231066.5
2093,89,206361.0
2093,90,181144.0
2093,91,155665.5
2093,92,130969.5
2093,93,108108.5
2093,94,88097.5
2093,95,72800.0
2093,96,62028.5
2093,97,53151.0
2093,98,44512.0
2093,99,35907.0
2094,0,771726.0
2094,1,783842.0
2094,2,793501.5
2094,3,800670.0
2094,4,805189.5
2094,5,808002.5
2094,6,809718.5
2094,7,809488.5
2094,8,806813.0
2094,9,802001.0
2094,10,795469.5
2094,11,786865.5
2094,12,775794.0
2094,13,761140.0
2094,14,743289.5
2094,15,724628.5
2094,16,713322.5
2094,17,711606.0
2094,18,719023.0
2094,19,735688.0
2094,20,762175.0
2094,21,801163.5
2094,22,852942.0
2094,23,917696.5
2094,24,995702.0
2094,25,1081911.5
2094,26,1156577.0
2094,27,1214423.5
2094,28,1256227.5
2094,29,1281470.0
2094,30,1291957.5
2094,31,1295289.5
2094,32,1293422.5
2094,33,1285896.0
2094,34,1272410.5
2094,35,1253691.0
2094,36,1230178.5
2094,37,1202946.5
2094,38,1171609.5
2094,39,1136165.5
2094,40,1097735.0
2094,41,1058509.0
2094,42,1019574.0
2094,43,980561.0
2094,44,941906.5
2094,45,904671.0
2094,46,870920.0
2094,47,841707.0
2094,48,817101.5
2094,49,796273.0
2094,50,778387.5
2094,51,760942.0
2094,52,743257.0
2094,53,725260.0
2094,54,706411.0
2094,55,687225.5
2094,56,669018.5
2094,57,651798.0
2094,58,635553.0
2094,59,619746.0
2094,60,604557.0
2094,61,589999.0
2094,62,576325.0
2094,63,563166.0
2094,64,550135.0
2094,65,537679.0
2094,66,525950.5
2094,67,515008.5
2094,68,504991.0
2094,69,495106.5
2094,70,480998.0
2094,71,443704.5
2094,72,412690.5
2094,73,410903.0
2094,74,411859.5
2094,75,410514.0
2094,76,407432.0
2094,77,402593.0
2094,78,395908.0
2094,79,387315.0
2094,80,376865.5
2094,81,364876.0
2094,82,351821.5
2094,83,338155.5
2094,84,324255.0
2094,85,305116.0
2094,86,287350.5
2094,87,265588.5
2094,88,241486.0
2094,89,216707.5
2094,90,191799.5
2094,91,166670.0
2094,92,141622.5
2094,93,117680.0
2094,94,95810.5
2094,95,76866.5
2094,96,62306.5
2094,97,51852.0
2094,98,43250.0
2094,99,35133.0
2095,0,776148.0
2095,1,788176.0
2095,2,798322.5
2095,3,805907.0
2095,4,810965.0
2095,5,813376.0
2095,6,814167.0
2095,7,813869.5
2095,8,811606.0
2095,9,806880.5
2095,10,799868.5
2095,11,790610.5
2095,12,779132.5
2095,13,765168.0
2095,14,747602.5
2095,15,728817.0
2095,16,717199.5
2095,17,714968.5
2095,18,722377.5
2095,19,738966.5
2095,20,765476.5
2095,21,804353.5
2095,22,856436.5
2095,23,921398.0
2095,24,999423.5
2095,25,1085924.0
2095,26,1161247.5
2095,27,1220107.0
2095,28,1262053.0
2095,29,1287865.0
2095,30,1298800.5
2095,31,1302008.0
2095,32,1299785.5
2095,33,1292324.0
2095,34,1279159.5
2095,35,1260248.5
2095,36,1237078.5
2095,37,1209336.0
2095,38,1177842.5
2095,39,1142212.5
2095,40,1103165.5
2095,41,1064003.5
2095,42,1024770.0
2095,43,985835.5
2095,44,946829.0
2095,45,908848.0
2095,46,874940.5
2095,47,845194.5
2095,48,820008.0
2095,49,799446.5
2095,50,781885.5
2095,51,764096.0
2095,52,745952.0
2095,53,727563.5
2095,54,708859.5
2095,55,689590.0
2095,56,671146.0
2095,57,653974.0
2095,58,637790.5
2095,59,622587.0
2095,60,607699.0
2095,61,592918.5
2095,62,578637.5
2095,63,565231.0
2095,64,552332.5
2095,65,539702.5
2095,66,528230.0
2095,67,517619.5
2095,68,507784.0
2095,69,498860.0
2095,70,489866.0
2095,71,475878.5
2095,72,438634.0
2095,73,407639.0
2095,74,405644.5
2095,75,406334.0
2095,76,404710.5
2095,77,401293.0
2095,78,396061.5
2095,79,388928.0
2095,80,379832.0
2095,81,368794.0
2095,82,356138.5
2095,83,342366.0
2095,84,327934.5
2095,85,308496.5
2095,86,292533.0
2095,87,273773.0
2095,88,251251.0
2095,89,226631.5
2095,90,201561.0
2095,91,176610.0
2095,92,151759.0
2095,93,127362.0
2095,94,104387.0
2095,95,83675.0
2095,96,65867.5
2095,97,52174.5
2095,98,42282.5
2095,99,34216.0
2096,0,781060.5
2096,1,792723.0
2096,2,802765.0
2096,3,810822.0
2096,4,816279.5
2096,5,819213.5
2096,6,819586.5
2096,7,818346.5
2096,8,815999.0
2096,9,811669.5
2096,10,804727.5
2096,11,794974.5
2096,12,782829.5
2096,13,768444.0
2096,14,751553.5
2096,15,733048.0
2096,16,721336.5
2096,17,718834.5
2096,18,725767.5
2096,19,742389.0
2096,20,768869.0
2096,21,807839.0
2096,22,859887.0
2096,23,925229.0
2096,24,1003537.5
2096,25,1090110.0
2096,26,1165676.0
2096,27,1225117.0
2096,28,1268001.0
2096,29,1293878.5
2096,30,1305314.0
2096,31,1308927.0
2096,32,1306546.0
2096,33,1298694.0
2096,34,1285559.5
2096,35,1266935.5
2096,36,1243545.5
2096,37,1216119.0
2096,38,1184087.0
2096,39,1148272.0
2096,40,1109018.0
2096,41,1069240.5
2096,42,1030078.0
2096,43,990852.0
2096,44,951931.5
2096,45,913608.0
2096,46,878972.0
2096,47,849088.0
2096,48,823387.0
2096,49,802263.5
2096,50,784985.5
2096,51,767522.5
2096,52,749034.0
2096,53,730187.0
2096,54,711091.0
2096,55,691968.5
2096,56,673446.5
2096,57,656045.5
2096,58,639918.5
2096,59,624785.0
2096,60,610506.0
2096,61,596029.5
2096,62,581527.5
2096,63,567516.5
2096,64,554373.0
2096,65,541877.5
2096,66,530239.0
2096,67,519891.49999999994
2096,68,510395.0
2096,69,501660.0
2096,70,493630.5
2096,71,484732.0
2096,72,470643.0
2096,73,433439.5
2096,74,402450.0
2096,75,400227.5
2096,76,400635.5
2096,77,398674.5
2096,78,394860.5
2096,79,389170.5
2096,80,381518.0
2096,81,371813.0
2096,82,360090.5
2096,83,346707.5
2096,84,332169.5
2096,85,312186.0
2096,86,295952.5
2096,87,278892.5
2096,88,259169.50000000003
2096,89,235963.5
2096,90,210951.5
2096,91,185748.5
2096,92,160949.0
2096,93,136604.5
2096,94,113085.5
2096,95,91255.5
2096,96,71776.0
2096,97,55230.5
2096,98,42625.0
2096,99,33525.5
2097,0,785560.0
2097,1,797761.0
2097,2,807422.0
2097,3,815358.5
2097,4,821272.0
2097,5,824590.5
2097,6,825469.5
2097,7,823794.5
2097,8,820489.0
2097,9,816057.5
2097,10,809495.0
2097,11,799797.5
2097,12,787143.5
2097,13,772076.5
2097,14,754751.5
2097,15,736917.0
2097,16,725516.0
2097,17,722960.0
2097,18,729661.0
2097,19,745848.0
2097,20,772406.5
2097,21,811416.5
2097,22,863633.0
2097,23,929016.0
2097,24,1007781.5
2097,25,1094690.5
2097,26,1170277.5
2097,27,1229885.0
2097,28,1273274.5
2097,29,1300013.0
2097,30,1311444.0
2097,31,1315515.5
2097,32,1313505.0
2097,33,1305460.0
2097,34,1291899.5
2097,35,1273271.0
2097,36,1250140.0
2097,37,1222465.5
2097,38,1190721.5
2097,39,1154340.5
2097,40,1114879.0
2097,41,1074896.0
2097,42,1035125.5
2097,43,995978.5
2097,44,956774.5
2097,45,918547.0
2097,46,883584.0
2097,47,852990.5
2097,48,827170.0
2097,49,805552.0
2097,50,787727.0
2097,51,770549.5
2097,52,752386.5
2097,53,733195.5
2097,54,713641.0
2097,55,694128.0
2097,56,675759.0
2097,57,658288.0
2097,58,641941.0
2097,59,626871.5
2097,60,612670.0
2097,61,598804.5
2097,62,584606.5
2097,63,570377.0
2097,64,556632.0
2097,65,543893.5
2097,66,532397.0
2097,67,521891.49999999994
2097,68,512666.00000000006
2097,69,504277.0
2097,70,496443.5
2097,71,488508.5
2097,72,479478.5
2097,73,465264.0
2097,74,428090.0
2097,75,397108.5
2097,76,394647.0
2097,77,394712.5
2097,78,392352.0
2097,79,388072.5
2097,80,381851.5
2097,81,373571.0
2097,82,363156.0
2097,83,350684.0
2097,84,336522.5
2097,85,316402.0
2097,86,299660.0
2097,87,282331.0
2097,88,264194.0
2097,89,243569.5
2097,90,219796.5
2097,91,194550.5
2097,92,169415.0
2097,93,145001.5
2097,94,121403.5
2097,95,98954.5
2097,96,78353.5
2097,97,60243.5
2097,98,45178.5
2097,99,33857.5
2098,0,790035.5
2098,1,802386.0
2098,2,812570.0
2098,3,820108.5
2098,4,825886.0
2098,5,829645.0
2098,6,830891.5
2098,7,829706.0
2098,8,825949.0
2098,9,820540.5
2098,10,813860.5
2098,11,804527.5
2098,12,791914.5
2098,13,776325.0
2098,14,758305.5
2098,15,740032.0
2098,16,729331.5
2098,17,727125.5
2098,18,733813.0
2098,19,749808.5
2098,20,775979.0
2098,21,815137.0
2098,22,867469.0
2098,23,933097.5
2098,24,1011981.0
2098,25,1099399.0
2098,26,1175270.5
2098,27,1234823.5
2098,28,1278302.5
2098,29,1305469.5
2098,30,1317691.0
2098,31,1321717.0
2098,32,1320129.5
2098,33,1312420.0
2098,34,1298630.0
2098,35,1279542.0
2098,36,1256377.5
2098,37,1228934.0
2098,38,1196915.0
2098,39,1160794.0
2098,40,1120744.5
2098,41,1080556.0
2098,42,1040587.5
2098,43,1000841.0
2098,44,961723.5
2098,45,923222.5
2098,46,888371.5
2098,47,857470.5
2098,48,830960.0
2098,49,809241.0
2098,50,790937.0
2098,51,773216.5
2098,52,755338.0
2098,53,736472.5
2098,54,716574.0
2098,55,696603.5
2098,56,677851.5
2098,57,660541.5
2098,58,644132.5
2098,59,628851.5
2098,60,614721.5
2098,61,600935.5
2098,62,587348.5
2098,63,573424.0
2098,64,559462.0
2098,65,546126.0
2098,66,534394.0
2098,67,524038.5
2098,68,514664.0
2098,69,506553.5
2098,70,499072.0
2098,71,491335.5
2098,72,483266.0
2098,73,474077.5
2098,74,459709.0
2098,75,422569.0
2098,76,391609.0
2098,77,388851.5
2098,78,388511.0
2098,79,385681.0
2098,80,380861.0
2098,81,373996.5
2098,82,364983.0
2098,83,353790.5
2098,84,340513.5
2098,85,320724.0
2098,86,303866.5
2098,87,286039.5
2098,88,267631.0
2098,89,248469.5
2098,90,227047.5
2098,91,202860.5
2098,92,177585.0
2098,93,152758.0
2098,94,128984.0
2098,95,106336.0
2098,96,85048.0
2098,97,65829.5
2098,98,49329.5
2098,99,35934.0
2099,0,794597.5
2099,1,806988.5
2099,2,817305.0
2099,3,825350.0
2099,4,830714.0
2099,5,834321.0
2099,6,835991.0
2099,7,835156.5
2099,8,831871.0
2099,9,825993.5
2099,10,818321.0
2099,11,808855.0
2099,12,796592.5
2099,13,781031.0
2099,14,762475.0
2099,15,743501.0
2099,16,732392.5
2099,17,730927.0
2099,18,738005.5
2099,19,754026.5
2099,20,780052.5
2099,21,818891.5
2099,22,871448.5
2099,23,937270.0
2099,24,1016476.0
2099,25,1104064.0
2099,26,1180394.0
2099,27,1240155.0
2099,28,1283502.0
2099,29,1310682.0
2099,30,1323262.0
2099,31,1328035.5
2099,32,1326367.0
2099,33,1319044.5
2099,34,1305554.5
2099,35,1286203.0
2099,36,1262549.5
2099,37,1235045.5
2099,38,1203229.0
2099,39,1166805.0
2099,40,1126994.0
2099,41,1086219.0
2099,42,1046053.5
2099,43,1006116.0
2099,44,966407.5
2099,45,928002.5
2099,46,892895.5
2099,47,862125.5
2099,48,835326.5
2099,49,812936.0
2099,50,794547.5
2099,51,776351.0
2099,52,757930.0
2099,53,739348.5
2099,54,719774.5
2099,55,699461.5
2099,56,680259.5
2099,57,662575.0
2099,58,646334.5
2099,59,631000.5
2099,60,616667.0
2099,61,602955.0
2099,62,589448.5
2099,63,576135.0
2099,64,562478.0
2099,65,548928.5
2099,66,536607.0
2099,67,526026.5
2099,68,516808.5
2099,69,508559.0
2099,70,501362.5
2099,71,493979.5
2099,72,486111.5
2099,73,477879.5
2099,74,468501.0
2099,75,453963.0
2099,76,416872.5
2099,77,385906.5
2099,78,382794.5
2099,79,381977.5
2099,80,378600.5
2099,81,373127.0
2099,82,365512.0
2099,83,355695.5
2099,84,343665.0
2099,85,324700.5
2099,86,308180.0
2099,87,290230.5
2099,88,271333.0
2099,89,251896.0
2099,90,231805.0
2099,91,209728.0
2099,92,185330.5
2099,93,160271.0
2099,94,136016.0
2099,95,113092.0
2099,96,91491.5
2099,97,71534.5
2099,98,53964.5
2099,99,39281.0
