year,age,value
1950,0,0.05858272
1950,1,0.01456458
1950,2,0.00984526
1950,3,0.00713015
1950,4,0.00465502
1950,5,0.00330999
1950,6,0.00240906
1950,7,0.00193888
1950,8,0.00156932
1950,9,0.00136471
1950,10,0.00119471
1950,11,0.00114
1950,12,0.00114009
1950,13,0.00115054
1950,14,0.00128578
1950,15,0.00157072
1950,16,0.00195615
1950,17,0.00250449
1950,18,0.00304495
1950,19,0.00347349
1950,20,0.00388228
1950,21,0.00442728
1950,22,0.00482741
1950,23,0.00506215
1950,24,0.0053721
1950,25,0.00536981
1950,26,0.00554162
1950,27,0.0053567
1950,28,0.0053855
1950,29,0.00542019
1950,30,0.00519421
1950,31,0.00500947
1950,32,0.00512918
1950,33,0.00515568
1950,34,0.00526299
1950,35,0.00542251
1950,36,0.00547717
1950,37,0.00557495
1950,38,0.00570697
1950,39,0.00608153
1950,40,0.00612489
1950,41,0.00637015
1950,42,0.00671121
1950,43,0.0067079
1950,44,0.00718862
1950,45,0.00775735
1950,46,0.00781661
1950,47,0.00843535
1950,48,0.00904961
1950,49,0.00975092
1950,50,0.0102797
1950,51,0.01085189
1950,52,0.01240227
1950,53,0.01250373
1950,54,0.0141122
1950,55,0.01492021
1950,56,0.01635022
1950,57,0.01783507
1950,58,0.01979462
1950,59,0.02028498
1950,60,0.02261504
1950,61,0.02452941
1950,62,0.02581018
1950,63,0.03058702
1950,64,0.03267822
1950,65,0.03590335
1950,66,0.03957258
1950,67,0.04265702
1950,68,0.04661868
1950,69,0.0521348
1950,70,0.05444839
1950,71,0.06119417
1950,72,0.06621839
1950,73,0.07280883
1950,74,0.0802378
1950,75,0.08618328
1950,76,0.09421448
1950,77,0.10067436
1950,78,0.11012845
1950,79,0.11678481
1950,80,0.13653777
1950,81,0.14698188
1950,82,0.16446289
1950,83,0.17573353
1950,84,0.1904398
1950,85,0.20817838
1950,86,0.23414314
1950,87,0.24431906
1950,88,0.26822698
1950,89,0.28838025
1950,90,0.32144225
1950,91,0.33981092
1950,92,0.38544719
1950,93,0.36015962
1950,94,0.43369141
1950,95,0.44173391
1950,96,0.4694637
1950,97,0.49734626
1950,98,0.52520458
1950,99,0.55280228
1951,0,0.05590773
1951,1,0.01293066
1951,2,0.00933505
1951,3,0.00696517
1951,4,0.00471022
1951,5,0.00300022
1951,6,0.00219998
1951,7,0.0016945
1951,8,0.00138419
1951,9,0.00114452
1951,10,0.00106968
1951,11,0.00092984
1951,12,0.00098518
1951,13,0.00102037
1951,14,0.00113045
1951,15,0.00126007
1951,16,0.00160504
1951,17,0.0018493
1951,18,0.00227953
1951,19,0.00279307
1951,20,0.00294389
1951,21,0.00317236
1951,22,0.00350221
1951,23,0.00384206
1951,24,0.00403726
1951,25,0.00400075
1951,26,0.00418076
1951,27,0.00425502
1951,28,0.00417929
1951,29,0.00424381
1951,30,0.00436926
1951,31,0.00411594
1951,32,0.00418965
1951,33,0.00426885
1951,34,0.00423414
1951,35,0.00438504
1951,36,0.00455335
1951,37,0.00469833
1951,38,0.0048661
1951,39,0.00519092
1951,40,0.00525708
1951,41,0.00557874
1951,42,0.00578936
1951,43,0.00608011
1951,44,0.00641133
1951,45,0.00675379
1951,46,0.00729499
1951,47,0.00797868
1951,48,0.00854932
1951,49,0.00902846
1951,50,0.00941399
1951,51,0.0099566
1951,52,0.01094954
1951,53,0.01227915
1951,54,0.01264335
1951,55,0.01425421
1951,56,0.01517956
1951,57,0.01680358
1951,58,0.01871168
1951,59,0.01903412
1951,60,0.02105216
1951,61,0.02352925
1951,62,0.0256399
1951,63,0.02723859
1951,64,0.03195529
1951,65,0.03427856
1951,66,0.03725501
1951,67,0.04091301
1951,68,0.04503977
1951,69,0.05000146
1951,70,0.05428262
1951,71,0.05853344
1951,72,0.0643507
1951,73,0.06879665
1951,74,0.07619161
1951,75,0.08606815
1951,76,0.09118968
1951,77,0.09772485
1951,78,0.10571189
1951,79,0.11481018
1951,80,0.12699006
1951,81,0.13958859
1951,82,0.15304194
1951,83,0.17302693
1951,84,0.18723418
1951,85,0.19691719
1951,86,0.22136951
1951,87,0.23671079
1951,88,0.24642996
1951,89,0.26382751
1951,90,0.28709268
1951,91,0.32746967
1951,92,0.34957066
1951,93,0.36685641
1951,94,0.41709062
1951,95,0.42340588
1951,96,0.45091488
1951,97,0.47909798
1951,98,0.50744123
1951,99,0.53575119
1952,0,0.04945096
1952,1,0.00887021
1952,2,0.00745454
1952,3,0.00570002
1952,4,0.00392993
1952,5,0.0027205
1952,6,0.00179024
1952,7,0.00147995
1952,8,0.00118426
1952,9,0.0010094
1952,10,0.00091457
1952,11,0.00086475
1952,12,0.00084979
1952,13,0.00085497
1952,14,0.00095486
1952,15,0.00104972
1952,16,0.00128957
1952,17,0.0015841
1952,18,0.00189348
1952,19,0.00223318
1952,20,0.00253769
1952,21,0.00261821
1952,22,0.00279778
1952,23,0.003073
1952,24,0.00317712
1952,25,0.00321769
1952,26,0.00329196
1952,27,0.00329929
1952,28,0.00344655
1952,29,0.00345964
1952,30,0.00344878
1952,31,0.00360894
1952,32,0.00350596
1952,33,0.0035531
1952,34,0.0037817
1952,35,0.0037181
1952,36,0.00388412
1952,37,0.00417325
1952,38,0.00407867
1952,39,0.00433487
1952,40,0.00476804
1952,41,0.00496028
1952,42,0.0051248
1952,43,0.00542332
1952,44,0.00572787
1952,45,0.00602375
1952,46,0.00647425
1952,47,0.00720218
1952,48,0.00769682
1952,49,0.0083815
1952,50,0.00901
1952,51,0.00966214
1952,52,0.01030539
1952,53,0.0112402
1952,54,0.01247168
1952,55,0.01293939
1952,56,0.01432106
1952,57,0.01578626
1952,58,0.01815958
1952,59,0.01926944
1952,60,0.02006708
1952,61,0.02158298
1952,62,0.02415058
1952,63,0.02719436
1952,64,0.0286462
1952,65,0.03373151
1952,66,0.03560426
1952,67,0.0392066
1952,68,0.04370923
1952,69,0.04752825
1952,70,0.05104733
1952,71,0.0576976
1952,72,0.05950724
1952,73,0.06788964
1952,74,0.07311832
1952,75,0.08113552
1952,76,0.08804932
1952,77,0.0930461
1952,78,0.10559315
1952,79,0.11116961
1952,80,0.12728936
1952,81,0.1328252
1952,82,0.14949009
1952,83,0.15957632
1952,84,0.17630805
1952,85,0.194303
1952,86,0.2101081
1952,87,0.22238921
1952,88,0.25430192
1952,89,0.25610991
1952,90,0.28555697
1952,91,0.29933133
1952,92,0.35357978
1952,93,0.36479782
1952,94,0.39301001
1952,95,0.41070389
1952,96,0.43695217
1952,97,0.46378111
1952,98,0.49118137
1952,99,0.51865311
1953,0,0.04863039
1953,1,0.00845567
1953,2,0.00641456
1953,3,0.00504547
1953,4,0.00363499
1953,5,0.00247008
1953,6,0.00182035
1953,7,0.00128037
1953,8,0.00106496
1953,9,0.0009244
1953,10,0.00080443
1953,11,0.00076966
1953,12,0.00074987
1953,13,0.00077969
1953,14,0.00084993
1953,15,0.00095428
1953,16,0.00115942
1953,17,0.00137907
1953,18,0.00178798
1953,19,0.00200768
1953,20,0.00233245
1953,21,0.00257699
1953,22,0.00268626
1953,23,0.0027625
1953,24,0.00287202
1953,25,0.00291221
1953,26,0.00295203
1953,27,0.0029409
1953,28,0.00307807
1953,29,0.00322506
1953,30,0.00312753
1953,31,0.00314227
1953,32,0.00314383
1953,33,0.0033234
1953,34,0.00341154
1953,35,0.00334224
1953,36,0.00355022
1953,37,0.00363687
1953,38,0.00385338
1953,39,0.00417428
1953,40,0.00417495
1953,41,0.00452233
1953,42,0.00483544
1953,43,0.00494788
1953,44,0.00548012
1953,45,0.00595862
1953,46,0.00621989
1953,47,0.00669553
1953,48,0.00759716
1953,49,0.00800061
1953,50,0.00879884
1953,51,0.00953856
1953,52,0.01026199
1953,53,0.01093109
1953,54,0.01214483
1953,55,0.01368837
1953,56,0.01380768
1953,57,0.01573704
1953,58,0.0177184
1953,59,0.01923917
1953,60,0.02039745
1953,61,0.02211713
1953,62,0.02388339
1953,63,0.02706137
1953,64,0.03021562
1953,65,0.03213597
1953,66,0.03744092
1953,67,0.03989026
1953,68,0.04408229
1953,69,0.04901279
1953,70,0.05391665
1953,71,0.05992745
1953,72,0.06619455
1953,73,0.07018321
1953,74,0.0789127
1953,75,0.08465925
1953,76,0.09534386
1953,77,0.1042451
1953,78,0.11298017
1953,79,0.12422453
1953,80,0.13758874
1953,81,0.15290554
1953,82,0.16030576
1953,83,0.17544327
1953,84,0.19080153
1953,85,0.21776009
1953,86,0.23698766
1953,87,0.25349142
1953,88,0.28288131
1953,89,0.3093826
1953,90,0.31149612
1953,91,0.34798945
1953,92,0.35735297
1953,93,0.42057784
1953,94,0.40742645
1953,95,0.44776021
1953,96,0.47427722
1953,97,0.50051037
1953,98,0.52701279
1953,99,0.55387666
1954,0,0.04496758
1954,1,0.00694594
1954,2,0.00558189
1954,3,0.00459559
1954,4,0.0034353
1954,5,0.002385
1954,6,0.00170523
1954,7,0.00125047
1954,8,0.00099045
1954,9,0.00080498
1954,10,0.00074454
1954,11,0.00069958
1954,12,0.00068463
1954,13,0.00072476
1954,14,0.00077984
1954,15,0.0008292
1954,16,0.00110851
1954,17,0.00141324
1954,18,0.00163283
1954,19,0.00196754
1954,20,0.00226077
1954,21,0.00252652
1954,22,0.00257572
1954,23,0.00277035
1954,24,0.0028715
1954,25,0.00283121
1954,26,0.00294491
1954,27,0.00293588
1954,28,0.00295506
1954,29,0.00304824
1954,30,0.00308446
1954,31,0.00305701
1954,32,0.00320211
1954,33,0.00312631
1954,34,0.00319569
1954,35,0.00328339
1954,36,0.0034113
1954,37,0.00347799
1954,38,0.00374348
1954,39,0.0038932
1954,40,0.00400912
1954,41,0.00415527
1954,42,0.00454747
1954,43,0.00488525
1954,44,0.00527066
1954,45,0.00556288
1954,46,0.00600549
1954,47,0.00638925
1954,48,0.00718382
1954,49,0.00784598
1954,50,0.00859925
1954,51,0.00917689
1954,52,0.00984704
1954,53,0.01078154
1954,54,0.01138159
1954,55,0.01206895
1954,56,0.01396339
1954,57,0.0145539
1954,58,0.01716336
1954,59,0.01771351
1954,60,0.01949927
1954,61,0.02127249
1954,62,0.02287206
1954,63,0.02439971
1954,64,0.0278997
1954,65,0.03038665
1954,66,0.0328353
1954,67,0.03860855
1954,68,0.0407755
1954,69,0.04519252
1954,70,0.04964826
1954,71,0.05403502
1954,72,0.05919217
1954,73,0.06515952
1954,74,0.06898948
1954,75,0.07766805
1954,76,0.08215251
1954,77,0.09095418
1954,78,0.10142651
1954,79,0.10927297
1954,80,0.11648162
1954,81,0.13113264
1954,82,0.14580239
1954,83,0.15327348
1954,84,0.16827163
1954,85,0.18263731
1954,86,0.20522865
1954,87,0.22168771
1954,88,0.23535018
1954,89,0.25976232
1954,90,0.2975729
1954,91,0.3117252
1954,92,0.34444424
1954,93,0.33547743
1954,94,0.41695315
1954,95,0.41609691
1954,96,0.44464384
1954,97,0.47306606
1954,98,0.50113988
1954,99,0.5294367
1955,0,0.0402797
1955,1,0.00571889
1955,2,0.00440273
1955,3,0.00355659
1955,4,0.0027305
1955,5,0.00202079
1955,6,0.00151503
1955,7,0.00114538
1955,8,0.00095065
1955,9,0.00077547
1955,10,0.00069498
1955,11,0.00071474
1955,12,0.00064976
1955,13,0.00066961
1955,14,0.0007447
1955,15,0.0007996
1955,16,0.00094889
1955,17,0.00124754
1955,18,0.00153729
1955,19,0.00182721
1955,20,0.00203159
1955,21,0.00222628
1955,22,0.0024006
1955,23,0.00246584
1955,24,0.00253109
1955,25,0.00247167
1955,26,0.00261589
1955,27,0.00262671
1955,28,0.00249734
1955,29,0.00267997
1955,30,0.00267175
1955,31,0.00272255
1955,32,0.00273879
1955,33,0.00284085
1955,34,0.00290568
1955,35,0.00302558
1955,36,0.00314789
1955,37,0.00323247
1955,38,0.00337142
1955,39,0.00352714
1955,40,0.00374565
1955,41,0.00387727
1955,42,0.00413171
1955,43,0.00456016
1955,44,0.00489223
1955,45,0.00521595
1955,46,0.00569726
1955,47,0.00623453
1955,48,0.00676075
1955,49,0.00743489
1955,50,0.00805877
1955,51,0.00857944
1955,52,0.0093701
1955,53,0.01017664
1955,54,0.01112169
1955,55,0.01167535
1955,56,0.01251198
1955,57,0.01402592
1955,58,0.01557803
1955,59,0.0173039
1955,60,0.0190908
1955,61,0.02015755
1955,62,0.02262232
1955,63,0.02482503
1955,64,0.02648267
1955,65,0.02961195
1955,66,0.03263174
1955,67,0.03561259
1955,68,0.04090792
1955,69,0.04347684
1955,70,0.04842937
1955,71,0.05316249
1955,72,0.05778886
1955,73,0.06329562
1955,74,0.07108181
1955,75,0.07419245
1955,76,0.08361563
1955,77,0.08886694
1955,78,0.09993904
1955,79,0.10823948
1955,80,0.1188554
1955,81,0.13009188
1955,82,0.13759262
1955,83,0.15827403
1955,84,0.16182669
1955,85,0.18332186
1955,86,0.19719089
1955,87,0.21202253
1955,88,0.23816576
1955,89,0.25531437
1955,90,0.26900518
1955,91,0.29817722
1955,92,0.31349577
1955,93,0.36226186
1955,94,0.37119631
1955,95,0.39232092
1955,96,0.41809005
1955,97,0.44445707
1955,98,0.47075336
1955,99,0.49646322
1956,0,0.04096309
1956,1,0.00533296
1956,2,0.00420265
1956,3,0.0032861
1956,4,0.00258117
1956,5,0.00188712
1956,6,0.00144642
1956,7,0.00107506
1956,8,0.00086522
1956,9,0.00076532
1956,10,0.00070037
1956,11,0.00057999
1956,12,0.00059479
1956,13,0.00060971
1956,14,0.00066451
1956,15,0.00076452
1956,16,0.00097426
1956,17,0.00114839
1956,18,0.00141213
1956,19,0.00177597
1956,20,0.00190171
1956,21,0.00217646
1956,22,0.00221085
1956,23,0.00236162
1956,24,0.00242613
1956,25,0.00234719
1956,26,0.0023528
1956,27,0.00231238
1956,28,0.00243729
1956,29,0.00253564
1956,30,0.00249784
1956,31,0.00244482
1956,32,0.00270256
1956,33,0.00270701
1956,34,0.00284732
1956,35,0.0028985
1956,36,0.00307603
1956,37,0.00311693
1956,38,0.00318612
1956,39,0.00351538
1956,40,0.00355074
1956,41,0.00396477
1956,42,0.00405393
1956,43,0.00433996
1956,44,0.00473392
1956,45,0.00525083
1956,46,0.00569949
1956,47,0.00618858
1956,48,0.00654869
1956,49,0.00708314
1956,50,0.00810321
1956,51,0.00874209
1956,52,0.0094308
1956,53,0.01056496
1956,54,0.01121694
1956,55,0.01213184
1956,56,0.0129713
1956,57,0.0142366
1956,58,0.01701417
1956,59,0.01726822
1956,60,0.01922358
1956,61,0.02086339
1956,62,0.02295965
1956,63,0.02548911
1956,64,0.02787943
1956,65,0.02989112
1956,66,0.0340503
1956,67,0.03718011
1956,68,0.03954605
1956,69,0.04699734
1956,70,0.05018885
1956,71,0.05605521
1956,72,0.06157942
1956,73,0.06670081
1956,74,0.07437726
1956,75,0.08200023
1956,76,0.08818611
1956,77,0.09808199
1956,78,0.10601423
1956,79,0.11730198
1956,80,0.13025853
1956,81,0.14117934
1956,82,0.15278964
1956,83,0.16915479
1956,84,0.18896438
1956,85,0.19233408
1956,86,0.21572902
1956,87,0.23415556
1956,88,0.26578446
1956,89,0.28931312
1956,90,0.30053511
1956,91,0.33115169
1956,92,0.38191083
1956,93,0.3704887
1956,94,0.38714077
1956,95,0.43495832
1956,96,0.46315305
1956,97,0.49194315
1956,98,0.52091374
1956,99,0.54955852
1957,0,0.0396075
1957,1,0.00528388
1957,2,0.00381319
1957,3,0.00300588
1957,4,0.00232612
1957,5,0.00186141
1957,6,0.00134185
1957,7,0.00104623
1957,8,0.00086001
1957,9,0.00076012
1957,10,0.00067519
1957,11,0.00056513
1957,12,0.00063998
1957,13,0.00065978
1957,14,0.00069464
1957,15,0.00077453
1957,16,0.00106414
1957,17,0.00118858
1957,18,0.0014425
1957,19,0.00175033
1957,20,0.00191068
1957,21,0.0019415
1957,22,0.00222139
1957,23,0.00233099
1957,24,0.00242629
1957,25,0.00235222
1957,26,0.00226771
1957,27,0.0023283
1957,28,0.00234334
1957,29,0.00247828
1957,30,0.00249379
1957,31,0.00247137
1957,32,0.00261816
1957,33,0.00268627
1957,34,0.00288802
1957,35,0.00288013
1957,36,0.00301166
1957,37,0.00313276
1957,38,0.00323307
1957,39,0.00339236
1957,40,0.00357259
1957,41,0.00384251
1957,42,0.00421535
1957,43,0.00431895
1957,44,0.00469961
1957,45,0.00525383
1957,46,0.00566678
1957,47,0.00606179
1957,48,0.00668122
1957,49,0.00745408
1957,50,0.0079606
1957,51,0.00875564
1957,52,0.00959172
1957,53,0.01036809
1957,54,0.01137047
1957,55,0.01259599
1957,56,0.0136565
1957,57,0.01442412
1957,58,0.01690587
1957,59,0.01813041
1957,60,0.01921903
1957,61,0.02157266
1957,62,0.02382152
1957,63,0.02615365
1957,64,0.02867956
1957,65,0.03144898
1957,66,0.03407511
1957,67,0.03864678
1957,68,0.04325154
1957,69,0.04641244
1957,70,0.05517554
1957,71,0.05809464
1957,72,0.06518861
1957,73,0.07065414
1957,74,0.0776832
1957,75,0.08691899
1957,76,0.09550365
1957,77,0.10110086
1957,78,0.11579542
1957,79,0.12241604
1957,80,0.13792264
1957,81,0.15110823
1957,82,0.16137606
1957,83,0.1767067
1957,84,0.19525846
1957,85,0.21952503
1957,86,0.2314724
1957,87,0.25281101
1957,88,0.27643641
1957,89,0.29537381
1957,90,0.3234428
1957,91,0.35431916
1957,92,0.3679095
1957,93,0.41957727
1957,94,0.42747759
1957,95,0.45746768
1957,96,0.48541119
1957,97,0.51337225
1957,98,0.5417236
1957,99,0.5699026700000001
1958,0,0.03643659
1958,1,0.00430377
1958,2,0.00316739
1958,3,0.00246539
1958,4,0.00198177
1958,5,0.00157639
1958,6,0.00122236
1958,7,0.00093726
1958,8,0.0007715
1958,9,0.00064493
1958,10,0.00060505
1958,11,0.00058022
1958,12,0.00049521
1958,13,0.00057999
1958,14,0.00060454
1958,15,0.00073433
1958,16,0.0008892
1958,17,0.0011038
1958,18,0.00134782
1958,19,0.0015471
1958,20,0.00179904
1958,21,0.00192481
1958,22,0.00198642
1958,23,0.00212116
1958,24,0.00214645
1958,25,0.00218153
1958,26,0.00220198
1958,27,0.00212297
1958,28,0.00207347
1958,29,0.00221889
1958,30,0.0021884
1958,31,0.00222261
1958,32,0.00235576
1958,33,0.00241403
1958,34,0.0025146
1958,35,0.00260805
1958,36,0.00271748
1958,37,0.00276689
1958,38,0.00289545
1958,39,0.0031718
1958,40,0.00332591
1958,41,0.00341808
1958,42,0.00361508
1958,43,0.0039759
1958,44,0.00428911
1958,45,0.00480207
1958,46,0.00515819
1958,47,0.00566116
1958,48,0.00623765
1958,49,0.00683509
1958,50,0.00752328
1958,51,0.00802245
1958,52,0.00891949
1958,53,0.00965327
1958,54,0.01026967
1958,55,0.0115229
1958,56,0.01253363
1958,57,0.01352027
1958,58,0.01514943
1958,59,0.0160851
1958,60,0.01787919
1958,61,0.01911129
1958,62,0.02169671
1958,63,0.02345634
1958,64,0.02577634
1958,65,0.02819849
1958,66,0.03095326
1958,67,0.03330299
1958,68,0.03786604
1958,69,0.04272427
1958,70,0.04556907
1958,71,0.05291969
1958,72,0.05696431
1958,73,0.06308409
1958,74,0.06949655
1958,75,0.07487959
1958,76,0.08368635
1958,77,0.09210662
1958,78,0.09753789
1958,79,0.10952055
1958,80,0.12040254
1958,81,0.13202514
1958,82,0.14312575
1958,83,0.15275719
1958,84,0.16666046
1958,85,0.17841675
1958,86,0.20356522
1958,87,0.20913963
1958,88,0.23060106
1958,89,0.26114767
1958,90,0.27921502
1958,91,0.30025073
1958,92,0.31788307
1958,93,0.34273851
1958,94,0.4015242
1958,95,0.40004512
1958,96,0.42718631
1958,97,0.45426766
1958,98,0.48147645
1958,99,0.50933066
1959,0,0.03381335
1959,1,0.00427619
1959,2,0.0029445
1959,3,0.00230253
1959,4,0.00184722
1959,5,0.00149114
1959,6,0.00117163
1959,7,0.00095153
1959,8,0.00078247
1959,9,0.00072119
1959,10,0.00064485
1959,11,0.00056998
1959,12,0.00056512
1959,13,0.00053533
1959,14,0.00059004
1959,15,0.00071949
1959,16,0.000859
1959,17,0.00102867
1959,18,0.00127806
1959,19,0.00150207
1959,20,0.00157951
1959,21,0.00175382
1959,22,0.00188805
1959,23,0.00187089
1959,24,0.00207086
1959,25,0.00199125
1959,26,0.00200282
1959,27,0.00210299
1959,28,0.00202375
1959,29,0.00212934
1959,30,0.00213426
1959,31,0.00223858
1959,32,0.00222788
1959,33,0.00234611
1959,34,0.00248073
1959,35,0.0025066
1959,36,0.0026297
1959,37,0.00271475
1959,38,0.00274157
1959,39,0.00305742
1959,40,0.00308973
1959,41,0.00338254
1959,42,0.00351936
1959,43,0.00396739
1959,44,0.00425239
1959,45,0.0045481
1959,46,0.00487521
1959,47,0.00537774
1959,48,0.00593156
1959,49,0.00653515
1959,50,0.00704936
1959,51,0.00777717
1959,52,0.00831395
1959,53,0.00957214
1959,54,0.01049007
1959,55,0.01114377
1959,56,0.01219174
1959,57,0.01358275
1959,58,0.01525967
1959,59,0.01589516
1959,60,0.01702136
1959,61,0.01931065
1959,62,0.02043727
1959,63,0.02303344
1959,64,0.02554345
1959,65,0.02746608
1959,66,0.03111187
1959,67,0.03443676
1959,68,0.03658353
1959,69,0.04191179
1959,70,0.04623337
1959,71,0.05024597
1959,72,0.05824492
1959,73,0.06241053
1959,74,0.06839796
1959,75,0.07560913
1959,76,0.08234783
1959,77,0.08989581
1959,78,0.10234454
1959,79,0.10746547
1959,80,0.12307329
1959,81,0.1321596
1959,82,0.14644628
1959,83,0.16058723
1959,84,0.169233
1959,85,0.18312285
1959,86,0.20136153
1959,87,0.22648196
1959,88,0.23084273
1959,89,0.25402738
1959,90,0.27391732
1959,91,0.31110237
1959,92,0.33259172
1959,93,0.37278364
1959,94,0.3637903
1959,95,0.40257597
1959,96,0.4296415
1959,97,0.45725761
1959,98,0.48495041
1959,99,0.51276473
1960,0,0.03137647
1960,1,0.00361402
1960,2,0.00260376
1960,3,0.0019831
1960,4,0.00163731
1960,5,0.00133658
1960,6,0.00103121
1960,7,0.00081669
1960,8,0.00073177
1960,9,0.0006168
1960,10,0.00053064
1960,11,0.00049983
1960,12,0.00051498
1960,13,0.00050515
1960,14,0.00052554
1960,15,0.00064514
1960,16,0.00083915
1960,17,0.00107318
1960,18,0.00123748
1960,19,0.00147173
1960,20,0.0015706
1960,21,0.00162896
1960,22,0.00181744
1960,23,0.00184312
1960,24,0.00188011
1960,25,0.00192617
1960,26,0.00189702
1960,27,0.00195276
1960,28,0.00198876
1960,29,0.00189426
1960,30,0.00194486
1960,31,0.00200464
1960,32,0.00209896
1960,33,0.00215261
1960,34,0.00228969
1960,35,0.0023922
1960,36,0.00248519
1960,37,0.00255404
1960,38,0.00265119
1960,39,0.00304594
1960,40,0.00311449
1960,41,0.00329091
1960,42,0.00338362
1960,43,0.0036871
1960,44,0.00408313
1960,45,0.00438431
1960,46,0.00494378
1960,47,0.00530478
1960,48,0.00580825
1960,49,0.00646407
1960,50,0.00706328
1960,51,0.00757451
1960,52,0.00839397
1960,53,0.0092312
1960,54,0.01023302
1960,55,0.01117965
1960,56,0.01195659
1960,57,0.01327949
1960,58,0.01494036
1960,59,0.01592654
1960,60,0.01755008
1960,61,0.01884898
1960,62,0.02142668
1960,63,0.02280346
1960,64,0.02636012
1960,65,0.02847758
1960,66,0.03111469
1960,67,0.03547097
1960,68,0.03847099
1960,69,0.04159564
1960,70,0.04694324
1960,71,0.05350781
1960,72,0.05703623
1960,73,0.06635086
1960,74,0.07063324
1960,75,0.07982654
1960,76,0.08724196
1960,77,0.09555318
1960,78,0.10607034
1960,79,0.11710895
1960,80,0.1250035
1960,81,0.14333927
1960,82,0.15002178
1960,83,0.16937184
1960,84,0.18431714
1960,85,0.19505198
1960,86,0.21100559
1960,87,0.23113159
1960,88,0.26104708
1960,89,0.26673427
1960,90,0.30537114
1960,91,0.32536962
1960,92,0.35059168
1960,93,0.35893833
1960,94,0.42601573
1960,95,0.43239364
1960,96,0.46097208
1960,97,0.49035745
1960,98,0.5198782
1960,99,0.54919322
1961,0,0.02916451
1961,1,0.00313553
1961,2,0.00219737
1961,3,0.00177278
1961,4,0.00145674
1961,5,0.00117213
1961,6,0.00088223
1961,7,0.00080148
1961,8,0.00066675
1961,9,0.00059649
1961,10,0.00050658
1961,11,0.00048556
1961,12,0.00044979
1961,13,0.00049995
1961,14,0.00053519
1961,15,0.00064573
1961,16,0.00082015
1961,17,0.00101861
1961,18,0.00118252
1961,19,0.00134154
1961,20,0.00149063
1961,21,0.00156419
1961,22,0.00158764
1961,23,0.00169217
1961,24,0.00177236
1961,25,0.00175082
1961,26,0.00177178
1961,27,0.0017528
1961,28,0.00179337
1961,29,0.00185911
1961,30,0.00181478
1961,31,0.0019051
1961,32,0.00201981
1961,33,0.0020385
1961,34,0.00228221
1961,35,0.00231854
1961,36,0.00232162
1961,37,0.0024056
1961,38,0.00261775
1961,39,0.00276762
1961,40,0.00286499
1961,41,0.00314281
1961,42,0.00331097
1961,43,0.00362803
1961,44,0.00397569
1961,45,0.00419701
1961,46,0.0045819
1961,47,0.00508666
1961,48,0.0055076
1961,49,0.00617548
1961,50,0.00677138
1961,51,0.00734103
1961,52,0.00815232
1961,53,0.00874842
1961,54,0.0094123
1961,55,0.01091497
1961,56,0.01181191
1961,57,0.01277005
1961,58,0.01456857
1961,59,0.01585994
1961,60,0.01675036
1961,61,0.01856661
1961,62,0.01993951
1961,63,0.02291398
1961,64,0.02422707
1961,65,0.02793907
1961,66,0.02997416
1961,67,0.03363263
1961,68,0.03774777
1961,69,0.04038079
1961,70,0.04438855
1961,71,0.05065924
1961,72,0.05655997
1961,73,0.06104647
1961,74,0.07108744
1961,75,0.07633125
1961,76,0.08529905
1961,77,0.09407415
1961,78,0.10401764
1961,79,0.11386118
1961,80,0.12600742
1961,81,0.13662878
1961,82,0.1547093
1961,83,0.17019542
1961,84,0.17959687
1961,85,0.19960803
1961,86,0.21436947
1961,87,0.22958832
1961,88,0.25309786
1961,89,0.27780409
1961,90,0.29012941
1961,91,0.32364489
1961,92,0.34970094
1961,93,0.39622315
1961,94,0.40423205
1961,95,0.43273949
1961,96,0.46097987
1961,97,0.48972843
1961,98,0.51904831
1961,99,0.54828153
1962,0,0.02705925
1962,1,0.00298147
1962,2,0.00185261
1962,3,0.00145739
1962,4,0.00125713
1962,5,0.00102145
1962,6,0.00078669
1962,7,0.00066187
1962,8,0.00058589
1962,9,0.00050108
1962,10,0.00045598
1962,11,0.0004609
1962,12,0.00045051
1962,13,0.0004598
1962,14,0.00050495
1962,15,0.0005753
1962,16,0.00065583
1962,17,0.00087503
1962,18,0.00101828
1962,19,0.00114216
1962,20,0.00127607
1962,21,0.00139063
1962,22,0.00151431
1962,23,0.00151838
1962,24,0.00156851
1962,25,0.00163385
1962,26,0.00156203
1962,27,0.00169721
1962,28,0.00163334
1962,29,0.001784
1962,30,0.00177467
1962,31,0.00179507
1962,32,0.00191535
1962,33,0.00196495
1962,34,0.00213808
1962,35,0.00214672
1962,36,0.00222448
1962,37,0.00239452
1962,38,0.00255138
1962,39,0.00269624
1962,40,0.00280102
1962,41,0.00315764
1962,42,0.00316472
1962,43,0.00356895
1962,44,0.00381925
1962,45,0.00421461
1962,46,0.00450499
1962,47,0.00494057
1962,48,0.00542444
1962,49,0.00591998
1962,50,0.00650297
1962,51,0.00726018
1962,52,0.00804885
1962,53,0.00875398
1962,54,0.00973502
1962,55,0.01010791
1962,56,0.0114619
1962,57,0.01295972
1962,58,0.01431529
1962,59,0.01550396
1962,60,0.01703463
1962,61,0.01828472
1962,62,0.02008868
1962,63,0.02238402
1962,64,0.02540381
1962,65,0.02710202
1962,66,0.03079777
1962,67,0.0339288
1962,68,0.03765876
1962,69,0.0419433
1962,70,0.04672218
1962,71,0.05003269
1962,72,0.05775331
1962,73,0.06503686
1962,74,0.06914527
1962,75,0.08133069
1962,76,0.08845961
1962,77,0.09938703
1962,78,0.10769196
1962,79,0.11956457
1962,80,0.13154772
1962,81,0.14534715
1962,82,0.15686918
1962,83,0.17745929
1962,84,0.18748394
1962,85,0.20740728
1962,86,0.22289506
1962,87,0.24353179
1962,88,0.26642205
1962,89,0.29067555
1962,90,0.31596622
1962,91,0.32090564
1962,92,0.36377883
1962,93,0.38110199
1962,94,0.42283753
1962,95,0.44187795
1962,96,0.46973896
1962,97,0.4971542
1962,98,0.52474361
1962,99,0.55305075
1963,0,0.0237753
1963,1,0.00249033
1963,2,0.00159963
1963,3,0.00129891
1963,4,0.00108783
1963,5,0.00095233
1963,6,0.00073172
1963,7,0.0006119
1963,8,0.0005219
1963,9,0.0004662
1963,10,0.00041636
1963,11,0.00039598
1963,12,0.00039119
1963,13,0.00040565
1963,14,0.00043969
1963,15,0.00052493
1963,16,0.00066038
1963,17,0.00079584
1963,18,0.00089979
1963,19,0.00107256
1963,20,0.00119634
1963,21,0.00121117
1963,22,0.00135024
1963,23,0.00138013
1963,24,0.00143917
1963,25,0.00147879
1963,26,0.00144512
1963,27,0.00149234
1963,28,0.00150828
1963,29,0.00167828
1963,30,0.00161418
1963,31,0.00170487
1963,32,0.00173532
1963,33,0.00185567
1963,34,0.00198488
1963,35,0.00208293
1963,36,0.0020916
1963,37,0.002453
1963,38,0.00243882
1963,39,0.0026087
1963,40,0.00272388
1963,41,0.00291948
1963,42,0.0032161
1963,43,0.00322349
1963,44,0.00376984
1963,45,0.00398893
1963,46,0.00422036
1963,47,0.00481994
1963,48,0.0052059
1963,49,0.00579178
1963,50,0.00611428
1963,51,0.00683006
1963,52,0.00737173
1963,53,0.00824697
1963,54,0.00905564
1963,55,0.00990277
1963,56,0.01049639
1963,57,0.01193456
1963,58,0.01384042
1963,59,0.01460382
1963,60,0.01589983
1963,61,0.01758862
1963,62,0.01933626
1963,63,0.02097491
1963,64,0.02338494
1963,65,0.02669639
1963,66,0.02812982
1963,67,0.032192
1963,68,0.03510152
1963,69,0.03893592
1963,70,0.04294461
1963,71,0.04735377
1963,72,0.0512152
1963,73,0.05905334
1963,74,0.06593438
1963,75,0.07072792
1963,76,0.08240753
1963,77,0.08782411
1963,78,0.09907521
1963,79,0.10888551
1963,80,0.11915373
1963,81,0.13091617
1963,82,0.14320633
1963,83,0.15307364
1963,84,0.17260673
1963,85,0.18623992
1963,86,0.20640317
1963,87,0.21929125
1963,88,0.24229878
1963,89,0.25452257
1963,90,0.28092871
1963,91,0.30600332
1963,92,0.31792083
1963,93,0.33095704
1963,94,0.37264323
1963,95,0.39350899
1963,96,0.41889838
1963,97,0.44457345
1963,98,0.47019046
1963,99,0.49608994
1964,0,0.02126404
1964,1,0.00229013
1964,2,0.00148301
1964,3,0.00114847
1964,4,0.0009577
1964,5,0.00081688
1964,6,0.00072201
1964,7,0.00063213
1964,8,0.00053224
1964,9,0.00045145
1964,10,0.00041604
1964,11,0.00040604
1964,12,0.00039089
1964,13,0.00041116
1964,14,0.0004156
1964,15,0.00050961
1964,16,0.00069476
1964,17,0.00078036
1964,18,0.00086073
1964,19,0.00101399
1964,20,0.00109692
1964,21,0.00113633
1964,22,0.00125019
1964,23,0.00132073
1964,24,0.0013846
1964,25,0.00138959
1964,26,0.00140984
1964,27,0.00143631
1964,28,0.00143301
1964,29,0.00153388
1964,30,0.00153921
1964,31,0.00162478
1964,32,0.00167542
1964,33,0.00175064
1964,34,0.00181062
1964,35,0.00192992
1964,36,0.00209808
1964,37,0.00225134
1964,38,0.0024379
1964,39,0.00256153
1964,40,0.0026903
1964,41,0.00292583
1964,42,0.00299772
1964,43,0.00327863
1964,44,0.00361644
1964,45,0.00374753
1964,46,0.00427595
1964,47,0.00454995
1964,48,0.00507781
1964,49,0.00555276
1964,50,0.00582738
1964,51,0.00661386
1964,52,0.00733568
1964,53,0.00796019
1964,54,0.0088502
1964,55,0.00960529
1964,56,0.0105283
1964,57,0.01139106
1964,58,0.01325472
1964,59,0.01430995
1964,60,0.01532584
1964,61,0.01707388
1964,62,0.01907808
1964,63,0.02059964
1964,64,0.02281078
1964,65,0.02513277
1964,66,0.02850229
1964,67,0.03021872
1964,68,0.03499214
1964,69,0.03813693
1964,70,0.04284595
1964,71,0.04754821
1964,72,0.0531879
1964,73,0.05650367
1964,74,0.06454178
1964,75,0.07250744
1964,76,0.07746092
1964,77,0.09122729
1964,78,0.09726494
1964,79,0.10859279
1964,80,0.11877804
1964,81,0.12943711
1964,82,0.14275851
1964,83,0.15678098
1964,84,0.16737534
1964,85,0.18703703
1964,86,0.20288482
1964,87,0.2198347
1964,88,0.22838152
1964,89,0.25690054
1964,90,0.27692909
1964,91,0.29692728
1964,92,0.33979627
1964,93,0.34104387
1964,94,0.37890405
1964,95,0.40032108
1964,96,0.4271444
1964,97,0.45451871
1964,98,0.48207521
1964,99,0.50959088
1965,0,0.01969041
1965,1,0.00213424
1965,2,0.00139412
1965,3,0.00108257
1965,4,0.00094368
1965,5,0.00076302
1965,6,0.00065185
1965,7,0.00060712
1965,8,0.00048194
1965,9,0.00040131
1965,10,0.00038614
1965,11,0.00035605
1965,12,0.00036085
1965,13,0.000391
1965,14,0.00045654
1965,15,0.00048591
1965,16,0.00064426
1965,17,0.00073461
1965,18,0.00078503
1965,19,0.00089017
1965,20,0.00099332
1965,21,0.00110665
1965,22,0.00116597
1965,23,0.00118116
1965,24,0.00128612
1965,25,0.00130143
1965,26,0.00130206
1965,27,0.00127676
1965,28,0.00139288
1965,29,0.00142882
1965,30,0.00144424
1965,31,0.00158479
1965,32,0.00161532
1965,33,0.00175574
1965,34,0.00182579
1965,35,0.00193573
1965,36,0.00205004
1965,37,0.00212806
1965,38,0.00225127
1965,39,0.00252674
1965,40,0.00258952
1965,41,0.00277347
1965,42,0.00288305
1965,43,0.00318201
1965,44,0.00357587
1965,45,0.00380216
1965,46,0.00411889
1965,47,0.00457454
1965,48,0.0051405
1965,49,0.00552474
1965,50,0.00590245
1965,51,0.00650391
1965,52,0.00701803
1965,53,0.0077952
1965,54,0.00879176
1965,55,0.00952046
1965,56,0.01049371
1965,57,0.01138831
1965,58,0.01269582
1965,59,0.01410732
1965,60,0.01563331
1965,61,0.01740311
1965,62,0.01912083
1965,63,0.02120551
1965,64,0.02359496
1965,65,0.02558563
1965,66,0.02812426
1965,67,0.03246489
1965,68,0.03451149
1965,69,0.03990981
1965,70,0.04332922
1965,71,0.04889774
1965,72,0.05376413
1965,73,0.0601626
1965,74,0.06524917
1965,75,0.07417806
1965,76,0.08304116
1965,77,0.09061997
1965,78,0.10457173
1965,79,0.11253437
1965,80,0.12683301
1965,81,0.13790481
1965,82,0.15161582
1965,83,0.16816639
1965,84,0.18137423
1965,85,0.19302836
1965,86,0.22087154
1965,87,0.23533215
1965,88,0.25774172
1965,89,0.27612575
1965,90,0.30109812
1965,91,0.32617224
1965,92,0.35188933
1965,93,0.37750861
1965,94,0.3884304
1965,95,0.4287443
1965,96,0.45659687
1965,97,0.48499494
1965,98,0.51358265
1965,99,0.54197713
1966,0,0.01709244
1966,1,0.00200826
1966,2,0.00127372
1966,3,0.00098805
1966,4,0.00086273
1966,5,0.00073291
1966,6,0.00063342
1966,7,0.00056711
1966,8,0.00050193
1966,9,0.00041625
1966,10,0.00041624
1966,11,0.00037067
1966,12,0.00037049
1966,13,0.00039084
1966,14,0.00039137
1966,15,0.00048189
1966,16,0.00064133
1966,17,0.00072903
1966,18,0.00083931
1966,19,0.00092475
1966,20,0.00096484
1966,21,0.0010981
1966,22,0.00113663
1966,23,0.00119138
1966,24,0.00123604
1966,25,0.00129614
1966,26,0.00125684
1966,27,0.00130174
1966,28,0.00128651
1966,29,0.0013876
1966,30,0.00137919
1966,31,0.00146963
1966,32,0.00160497
1966,33,0.00166046
1966,34,0.00179575
1966,35,0.00192078
1966,36,0.00199088
1966,37,0.00207999
1966,38,0.00225784
1966,39,0.00247058
1966,40,0.00259527
1966,41,0.00269113
1966,42,0.00299618
1966,43,0.00306506
1966,44,0.00332851
1966,45,0.00375836
1966,46,0.00404009
1966,47,0.00421652
1966,48,0.00459524
1966,49,0.00517909
1966,50,0.00567017
1966,51,0.00613396
1966,52,0.0068223
1966,53,0.00742591
1966,54,0.00825832
1966,55,0.00904492
1966,56,0.01000601
1966,57,0.01096659
1966,58,0.01245623
1966,59,0.01312928
1966,60,0.01485264
1966,61,0.01628135
1966,62,0.01821187
1966,63,0.02039278
1966,64,0.0224793
1966,65,0.02451008
1966,66,0.0263851
1966,67,0.02954037
1966,68,0.03430018
1966,69,0.03615771
1966,70,0.04141081
1966,71,0.04544058
1966,72,0.05085247
1966,73,0.05614357
1966,74,0.06216339
1966,75,0.06642737
1966,76,0.07652481
1966,77,0.08543815
1966,78,0.09237552
1966,79,0.10545049
1966,80,0.11049085
1966,81,0.12755765
1966,82,0.13749595
1966,83,0.1522175
1966,84,0.16687141
1966,85,0.18231191
1966,86,0.1944452
1966,87,0.21572867
1966,88,0.23441684
1966,89,0.2599473
1966,90,0.26521873
1966,91,0.29803525
1966,92,0.31936556
1966,93,0.34583926
1966,94,0.3822387
1966,95,0.40055882
1966,96,0.42803847
1966,97,0.45597011
1966,98,0.48436799
1966,99,0.51294008
1967,0,0.01712619
1967,1,0.00183733
1967,2,0.00116313
1967,3,0.00088335
1967,4,0.00077231
1967,5,0.00060229
1967,6,0.00057235
1967,7,0.00050808
1967,8,0.0004223
1967,9,0.00041666
1967,10,0.00037613
1967,11,0.00034133
1967,12,0.0003763
1967,13,0.00039095
1967,14,0.00040111
1967,15,0.00046654
1967,16,0.00062751
1967,17,0.00071126
1967,18,0.00078848
1967,19,0.00084384
1967,20,0.00096422
1967,21,0.00098465
1967,22,0.00110303
1967,23,0.00115704
1967,24,0.00115231
1967,25,0.00120251
1967,26,0.00120837
1967,27,0.00121862
1967,28,0.00127887
1967,29,0.00138864
1967,30,0.00132914
1967,31,0.00133015
1967,32,0.00153549
1967,33,0.00158596
1967,34,0.00168199
1967,35,0.00182156
1967,36,0.00190636
1967,37,0.0020665
1967,38,0.00220097
1967,39,0.002389
1967,40,0.00250653
1967,41,0.00264198
1967,42,0.00278913
1967,43,0.00304909
1967,44,0.00327971
1967,45,0.00353963
1967,46,0.00379334
1967,47,0.00418833
1967,48,0.00446283
1967,49,0.00493669
1967,50,0.005525
1967,51,0.00588402
1967,52,0.00650743
1967,53,0.00713041
1967,54,0.00779356
1967,55,0.00863436
1967,56,0.00945621
1967,57,0.0106394
1967,58,0.01212519
1967,59,0.01314372
1967,60,0.01384585
1967,61,0.01616117
1967,62,0.01783258
1967,63,0.01940775
1967,64,0.0217581
1967,65,0.02389098
1967,66,0.02596839
1967,67,0.02866381
1967,68,0.0319095
1967,69,0.03672702
1967,70,0.03910618
1967,71,0.04529241
1967,72,0.04906506
1967,73,0.05480339
1967,74,0.06043374
1967,75,0.06756183
1967,76,0.07373335
1967,77,0.08380371
1967,78,0.09268189
1967,79,0.10015181
1967,80,0.1163741
1967,81,0.12093639
1967,82,0.1370209
1967,83,0.15106878
1967,84,0.16245379
1967,85,0.18015308
1967,86,0.19863619
1967,87,0.21179915
1967,88,0.23673265
1967,89,0.26203868
1967,90,0.27532058
1967,91,0.29369619
1967,92,0.33540604
1967,93,0.33429008
1967,94,0.36913917
1967,95,0.39883325
1967,96,0.42618319
1967,97,0.45387428
1967,98,0.4819206
1967,99,0.51022274
1968,0,0.0155767
1968,1,0.0018143
1968,2,0.00110224
1968,3,0.00088352
1968,4,0.00072724
1968,5,0.00064747
1968,6,0.00057281
1968,7,0.00049201
1968,8,0.00044199
1968,9,0.0003616
1968,10,0.00033133
1968,11,0.00030572
1968,12,0.00032069
1968,13,0.00036094
1968,14,0.00038588
1968,15,0.00041628
1968,16,0.00059663
1968,17,0.00070875
1968,18,0.00079106
1968,19,0.00087316
1968,20,0.00091366
1968,21,0.00093916
1968,22,0.00100964
1968,23,0.00110826
1968,24,0.00113249
1968,25,0.00118298
1968,26,0.00117857
1968,27,0.00118904
1968,28,0.00119923
1968,29,0.00124441
1968,30,0.00128437
1968,31,0.00132456
1968,32,0.00136551
1968,33,0.00151083
1968,34,0.00161128
1968,35,0.00172187
1968,36,0.00190696
1968,37,0.00199167
1968,38,0.00208168
1968,39,0.00228643
1968,40,0.00248421
1968,41,0.00258633
1968,42,0.0028112
1968,43,0.00291122
1968,44,0.00333415
1968,45,0.00341938
1968,46,0.00383114
1968,47,0.00412238
1968,48,0.00431644
1968,49,0.0048093
1968,50,0.00531149
1968,51,0.00588555
1968,52,0.00647208
1968,53,0.00704935
1968,54,0.00766289
1968,55,0.00822359
1968,56,0.00933626
1968,57,0.0105233
1968,58,0.01250946
1968,59,0.01264032
1968,60,0.01408724
1968,61,0.01538557
1968,62,0.0171344
1968,63,0.0196161
1968,64,0.0212175
1968,65,0.02372515
1968,66,0.02596302
1968,67,0.02832846
1968,68,0.03093161
1968,69,0.03509494
1968,70,0.04004758
1968,71,0.04282157
1968,72,0.04948939
1968,73,0.05418338
1968,74,0.06018489
1968,75,0.06772904
1968,76,0.07409239
1968,77,0.08092093
1968,78,0.09321045
1968,79,0.10289358
1968,80,0.11198889
1968,81,0.12718374
1968,82,0.13338598
1968,83,0.1519858
1968,84,0.16801666
1968,85,0.18085833
1968,86,0.19896724
1968,87,0.22324352
1968,88,0.23415209
1968,89,0.25770661
1968,90,0.28246157
1968,91,0.2997251
1968,92,0.32953097
1968,93,0.35514628
1968,94,0.36070928
1968,95,0.40179982
1968,96,0.42921831
1968,97,0.45710568
1968,98,0.48502422
1968,99,0.51310057
1969,0,0.01435473
1969,1,0.00171937
1969,2,0.00103262
1969,3,0.00081803
1969,4,0.00074255
1969,5,0.00064343
1969,6,0.00058293
1969,7,0.00049276
1969,8,0.00041285
1969,9,0.00036234
1969,10,0.00032679
1969,11,0.00029143
1969,12,0.00033137
1969,13,0.00037089
1969,14,0.00038122
1969,15,0.00043114
1969,16,0.00066238
1969,17,0.00079337
1969,18,0.00080368
1969,19,0.00091565
1969,20,0.00095273
1969,21,0.00099816
1969,22,0.00102423
1969,23,0.00107487
1969,24,0.00113911
1969,25,0.00112846
1969,26,0.00118374
1969,27,0.00113437
1969,28,0.00120997
1969,29,0.00119011
1969,30,0.00128025
1969,31,0.00133001
1969,32,0.001445
1969,33,0.00151113
1969,34,0.00159646
1969,35,0.00169707
1969,36,0.00188775
1969,37,0.00203247
1969,38,0.0021722
1969,39,0.00237306
1969,40,0.00243703
1969,41,0.00261945
1969,42,0.00274672
1969,43,0.00306547
1969,44,0.00323495
1969,45,0.00356303
1969,46,0.00365219
1969,47,0.00399357
1969,48,0.00441395
1969,49,0.00475848
1969,50,0.00520977
1969,51,0.00576443
1969,52,0.00622938
1969,53,0.00682251
1969,54,0.00750226
1969,55,0.00832362
1969,56,0.00927503
1969,57,0.00995141
1969,58,0.01156292
1969,59,0.0124792
1969,60,0.01364173
1969,61,0.015385
1969,62,0.01649279
1969,63,0.01884599
1969,64,0.02121708
1969,65,0.02265972
1969,66,0.02640127
1969,67,0.02891119
1969,68,0.03109304
1969,69,0.03415033
1969,70,0.03848009
1969,71,0.04451161
1969,72,0.04718343
1969,73,0.05437975
1969,74,0.05937968
1969,75,0.06733181
1969,76,0.07362696
1969,77,0.08147451
1969,78,0.0864109
1969,79,0.09985012
1969,80,0.11045373
1969,81,0.12081499
1969,82,0.13633419
1969,83,0.13933787
1969,84,0.1624843
1969,85,0.17620447
1969,86,0.1924668
1969,87,0.21108454
1969,88,0.23553167
1969,89,0.24708225
1969,90,0.2728465
1969,91,0.29538994
1969,92,0.31028315
1969,93,0.33570806
1969,94,0.35799862
1969,95,0.38832096
1969,96,0.41452291
1969,97,0.44160696
1969,98,0.46912722
1969,99,0.49670912
1970,0,0.01364383
1970,1,0.00168027
1970,2,0.00105327
1970,3,0.00079756
1970,4,0.00070839
1970,5,0.00063228
1970,6,0.00055833
1970,7,0.00044714
1970,8,0.00038246
1970,9,0.00034201
1970,10,0.00030611
1970,11,0.00030668
1970,12,0.00035212
1970,13,0.00034668
1970,14,0.00036157
1970,15,0.00044694
1970,16,0.00068247
1970,17,0.00085769
1970,18,0.0008527
1970,19,0.00090332
1970,20,0.00098024
1970,21,0.00100243
1970,22,0.00101819
1970,23,0.00098952
1970,24,0.00097544
1970,25,0.00111534
1970,26,0.00108473
1970,27,0.00117484
1970,28,0.0011554
1970,29,0.00121592
1970,30,0.00128115
1970,31,0.00120107
1970,32,0.00136563
1970,33,0.00148558
1970,34,0.00155207
1970,35,0.00172746
1970,36,0.0018125
1970,37,0.0020184
1970,38,0.00208826
1970,39,0.00228856
1970,40,0.00241861
1970,41,0.00268766
1970,42,0.00275004
1970,43,0.00298681
1970,44,0.00329417
1970,45,0.00345378
1970,46,0.00369115
1970,47,0.00393137
1970,48,0.00436584
1970,49,0.00477369
1970,50,0.00523886
1970,51,0.00568564
1970,52,0.00614179
1970,53,0.00673022
1970,54,0.00741235
1970,55,0.00827973
1970,56,0.00909036
1970,57,0.01007857
1970,58,0.01106807
1970,59,0.01208284
1970,60,0.01333844
1970,61,0.015417
1970,62,0.01699702
1970,63,0.01818082
1970,64,0.02059373
1970,65,0.02338781
1970,66,0.02563781
1970,67,0.02854574
1970,68,0.03221638
1970,69,0.03465579
1970,70,0.03838882
1970,71,0.04321089
1970,72,0.04957457
1970,73,0.05321572
1970,74,0.06121936
1970,75,0.06772966
1970,76,0.07386362
1970,77,0.08290542
1970,78,0.09103869
1970,79,0.09739889
1970,80,0.11028788
1970,81,0.12199698
1970,82,0.1344358
1970,83,0.14959846
1970,84,0.1547689
1970,85,0.18031917
1970,86,0.20147142
1970,87,0.21367378
1970,88,0.22904039
1970,89,0.25589235
1970,90,0.27680217
1970,91,0.30147723
1970,92,0.32157214
1970,93,0.35359554
1970,94,0.36484768
1970,95,0.39952375
1970,96,0.42652671
1970,97,0.45411866
1970,98,0.48235898
1970,99,0.51083385
1971,0,0.01291513
1971,1,0.00163766
1971,2,0.00097336
1971,3,0.00076291
1971,4,0.00061264
1971,5,0.00056232
1971,6,0.00053258
1971,7,0.00044225
1971,8,0.00037653
1971,9,0.00031692
1971,10,0.00031104
1971,11,0.00025666
1971,12,0.00029652
1971,13,0.00031118
1971,14,0.00034139
1971,15,0.00044218
1971,16,0.00074554
1971,17,0.00087805
1971,18,0.00084228
1971,19,0.00087219
1971,20,0.0009025
1971,21,0.0008951
1971,22,0.00097262
1971,23,0.00098367
1971,24,0.00097473
1971,25,0.00100596
1971,26,0.00103617
1971,27,0.00106037
1971,28,0.00110556
1971,29,0.00106096
1971,30,0.00116125
1971,31,0.00122138
1971,32,0.00128158
1971,33,0.00138614
1971,34,0.0015111
1971,35,0.0015676
1971,36,0.00170764
1971,37,0.00185305
1971,38,0.00203853
1971,39,0.00218423
1971,40,0.0023742
1971,41,0.00245404
1971,42,0.00267822
1971,43,0.00293505
1971,44,0.0031063
1971,45,0.00328855
1971,46,0.00354072
1971,47,0.00377708
1971,48,0.00400724
1971,49,0.00433369
1971,50,0.00487999
1971,51,0.00527194
1971,52,0.00587439
1971,53,0.00640346
1971,54,0.00694089
1971,55,0.0075103
1971,56,0.00842832
1971,57,0.00941843
1971,58,0.01009467
1971,59,0.01134484
1971,60,0.01240524
1971,61,0.0140252
1971,62,0.01545976
1971,63,0.01723335
1971,64,0.01868454
1971,65,0.02115107
1971,66,0.02370382
1971,67,0.02639225
1971,68,0.02970616
1971,69,0.03246254
1971,70,0.03525637
1971,71,0.03839637
1971,72,0.04397974
1971,73,0.05085965
1971,74,0.05479489
1971,75,0.06166702
1971,76,0.06858055
1971,77,0.07611275
1971,78,0.08442517
1971,79,0.09362581
1971,80,0.10236342
1971,81,0.11695359
1971,82,0.12552238
1971,83,0.13886973
1971,84,0.15511613
1971,85,0.16388007
1971,86,0.18426928
1971,87,0.20211368
1971,88,0.21728285
1971,89,0.23588243
1971,90,0.25656203
1971,91,0.27547697
1971,92,0.31424196
1971,93,0.31490682
1971,94,0.33829402
1971,95,0.37271656
1971,96,0.39894262
1971,97,0.42577944
1971,98,0.45321441
1971,99,0.48116339
1972,0,0.01190356
1972,1,0.00156715
1972,2,0.00098908
1972,3,0.00078357
1972,4,0.00068298
1972,5,0.0005631
1972,6,0.00050757
1972,7,0.00044231
1972,8,0.00036725
1972,9,0.00031662
1972,10,0.00027135
1972,11,0.00027707
1972,12,0.0002865
1972,13,0.000312
1972,14,0.00034721
1972,15,0.00038237
1972,16,0.00070627
1972,17,0.00081543
1972,18,0.00080746
1972,19,0.00087218
1972,20,0.00090797
1972,21,0.00092364
1972,22,0.00093149
1972,23,0.0009694
1972,24,0.00096046
1972,25,0.00100665
1972,26,0.00102869
1972,27,0.00104886
1972,28,0.00108251
1972,29,0.00109201
1972,30,0.00113216
1972,31,0.0011924
1972,32,0.00122722
1972,33,0.0012826
1972,34,0.001377
1972,35,0.00156721
1972,36,0.00161315
1972,37,0.00172831
1972,38,0.00184873
1972,39,0.00214929
1972,40,0.00230484
1972,41,0.00246008
1972,42,0.0026651
1972,43,0.00290907
1972,44,0.0030144
1972,45,0.0032697
1972,46,0.00350633
1972,47,0.00387899
1972,48,0.00412911
1972,49,0.00429328
1972,50,0.00477564
1972,51,0.00507952
1972,52,0.00553793
1972,53,0.00612585
1972,54,0.0067427
1972,55,0.00721603
1972,56,0.00801904
1972,57,0.00901705
1972,58,0.00990079
1972,59,0.01093147
1972,60,0.01161759
1972,61,0.01322994
1972,62,0.0146569
1972,63,0.01669993
1972,64,0.01834366
1972,65,0.0201646
1972,66,0.02215389
1972,67,0.0253105
1972,68,0.02787095
1972,69,0.03086819
1972,70,0.03464716
1972,71,0.03815189
1972,72,0.04223636
1972,73,0.04684181
1972,74,0.05383683
1972,75,0.05735943
1972,76,0.0672244
1972,77,0.07343912
1972,78,0.08182115
1972,79,0.09166559
1972,80,0.10070815
1972,81,0.10803994
1972,82,0.12005964
1972,83,0.13608884
1972,84,0.14791579
1972,85,0.16571031
1972,86,0.17248867
1972,87,0.19561608
1972,88,0.21916042
1972,89,0.23105367
1972,90,0.25259406
1972,91,0.2762326
1972,92,0.29771324
1972,93,0.32725553
1972,94,0.33385106
1972,95,0.37177615
1972,96,0.39823926
1972,97,0.42559081
1972,98,0.45348897
1972,99,0.48192173
1973,0,0.01147801
1973,1,0.00158911
1973,2,0.00095818
1973,3,0.0007837
1973,4,0.00061394
1973,5,0.00055745
1973,6,0.00049229
1973,7,0.0004172
1973,8,0.00036239
1973,9,0.00030147
1973,10,0.00026617
1973,11,0.00027683
1973,12,0.0002623
1973,13,0.00030656
1973,14,0.00031181
1973,15,0.0004228
1973,16,0.00066095
1973,17,0.00084269
1973,18,0.0007695
1973,19,0.00081748
1973,20,0.00089269
1973,21,0.00089837
1973,22,0.00089435
1973,23,0.00092722
1973,24,0.0009506
1973,25,0.00091163
1973,26,0.0009127
1973,27,0.00091394
1973,28,0.0010251
1973,29,0.00103754
1973,30,0.00104743
1973,31,0.00112284
1973,32,0.00117769
1973,33,0.00123816
1973,34,0.00132808
1973,35,0.00145278
1973,36,0.00153228
1973,37,0.00172888
1973,38,0.00183438
1973,39,0.00204001
1973,40,0.00225067
1973,41,0.00243591
1973,42,0.00260014
1973,43,0.00276992
1973,44,0.00300273
1973,45,0.00332336
1973,46,0.00340874
1973,47,0.0037095
1973,48,0.00394672
1973,49,0.00433615
1973,50,0.00478537
1973,51,0.00507706
1973,52,0.00557413
1973,53,0.00595404
1973,54,0.00638569
1973,55,0.00700642
1973,56,0.00789575
1973,57,0.00863766
1973,58,0.00950221
1973,59,0.01041571
1973,60,0.01132743
1973,61,0.01280735
1973,62,0.01403086
1973,63,0.01589586
1973,64,0.01795954
1973,65,0.019786
1973,66,0.02179173
1973,67,0.02419581
1973,68,0.02731388
1973,69,0.0302046
1973,70,0.03448663
1973,71,0.03787138
1973,72,0.0412694
1973,73,0.04608266
1973,74,0.05235526
1973,75,0.06022082
1973,76,0.0649115
1973,77,0.07430331
1973,78,0.08284851
1973,79,0.09190674
1973,80,0.10272203
1973,81,0.11551202
1973,82,0.12360388
1973,83,0.14123585
1973,84,0.15483936
1973,85,0.16609295
1973,86,0.19035156
1973,87,0.19480967
1973,88,0.22530203
1973,89,0.24881604
1973,90,0.2674992
1973,91,0.29489458
1973,92,0.31926181
1973,93,0.33398536
1973,94,0.3813636
1973,95,0.40163494
1973,96,0.43097369
1973,97,0.46074693
1973,98,0.49105008
1973,99,0.52148877
1974,0,0.01075069
1974,1,0.00143798
1974,2,0.00090322
1974,3,0.00069221
1974,4,0.00058242
1974,5,0.0004932
1974,6,0.00043683
1974,7,0.00035186
1974,8,0.00029653
1974,9,0.00027132
1974,10,0.00023613
1974,11,0.00024106
1974,12,0.00024629
1974,13,0.00027204
1974,14,0.00028201
1974,15,0.00040235
1974,16,0.00066133
1974,17,0.00068615
1974,18,0.00070063
1974,19,0.00074874
1974,20,0.00077743
1974,21,0.00083235
1974,22,0.00080834
1974,23,0.00085326
1974,24,0.00087755
1974,25,0.00087105
1974,26,0.00086669
1974,27,0.00089264
1974,28,0.00087945
1974,29,0.00095462
1974,30,0.00102291
1974,31,0.00101769
1974,32,0.00107306
1974,33,0.00120796
1974,34,0.00125337
1974,35,0.0013786
1974,36,0.00151326
1974,37,0.00163283
1974,38,0.00171372
1974,39,0.0019595
1974,40,0.00209026
1974,41,0.0023613
1974,42,0.00261099
1974,43,0.00273502
1974,44,0.00295906
1974,45,0.00304208
1974,46,0.00336741
1974,47,0.00362697
1974,48,0.00395667
1974,49,0.00417228
1974,50,0.00463027
1974,51,0.00492914
1974,52,0.00519293
1974,53,0.00576325
1974,54,0.00618243
1974,55,0.00672435
1974,56,0.00746968
1974,57,0.00824395
1974,58,0.00921645
1974,59,0.01007387
1974,60,0.01117334
1974,61,0.01214356
1974,62,0.01385136
1974,63,0.01508206
1974,64,0.01709557
1974,65,0.01913648
1974,66,0.02119746
1974,67,0.02341875
1974,68,0.02648206
1974,69,0.02979419
1974,70,0.03291604
1974,71,0.03726055
1974,72,0.04094889
1974,73,0.04543974
1974,74,0.05029875
1974,75,0.05690241
1974,76,0.06537448
1974,77,0.07057465
1974,78,0.08155462
1974,79,0.09061495
1974,80,0.10091119
1974,81,0.10964484
1974,82,0.12551074
1974,83,0.13553545
1974,84,0.15302181
1974,85,0.16947782
1974,86,0.18215753
1974,87,0.20515789
1974,88,0.21518981
1974,89,0.24634903
1974,90,0.27410479
1974,91,0.29001776
1974,92,0.31949891
1974,93,0.34547487
1974,94,0.36900356
1974,95,0.4015149
1974,96,0.43116956
1974,97,0.46109886
1974,98,0.49125928
1974,99,0.52172737
1975,0,0.00977945
1975,1,0.0013486
1975,2,0.00084848
1975,3,0.00065292
1975,4,0.0005322
1975,5,0.00046217
1975,6,0.00044832
1975,7,0.00032683
1975,8,0.00030187
1975,9,0.00024118
1975,10,0.00026111
1975,11,0.00021126
1975,12,0.00025133
1975,13,0.00025172
1975,14,0.00029661
1975,15,0.00034259
1975,16,0.00059317
1975,17,0.00065657
1975,18,0.00066536
1975,19,0.00075549
1975,20,0.00079833
1975,21,0.00077739
1975,22,0.00080233
1975,23,0.0008182
1975,24,0.00082387
1975,25,0.00086734
1975,26,0.00080111
1975,27,0.00081702
1975,28,0.0008527
1975,29,0.00089366
1975,30,0.00097429
1975,31,0.00101362
1975,32,0.00100793
1975,33,0.00111261
1975,34,0.00122355
1975,35,0.00129827
1975,36,0.00129311
1975,37,0.00156785
1975,38,0.0016779
1975,39,0.00180867
1975,40,0.00202954
1975,41,0.00214429
1975,42,0.00249604
1975,43,0.00269533
1975,44,0.00281957
1975,45,0.00312446
1975,46,0.00325128
1975,47,0.00361603
1975,48,0.00383042
1975,49,0.00414969
1975,50,0.00442714
1975,51,0.00481757
1975,52,0.00529761
1975,53,0.00556485
1975,54,0.00593513
1975,55,0.00653398
1975,56,0.00736424
1975,57,0.00803902
1975,58,0.00889423
1975,59,0.00962886
1975,60,0.01041328
1975,61,0.01173654
1975,62,0.01291717
1975,63,0.01427357
1975,64,0.01606282
1975,65,0.01775323
1975,66,0.02012915
1975,67,0.02293283
1975,68,0.02488864
1975,69,0.02784409
1975,70,0.03189271
1975,71,0.03488355
1975,72,0.03998888
1975,73,0.04385398
1975,74,0.0490981
1975,75,0.05403833
1975,76,0.06005373
1975,77,0.07049262
1975,78,0.07472677
1975,79,0.08722585
1975,80,0.09723723
1975,81,0.10804504
1975,82,0.12085657
1975,83,0.13409079
1975,84,0.14663848
1975,85,0.16020688
1975,86,0.18089336
1975,87,0.19420905
1975,88,0.21573226
1975,89,0.22900916
1975,90,0.25958212
1975,91,0.28269279
1975,92,0.3101761
1975,93,0.33000606
1975,94,0.36634433
1975,95,0.39006506
1975,96,0.41949114
1975,97,0.44960819
1975,98,0.47998831
1975,99,0.51055555
1976,0,0.00922803
1976,1,0.00124145
1976,2,0.00076859
1976,3,0.00058819
1976,4,0.00050725
1976,5,0.00042195
1976,6,0.0003768
1976,7,0.00034635
1976,8,0.00028107
1976,9,0.0002514
1976,10,0.0002163
1976,11,0.00024088
1976,12,0.00022125
1976,13,0.00026646
1976,14,0.00023715
1976,15,0.00032292
1976,16,0.00053771
1976,17,0.00060256
1976,18,0.0006871
1976,19,0.00070018
1976,20,0.00073966
1976,21,0.00071893
1976,22,0.00078211
1976,23,0.00076696
1976,24,0.00076271
1976,25,0.00075332
1976,26,0.00078729
1976,27,0.00077594
1976,28,0.00082176
1976,29,0.00083759
1976,30,0.00084833
1976,31,0.00095035
1976,32,0.00097329
1976,33,0.00106786
1976,34,0.00109299
1976,35,0.00123377
1976,36,0.00130788
1976,37,0.00138813
1976,38,0.00154787
1976,39,0.00175801
1976,40,0.00190917
1976,41,0.00213948
1976,42,0.00223445
1976,43,0.00265079
1976,44,0.00277001
1976,45,0.0030945
1976,46,0.0032682
1976,47,0.00347535
1976,48,0.00373445
1976,49,0.00399851
1976,50,0.00426212
1976,51,0.00472345
1976,52,0.00512817
1976,53,0.0054733
1976,54,0.00582681
1976,55,0.00641453
1976,56,0.00697714
1976,57,0.00759489
1976,58,0.00846763
1976,59,0.00932337
1976,60,0.010168
1976,61,0.01121156
1976,62,0.0123211
1976,63,0.01368649
1976,64,0.01553087
1976,65,0.01735468
1976,66,0.01899483
1976,67,0.0215298
1976,68,0.02435656
1976,69,0.02657564
1976,70,0.03035857
1976,71,0.03403107
1976,72,0.03790018
1976,73,0.04318493
1976,74,0.04754771
1976,75,0.05217443
1976,76,0.0588758
1976,77,0.06664104
1976,78,0.07714699
1976,79,0.08227427
1976,80,0.09651802
1976,81,0.10578423
1976,82,0.11707014
1976,83,0.13080888
1976,84,0.1436059
1976,85,0.16029963
1976,86,0.18116591
1976,87,0.19515814
1976,88,0.21216045
1976,89,0.23769881
1976,90,0.25026793
1976,91,0.28703445
1976,92,0.31305758
1976,93,0.32371602
1976,94,0.34454187
1976,95,0.3837154
1976,96,0.41226054
1976,97,0.44130438
1976,98,0.47085261
1976,99,0.50042309
1977,0,0.00885508
1977,1,0.00121711
1977,2,0.00070168
1977,3,0.00055337
1977,4,0.00047246
1977,5,0.0004321
1977,6,0.00039707
1977,7,0.00031145
1977,8,0.00025611
1977,9,0.00022108
1977,10,0.0001907
1977,11,0.0001956
1977,12,0.0002109
1977,13,0.00023178
1977,14,0.00023187
1977,15,0.00030288
1977,16,0.000507
1977,17,0.00056252
1977,18,0.00061736
1977,19,0.00065047
1977,20,0.0006749
1977,21,0.00069937
1977,22,0.00069356
1977,23,0.00074721
1977,24,0.00070732
1977,25,0.00071784
1977,26,0.00075896
1977,27,0.00076268
1977,28,0.00076611
1977,29,0.00080206
1977,30,0.00083739
1977,31,0.00081932
1977,32,0.00095426
1977,33,0.00099365
1977,34,0.00107296
1977,35,0.00114312
1977,36,0.0013086
1977,37,0.00140877
1977,38,0.00144401
1977,39,0.00161285
1977,40,0.00181762
1977,41,0.00192898
1977,42,0.00221416
1977,43,0.00234434
1977,44,0.00267985
1977,45,0.00299434
1977,46,0.00313287
1977,47,0.00352199
1977,48,0.00367353
1977,49,0.00408658
1977,50,0.00430519
1977,51,0.0046913
1977,52,0.00491747
1977,53,0.00536144
1977,54,0.00556253
1977,55,0.006057
1977,56,0.00676763
1977,57,0.00714151
1977,58,0.00802916
1977,59,0.00866047
1977,60,0.00975903
1977,61,0.01073202
1977,62,0.01211679
1977,63,0.01309235
1977,64,0.01475702
1977,65,0.01609552
1977,66,0.01821995
1977,67,0.02023411
1977,68,0.02329195
1977,69,0.02588569
1977,70,0.02857237
1977,71,0.03189831
1977,72,0.03596507
1977,73,0.0401208
1977,74,0.0455591
1977,75,0.05102491
1977,76,0.05654902
1977,77,0.06247973
1977,78,0.06911768
1977,79,0.08063812
1977,80,0.08615878
1977,81,0.10117627
1977,82,0.10986091
1977,83,0.12105276
1977,84,0.13560806
1977,85,0.15189288
1977,86,0.16337437
1977,87,0.1846727
1977,88,0.20176108
1977,89,0.21892591
1977,90,0.24044929
1977,91,0.25318994
1977,92,0.28938438
1977,93,0.30813132
1977,94,0.33051729
1977,95,0.36051212
1977,96,0.38809007
1977,97,0.41634152
1977,98,0.44510302
1977,99,0.47439117
1978,0,0.00833829
1978,1,0.00115248
1978,2,0.00066239
1978,3,0.00055784
1978,4,0.00046761
1978,5,0.00037244
1978,6,0.00036263
1978,7,0.00030171
1978,8,0.00025706
1978,9,0.00022636
1978,10,0.00021065
1978,11,0.00016071
1978,12,0.00020585
1978,13,0.00022114
1978,14,0.00024693
1978,15,0.00029837
1978,16,0.00054235
1978,17,0.00061414
1978,18,0.00064817
1978,19,0.00069831
1978,20,0.00068538
1978,21,0.00065465
1978,22,0.00065411
1978,23,0.0006838
1978,24,0.00068732
1978,25,0.00073746
1978,26,0.00071788
1978,27,0.00070307
1978,28,0.00074231
1978,29,0.00078125
1978,30,0.00080674
1978,31,0.00086756
1978,32,0.00087445
1978,33,0.00100567
1978,34,0.0010484
1978,35,0.00112298
1978,36,0.00119313
1978,37,0.00128828
1978,38,0.00144864
1978,39,0.00156856
1978,40,0.00171819
1978,41,0.00186724
1978,42,0.00208872
1978,43,0.00240394
1978,44,0.00258376
1978,45,0.00275347
1978,46,0.00308256
1978,47,0.00336117
1978,48,0.00364965
1978,49,0.00386092
1978,50,0.00413848
1978,51,0.00445699
1978,52,0.00488055
1978,53,0.00516316
1978,54,0.00563536
1978,55,0.00602605
1978,56,0.00649538
1978,57,0.00705382
1978,58,0.00778214
1978,59,0.00854311
1978,60,0.00944767
1978,61,0.01029919
1978,62,0.01134812
1978,63,0.01266832
1978,64,0.01383859
1978,65,0.01595029
1978,66,0.01770485
1978,67,0.01961743
1978,68,0.0218887
1978,69,0.02450104
1978,70,0.02812648
1978,71,0.03070053
1978,72,0.03532501
1978,73,0.03903827
1978,74,0.04369315
1978,75,0.04964192
1978,76,0.05621485
1978,77,0.06081832
1978,78,0.06867035
1978,79,0.07631629
1978,80,0.08661162
1978,81,0.09429584
1978,82,0.10902436
1978,83,0.11918403
1978,84,0.13267861
1978,85,0.14537136
1978,86,0.16174869
1978,87,0.17804164
1978,88,0.19609516
1978,89,0.21762824
1978,90,0.23868525
1978,91,0.26791953
1978,92,0.26912194
1978,93,0.30968989
1978,94,0.33305705
1978,95,0.36175035
1978,96,0.39034573
1978,97,0.41988741
1978,98,0.45005885
1978,99,0.48070164
1979,0,0.0078111
1979,1,0.00108273
1979,2,0.00063695
1979,3,0.00049255
1979,4,0.00042186
1979,5,0.00036759
1979,6,0.00032784
1979,7,0.00028671
1979,8,0.00021123
1979,9,0.00019585
1979,10,0.00017075
1979,11,0.000186
1979,12,0.00018073
1979,13,0.00020587
1979,14,0.00022162
1979,15,0.00029259
1979,16,0.00051187
1979,17,0.00060318
1979,18,0.00062407
1979,19,0.0006438
1979,20,0.00065605
1979,21,0.00066037
1979,22,0.00064445
1979,23,0.00062416
1979,24,0.00066333
1979,25,0.00067757
1979,26,0.00070264
1979,27,0.00070346
1979,28,0.00067881
1979,29,0.00074784
1979,30,0.00074659
1979,31,0.00078649
1979,32,0.00085771
1979,33,0.00094502
1979,34,0.00105012
1979,35,0.00108352
1979,36,0.00112299
1979,37,0.00125859
1979,38,0.00140867
1979,39,0.00144296
1979,40,0.00163879
1979,41,0.00179736
1979,42,0.00194703
1979,43,0.0022033
1979,44,0.00250304
1979,45,0.00270258
1979,46,0.00308241
1979,47,0.00344599
1979,48,0.003664
1979,49,0.00387213
1979,50,0.00412335
1979,51,0.00442516
1979,52,0.00478705
1979,53,0.00514399
1979,54,0.00544509
1979,55,0.00596159
1979,56,0.00628427
1979,57,0.00682777
1979,58,0.0074811
1979,59,0.00828019
1979,60,0.00891104
1979,61,0.01002706
1979,62,0.01096137
1979,63,0.01202884
1979,64,0.01330866
1979,65,0.01498585
1979,66,0.01642833
1979,67,0.01853437
1979,68,0.02082624
1979,69,0.02325109
1979,70,0.02659968
1979,71,0.03002306
1979,72,0.03303754
1979,73,0.03667103
1979,74,0.04217778
1979,75,0.04612373
1979,76,0.05309439
1979,77,0.05887105
1979,78,0.06543558
1979,79,0.07310146
1979,80,0.07974599
1979,81,0.09174919
1979,82,0.10086978
1979,83,0.11604697
1979,84,0.12697373
1979,85,0.13887974
1979,86,0.15173083
1979,87,0.17085495
1979,88,0.18310499
1979,89,0.20582976
1979,90,0.22029395
1979,91,0.24472371
1979,92,0.27234291
1979,93,0.28243191
1979,94,0.31655456
1979,95,0.34178272
1979,96,0.36884931
1979,97,0.396796
1979,98,0.42562059
1979,99,0.45501413
1980,0,0.00738386
1980,1,0.00104677
1980,2,0.00062816
1980,3,0.00051198
1980,4,0.00041224
1980,5,0.00035723
1980,6,0.00032191
1980,7,0.00028704
1980,8,0.00023672
1980,9,0.00020099
1980,10,0.00017586
1980,11,0.00017076
1980,12,0.00017624
1980,13,0.00018611
1980,14,0.00021664
1980,15,0.00028723
1980,16,0.00050676
1980,17,0.00054131
1980,18,0.00057227
1980,19,0.00061316
1980,20,0.00064785
1980,21,0.00062617
1980,22,0.00063037
1980,23,0.00060494
1980,24,0.00061942
1980,25,0.00064391
1980,26,0.00067245
1980,27,0.00068788
1980,28,0.00071895
1980,29,0.00071482
1980,30,0.00073766
1980,31,0.0008068
1980,32,0.00084204
1980,33,0.0008729
1980,34,0.0009595
1980,35,0.00108046
1980,36,0.00114886
1980,37,0.00121347
1980,38,0.00136888
1980,39,0.00144857
1980,40,0.00160892
1980,41,0.00173869
1980,42,0.00187283
1980,43,0.00216656
1980,44,0.00232751
1980,45,0.00263198
1980,46,0.00293613
1980,47,0.0033204
1980,48,0.00364846
1980,49,0.0038012
1980,50,0.00413412
1980,51,0.00450526
1980,52,0.00477691
1980,53,0.00514937
1980,54,0.00555241
1980,55,0.00588287
1980,56,0.00649792
1980,57,0.00692124
1980,58,0.0073138
1980,59,0.00811972
1980,60,0.00901359
1980,61,0.01003459
1980,62,0.01097653
1980,63,0.0119699
1980,64,0.01347836
1980,65,0.01504277
1980,66,0.01647618
1980,67,0.0183276
1980,68,0.02074715
1980,69,0.02353888
1980,70,0.02641525
1980,71,0.0297359
1980,72,0.03374004
1980,73,0.03684739
1980,74,0.04186194
1980,75,0.04831964
1980,76,0.0524085
1980,77,0.06052359
1980,78,0.06754054
1980,79,0.07351588
1980,80,0.0844597
1980,81,0.09145972
1980,82,0.10682937
1980,83,0.11386361
1980,84,0.13040533
1980,85,0.14437982
1980,86,0.15925593
1980,87,0.17476874
1980,88,0.19712893
1980,89,0.21341903
1980,90,0.24114376
1980,91,0.26435391
1980,92,0.28665977
1980,93,0.30957849
1980,94,0.31772627
1980,95,0.36304356
1980,96,0.39195266
1980,97,0.42158031
1980,98,0.45185059
1980,99,0.48273485
1981,0,0.0070652
1981,1,0.00104725
1981,2,0.00057632
1981,3,0.00049187
1981,4,0.00033677
1981,5,0.00033683
1981,6,0.00029185
1981,7,0.00027789
1981,8,0.00022137
1981,9,0.00017621
1981,10,0.00018588
1981,11,0.00016126
1981,12,0.00017643
1981,13,0.0002114
1981,14,0.00020615
1981,15,0.0002818
1981,16,0.00047544
1981,17,0.00057703
1981,18,0.00061236
1981,19,0.00057881
1981,20,0.00058695
1981,21,0.00059296
1981,22,0.00058679
1981,23,0.00060553
1981,24,0.00062985
1981,25,0.00062458
1981,26,0.00062941
1981,27,0.00065859
1981,28,0.000658
1981,29,0.00070415
1981,30,0.00073463
1981,31,0.00074793
1981,32,0.00080657
1981,33,0.0008572
1981,34,0.0009278
1981,35,0.00098435
1981,36,0.00107489
1981,37,0.00119359
1981,38,0.0013388
1981,39,0.00139403
1981,40,0.00156899
1981,41,0.0016837
1981,42,0.00182883
1981,43,0.00202217
1981,44,0.00227568
1981,45,0.00248641
1981,46,0.00284012
1981,47,0.00307876
1981,48,0.00349257
1981,49,0.00376009
1981,50,0.00406747
1981,51,0.00444512
1981,52,0.00475064
1981,53,0.00516875
1981,54,0.0053711
1981,55,0.00591989
1981,56,0.00635423
1981,57,0.00679349
1981,58,0.00735102
1981,59,0.00773762
1981,60,0.00856325
1981,61,0.00952027
1981,62,0.01045394
1981,63,0.01171381
1981,64,0.01295805
1981,65,0.01429529
1981,66,0.01609046
1981,67,0.01758271
1981,68,0.01957167
1981,69,0.02230303
1981,70,0.02512908
1981,71,0.02805875
1981,72,0.03143523
1981,73,0.03621569
1981,74,0.0396496
1981,75,0.04516205
1981,76,0.05113845
1981,77,0.056285
1981,78,0.06458478
1981,79,0.07267949
1981,80,0.08057776
1981,81,0.08980053
1981,82,0.09787997
1981,83,0.11243255
1981,84,0.12279861
1981,85,0.14276807
1981,86,0.15549483
1981,87,0.1695461
1981,88,0.18333287
1981,89,0.20769755
1981,90,0.22424791
1981,91,0.25060481
1981,92,0.27185623
1981,93,0.29218934
1981,94,0.33365722
1981,95,0.35069409
1981,96,0.37875217
1981,97,0.40761961
1981,98,0.43701953
1981,99,0.46700667
1982,0,0.00661496
1982,1,0.00096652
1982,2,0.00055182
1982,3,0.00041215
1982,4,0.00034629
1982,5,0.00031705
1982,6,0.00029201
1982,7,0.00023162
1982,8,0.00019627
1982,9,0.00019085
1982,10,0.00017569
1982,11,0.00017105
1982,12,0.00016079
1982,13,0.00017595
1982,14,0.00022146
1982,15,0.00026779
1982,16,0.00048177
1982,17,0.00054648
1982,18,0.00058704
1982,19,0.00061745
1982,20,0.00060733
1982,21,0.00060747
1982,22,0.00057659
1982,23,0.00062696
1982,24,0.0005752
1982,25,0.00059532
1982,26,0.00062453
1982,27,0.00061873
1982,28,0.00066362
1982,29,0.00068846
1982,30,0.00073932
1982,31,0.00074914
1982,32,0.0007879
1982,33,0.00085138
1982,34,0.00090174
1982,35,0.0009324
1982,36,0.00102972
1982,37,0.00115551
1982,38,0.00125867
1982,39,0.00136321
1982,40,0.00152962
1982,41,0.00162865
1982,42,0.00180876
1982,43,0.00187791
1982,44,0.00219134
1982,45,0.00247481
1982,46,0.00268534
1982,47,0.0030737
1982,48,0.00334191
1982,49,0.00372553
1982,50,0.00413254
1982,51,0.00428992
1982,52,0.00469626
1982,53,0.00503066
1982,54,0.00528026
1982,55,0.00576758
1982,56,0.00624496
1982,57,0.0066908
1982,58,0.00712989
1982,59,0.0077732
1982,60,0.00825846
1982,61,0.00916765
1982,62,0.0098526
1982,63,0.01132907
1982,64,0.0123298
1982,65,0.01362958
1982,66,0.01517747
1982,67,0.01695301
1982,68,0.01870999
1982,69,0.02092691
1982,70,0.02334253
1982,71,0.02684808
1982,72,0.02958384
1982,73,0.03349909
1982,74,0.03801514
1982,75,0.04213199
1982,76,0.04803444
1982,77,0.05460126
1982,78,0.06038988
1982,79,0.06820779
1982,80,0.07637074
1982,81,0.0853811
1982,82,0.09520855
1982,83,0.10151995
1982,84,0.11935532
1982,85,0.1275919
1982,86,0.14675138
1982,87,0.15746572
1982,88,0.17598379
1982,89,0.19247565
1982,90,0.20989623
1982,91,0.22437641
1982,92,0.25447974
1982,93,0.28229429
1982,94,0.29383284
1982,95,0.32506238
1982,96,0.35145908
1982,97,0.3789352
1982,98,0.40726657
1982,99,0.43633522
1983,0,0.00624585
1983,1,0.00091212
1983,2,0.00049595
1983,3,0.00039103
1983,4,0.00032704
1983,5,0.00031168
1983,6,0.00026174
1983,7,0.00025642
1983,8,0.00020112
1983,9,0.00019117
1983,10,0.00015602
1983,11,0.00015572
1983,12,0.00015054
1983,13,0.0001711
1983,14,0.00022226
1983,15,0.00028716
1983,16,0.00050684
1983,17,0.0005208
1983,18,0.00060722
1983,19,0.00063368
1983,20,0.00058686
1983,21,0.00064241
1983,22,0.00063738
1983,23,0.00063734
1983,24,0.00062553
1983,25,0.00065023
1983,26,0.0006446
1983,27,0.00066561
1983,28,0.00064952
1983,29,0.00068285
1983,30,0.00078442
1983,31,0.00074402
1983,32,0.00076001
1983,33,0.00082823
1983,34,0.00092612
1983,35,0.00098673
1983,36,0.00105792
1983,37,0.00107995
1983,38,0.00131673
1983,39,0.00141457
1983,40,0.00156387
1983,41,0.00166373
1983,42,0.00186431
1983,43,0.00192339
1983,44,0.00219311
1983,45,0.0023707
1983,46,0.00268363
1983,47,0.00295388
1983,48,0.00334683
1983,49,0.00362441
1983,50,0.00407235
1983,51,0.00456874
1983,52,0.00480962
1983,53,0.00505191
1983,54,0.00543886
1983,55,0.00602638
1983,56,0.00631057
1983,57,0.00681734
1983,58,0.00730325
1983,59,0.00777056
1983,60,0.00833814
1983,61,0.0090004
1983,62,0.0100794
1983,63,0.01091705
1983,64,0.0119933
1983,65,0.01323819
1983,66,0.01504355
1983,67,0.01641778
1983,68,0.01850343
1983,69,0.02033678
1983,70,0.0231226
1983,71,0.02595477
1983,72,0.02916053
1983,73,0.03289727
1983,74,0.03769697
1983,75,0.04271556
1983,76,0.04652475
1983,77,0.052692
1983,78,0.06035181
1983,79,0.06739813
1983,80,0.07623136
1983,81,0.08531519
1983,82,0.09561871
1983,83,0.10599942
1983,84,0.11601206
1983,85,0.1331038
1983,86,0.14288067
1983,87,0.16446759
1983,88,0.1777531
1983,89,0.19828256
1983,90,0.2170817
1983,91,0.24333782
1983,92,0.26224841
1983,93,0.28040489
1983,94,0.30657923
1983,95,0.33791465
1983,96,0.36583678
1983,97,0.39467724
1983,98,0.42444031
1983,99,0.45493621
1984,0,0.00600266
1984,1,0.00085104
1984,2,0.00052617
1984,3,0.00038567
1984,4,0.00031669
1984,5,0.00027172
1984,6,0.00025099
1984,7,0.00020641
1984,8,0.00017107
1984,9,0.00017572
1984,10,0.0001509
1984,11,0.00015606
1984,12,0.00017119
1984,13,0.00017141
1984,14,0.00018656
1984,15,0.00025719
1984,16,0.00044624
1984,17,0.00051722
1984,18,0.00052676
1984,19,0.00063228
1984,20,0.0006277
1984,21,0.00058601
1984,22,0.00062746
1984,23,0.00062185
1984,24,0.00055043
1984,25,0.00060007
1984,26,0.00065017
1984,27,0.00059858
1984,28,0.00064399
1984,29,0.00067942
1984,30,0.00065288
1984,31,0.0007683
1984,32,0.00075398
1984,33,0.00080935
1984,34,0.00085265
1984,35,0.00097123
1984,36,0.00102678
1984,37,0.00112274
1984,38,0.00122109
1984,39,0.00136141
1984,40,0.00153916
1984,41,0.00167317
1984,42,0.0017888
1984,43,0.00198872
1984,44,0.00215798
1984,45,0.0023575
1984,46,0.00252968
1984,47,0.00290723
1984,48,0.00308762
1984,49,0.00351495
1984,50,0.00388156
1984,51,0.00431895
1984,52,0.00473457
1984,53,0.00501047
1984,54,0.00544935
1984,55,0.00586809
1984,56,0.00622185
1984,57,0.00654284
1984,58,0.00719415
1984,59,0.00771346
1984,60,0.00837636
1984,61,0.00897184
1984,62,0.00949465
1984,63,0.01046667
1984,64,0.01173876
1984,65,0.01305177
1984,66,0.01427926
1984,67,0.01601331
1984,68,0.01772839
1984,69,0.01969321
1984,70,0.02183711
1984,71,0.02458579
1984,72,0.02771931
1984,73,0.03130093
1984,74,0.03564423
1984,75,0.03978585
1984,76,0.04583681
1984,77,0.05026298
1984,78,0.05692967
1984,79,0.06531276
1984,80,0.07261
1984,81,0.08216075
1984,82,0.09123024
1984,83,0.10274834
1984,84,0.11422889
1984,85,0.12350673
1984,86,0.14094672
1984,87,0.15316435
1984,88,0.17448022
1984,89,0.18843251
1984,90,0.20756134
1984,91,0.23032709
1984,92,0.25015439
1984,93,0.27182576
1984,94,0.30332697
1984,95,0.32775746
1984,96,0.35583987
1984,97,0.38490146
1984,98,0.41489677
1984,99,0.44577855
1985,0,0.00545559
1985,1,0.00084208
1985,2,0.00048179
1985,3,0.00037207
1985,4,0.00027109
1985,5,0.0002662
1985,6,0.00023177
1985,7,0.00022153
1985,8,0.00017593
1985,9,0.00016166
1985,10,0.00015089
1985,11,0.00014577
1985,12,0.00015609
1985,13,0.00018123
1985,14,0.00020117
1985,15,0.00025749
1985,16,0.00047141
1985,17,0.00052788
1985,18,0.00052751
1985,19,0.0006178
1985,20,0.00062732
1985,21,0.00057686
1985,22,0.00057671
1985,23,0.00055113
1985,24,0.00059093
1985,25,0.00057064
1985,26,0.00059567
1985,27,0.00060967
1985,28,0.00062918
1985,29,0.00064412
1985,30,0.00065808
1985,31,0.00063211
1985,32,0.00073284
1985,33,0.00079372
1985,34,0.0008491
1985,35,0.00092311
1985,36,0.00100592
1985,37,0.0010666
1985,38,0.00114298
1985,39,0.00123493
1985,40,0.00149161
1985,41,0.00155373
1985,42,0.00171755
1985,43,0.00187303
1985,44,0.00210326
1985,45,0.00218707
1985,46,0.00248654
1985,47,0.00277836
1985,48,0.0030308
1985,49,0.00336063
1985,50,0.00372804
1985,51,0.00421941
1985,52,0.0046501
1985,53,0.00497064
1985,54,0.00530551
1985,55,0.00564997
1985,56,0.00627853
1985,57,0.00652996
1985,58,0.00693196
1985,59,0.00770254
1985,60,0.00819098
1985,61,0.00896668
1985,62,0.00948569
1985,63,0.01037665
1985,64,0.01134182
1985,65,0.01246605
1985,66,0.0139828
1985,67,0.01536145
1985,68,0.01727557
1985,69,0.01935281
1985,70,0.02154047
1985,71,0.02382896
1985,72,0.026686
1985,73,0.03053157
1985,74,0.03463379
1985,75,0.03899042
1985,76,0.0441617
1985,77,0.05072718
1985,78,0.05513778
1985,79,0.06278146
1985,80,0.07178367
1985,81,0.07972948
1985,82,0.08998115
1985,83,0.09889728
1985,84,0.11107711
1985,85,0.12273987
1985,86,0.13527206
1985,87,0.15368792
1985,88,0.16677846
1985,89,0.19246891
1985,90,0.20897521
1985,91,0.22070698
1985,92,0.24945794
1985,93,0.273989
1985,94,0.29168351
1985,95,0.32433784
1985,96,0.35215923
1985,97,0.38107747
1985,98,0.41070207
1985,99,0.44097236
1986,0,0.00519658
1986,1,0.00084827
1986,2,0.00047667
1986,3,0.00034178
1986,4,0.00026643
1986,5,0.00023679
1986,6,0.00021595
1986,7,0.00019129
1986,8,0.00016591
1986,9,0.00014595
1986,10,0.00014113
1986,11,0.00014121
1986,12,0.0001561
1986,13,0.00017611
1986,14,0.00019609
1986,15,0.00023693
1986,16,0.00042076
1986,17,0.00050806
1986,18,0.00057271
1986,19,0.00058718
1986,20,0.00062286
1986,21,0.0006056
1986,22,0.00056578
1986,23,0.00055022
1986,24,0.00054512
1986,25,0.00058033
1986,26,0.00060519
1986,27,0.00058461
1986,28,0.00060872
1986,29,0.00061869
1986,30,0.00063404
1986,31,0.00061289
1986,32,0.0006923
1986,33,0.00078369
1986,34,0.0008088
1986,35,0.00087441
1986,36,0.00097765
1986,37,0.00107077
1986,38,0.00110671
1986,39,0.00124794
1986,40,0.0013908
1986,41,0.00153622
1986,42,0.00167857
1986,43,0.00183256
1986,44,0.00202293
1986,45,0.00225822
1986,46,0.00238684
1986,47,0.00267076
1986,48,0.00289238
1986,49,0.00330942
1986,50,0.00353394
1986,51,0.0041047
1986,52,0.00438976
1986,53,0.0048208
1986,54,0.00538439
1986,55,0.00556489
1986,56,0.00600331
1986,57,0.00655156
1986,58,0.00683993
1986,59,0.007372
1986,60,0.00803956
1986,61,0.00858338
1986,62,0.00940983
1986,63,0.01012081
1986,64,0.01081333
1986,65,0.01211164
1986,66,0.01337273
1986,67,0.01479329
1986,68,0.01647835
1986,69,0.01828962
1986,70,0.0204073
1986,71,0.0229952
1986,72,0.0257052
1986,73,0.02873728
1986,74,0.03254176
1986,75,0.03676028
1986,76,0.04137007
1986,77,0.04675103
1986,78,0.0534243
1986,79,0.05919757
1986,80,0.06864288
1986,81,0.07666983
1986,82,0.08580826
1986,83,0.09606442
1986,84,0.1069034
1986,85,0.11884049
1986,86,0.13279594
1986,87,0.14327403
1986,88,0.16459546
1986,89,0.17693036
1986,90,0.20296046
1986,91,0.21576612
1986,92,0.23831951
1986,93,0.26197494
1986,94,0.28269348
1986,95,0.31199351
1986,96,0.33908118
1986,97,0.36726938
1986,98,0.39647628
1986,99,0.42639552
1987,0,0.00493166
1987,1,0.00080247
1987,2,0.00044184
1987,3,0.00035154
1987,4,0.00026203
1987,5,0.00024719
1987,6,0.00022136
1987,7,0.00020594
1987,8,0.00016077
1987,9,0.00013539
1987,10,0.00011027
1987,11,0.00014112
1987,12,0.00015635
1987,13,0.00015641
1987,14,0.0001761
1987,15,0.00023186
1987,16,0.00039016
1987,17,0.0004631
1987,18,0.00054838
1987,19,0.00060253
1987,20,0.00054674
1987,21,0.00056571
1987,22,0.00055595
1987,23,0.00057048
1987,24,0.00051951
1987,25,0.00057542
1987,26,0.00056575
1987,27,0.00063167
1987,28,0.0005697
1987,29,0.00062936
1987,30,0.00062396
1987,31,0.000624
1987,32,0.00066363
1987,33,0.00074834
1987,34,0.00078295
1987,35,0.0008186
1987,36,0.00088946
1987,37,0.00099297
1987,38,0.00108574
1987,39,0.0012266
1987,40,0.00132805
1987,41,0.00141581
1987,42,0.00159148
1987,43,0.00178305
1987,44,0.00185733
1987,45,0.00211778
1987,46,0.00230737
1987,47,0.00251103
1987,48,0.00271996
1987,49,0.00303108
1987,50,0.00332299
1987,51,0.00370677
1987,52,0.00422226
1987,53,0.00459127
1987,54,0.0051762
1987,55,0.00570184
1987,56,0.00588146
1987,57,0.00644326
1987,58,0.00694786
1987,59,0.00729972
1987,60,0.00798687
1987,61,0.00856841
1987,62,0.00926437
1987,63,0.01015452
1987,64,0.01094263
1987,65,0.01156513
1987,66,0.01270569
1987,67,0.013905
1987,68,0.01579222
1987,69,0.01765409
1987,70,0.01969668
1987,71,0.021749
1987,72,0.02444085
1987,73,0.02736537
1987,74,0.03067811
1987,75,0.03497891
1987,76,0.03947796
1987,77,0.04468779
1987,78,0.05071542
1987,79,0.05752737
1987,80,0.06421638
1987,81,0.07367627
1987,82,0.08208903
1987,83,0.09198957
1987,84,0.10223851
1987,85,0.11535678
1987,86,0.12647093
1987,87,0.1400548
1987,88,0.1532222
1987,89,0.17554506
1987,90,0.18729158
1987,91,0.21862021
1987,92,0.223876
1987,93,0.25052123
1987,94,0.27141388
1987,95,0.30012118
1987,96,0.32651057
1987,97,0.35407172
1987,98,0.38263936
1987,99,0.412107
1988,0,0.00477409
1988,1,0.00078737
1988,2,0.00042596
1988,3,0.00034157
1988,4,0.00026615
1988,5,0.0002305
1988,6,0.00021641
1988,7,0.00019649
1988,8,0.00015593
1988,9,0.00014051
1988,10,0.00013615
1988,11,0.00013567
1988,12,0.00013597
1988,13,0.00016574
1988,14,0.00016609
1988,15,0.00024703
1988,16,0.00040556
1988,17,0.00050793
1988,18,0.00055767
1988,19,0.00058875
1988,20,0.00063317
1988,21,0.00055772
1988,22,0.00051178
1988,23,0.00061091
1988,24,0.00056002
1988,25,0.00057083
1988,26,0.00058624
1988,27,0.00058005
1988,28,0.0005646
1988,29,0.00060429
1988,30,0.00058376
1988,31,0.0006182
1988,32,0.00066907
1988,33,0.00069323
1988,34,0.00076296
1988,35,0.0008332
1988,36,0.00088888
1988,37,0.00099449
1988,38,0.0010832
1988,39,0.00118063
1988,40,0.00124145
1988,41,0.00139309
1988,42,0.0015612
1988,43,0.00178228
1988,44,0.00192811
1988,45,0.00206226
1988,46,0.00225234
1988,47,0.00250696
1988,48,0.00268541
1988,49,0.00291419
1988,50,0.00332466
1988,51,0.0036257
1988,52,0.00399966
1988,53,0.00453736
1988,54,0.00495147
1988,55,0.0054545
1988,56,0.00595922
1988,57,0.00643841
1988,58,0.00690161
1988,59,0.00743207
1988,60,0.00806647
1988,61,0.00863277
1988,62,0.0094834
1988,63,0.01021778
1988,64,0.0108509
1988,65,0.01166878
1988,66,0.01264482
1988,67,0.01419717
1988,68,0.01576604
1988,69,0.01780345
1988,70,0.01954853
1988,71,0.02217501
1988,72,0.02455978
1988,73,0.02763694
1988,74,0.03116815
1988,75,0.03523412
1988,76,0.0394338
1988,77,0.04552433
1988,78,0.05152816
1988,79,0.05830731
1988,80,0.06558031
1988,81,0.07460573
1988,82,0.08509973
1988,83,0.09468812
1988,84,0.10606358
1988,85,0.11766366
1988,86,0.1311454
1988,87,0.14727043
1988,88,0.16407813
1988,89,0.17771804
1988,90,0.20240995
1988,91,0.21463672
1988,92,0.24576446
1988,93,0.25430591
1988,94,0.29015598
1988,95,0.31554008
1988,96,0.34352956
1988,97,0.37274443
1988,98,0.40292685
1988,99,0.43384259
1989,0,0.00447272
1989,1,0.00073706
1989,2,0.00045627
1989,3,0.00032652
1989,4,0.00026105
1989,5,0.00021639
1989,6,0.00022587
1989,7,0.00017589
1989,8,0.00019107
1989,9,0.00015079
1989,10,0.00012563
1989,11,0.00013513
1989,12,0.00014565
1989,13,0.00014596
1989,14,0.00017632
1989,15,0.00021185
1989,16,0.00039591
1989,17,0.00049288
1989,18,0.00055743
1989,19,0.00058815
1989,20,0.00064477
1989,21,0.00058803
1989,22,0.00053166
1989,23,0.00050571
1989,24,0.00053543
1989,25,0.00056575
1989,26,0.00055549
1989,27,0.00056057
1989,28,0.00058516
1989,29,0.00058456
1989,30,0.00059449
1989,31,0.00061906
1989,32,0.00064431
1989,33,0.00067333
1989,34,0.00071813
1989,35,0.00078816
1989,36,0.0008529
1989,37,0.00094313
1989,38,0.00099407
1989,39,0.00117785
1989,40,0.00127552
1989,41,0.00134136
1989,42,0.00150312
1989,43,0.00168599
1989,44,0.00184746
1989,45,0.00206853
1989,46,0.00215162
1989,47,0.00234678
1989,48,0.00262631
1989,49,0.00283964
1989,50,0.00319808
1989,51,0.00349284
1989,52,0.00387715
1989,53,0.00420135
1989,54,0.00475483
1989,55,0.00528017
1989,56,0.00577298
1989,57,0.00638925
1989,58,0.0068306
1989,59,0.00734291
1989,60,0.0078757
1989,61,0.00853345
1989,62,0.00900794
1989,63,0.01007441
1989,64,0.010842
1989,65,0.01177167
1989,66,0.01270976
1989,67,0.01379603
1989,68,0.0152343
1989,69,0.01700963
1989,70,0.01893263
1989,71,0.02104924
1989,72,0.02398462
1989,73,0.02617086
1989,74,0.02993432
1989,75,0.0331143
1989,76,0.03724346
1989,77,0.0426386
1989,78,0.04859279
1989,79,0.05471945
1989,80,0.06207279
1989,81,0.07025887
1989,82,0.08019296
1989,83,0.08973247
1989,84,0.09898944
1989,85,0.11083756
1989,86,0.12505272
1989,87,0.13834663
1989,88,0.15351664
1989,89,0.16949301
1989,90,0.18238256
1989,91,0.21124014
1989,92,0.22106541
1989,93,0.2511275
1989,94,0.27277043
1989,95,0.29885952
1989,96,0.32601429
1989,97,0.35441664
1989,98,0.38393348
1989,99,0.41427511
1990,0,0.0045706
1990,1,0.00077676
1990,2,0.00042707
1990,3,0.00034253
1990,4,0.00026679
1990,5,0.00023617
1990,6,0.00021638
1990,7,0.00018611
1990,8,0.0001505
1990,9,0.0001354
1990,10,0.00013026
1990,11,0.0001205
1990,12,0.00012587
1990,13,0.00016617
1990,14,0.00017081
1990,15,0.0002169
1990,16,0.0003749
1990,17,0.00047682
1990,18,0.00053321
1990,19,0.00060325
1990,20,0.00055795
1990,21,0.00057365
1990,22,0.00054562
1990,23,0.0005469
1990,24,0.00053092
1990,25,0.00056571
1990,26,0.00051958
1990,27,0.00051009
1990,28,0.00053972
1990,29,0.00059998
1990,30,0.00061505
1990,31,0.00059884
1990,32,0.00064435
1990,33,0.00069408
1990,34,0.00071394
1990,35,0.00079868
1990,36,0.00085813
1990,37,0.00094847
1990,38,0.00098909
1990,39,0.00108048
1990,40,0.00123346
1990,41,0.00138045
1990,42,0.00146645
1990,43,0.00163816
1990,44,0.00171584
1990,45,0.00197221
1990,46,0.00217823
1990,47,0.00237131
1990,48,0.00261623
1990,49,0.00294061
1990,50,0.00310864
1990,51,0.00331689
1990,52,0.00379579
1990,53,0.00412424
1990,54,0.0044063
1990,55,0.00515753
1990,56,0.00570591
1990,57,0.0061868
1990,58,0.00678536
1990,59,0.00722715
1990,60,0.00810783
1990,61,0.00873219
1990,62,0.00938612
1990,63,0.00997934
1990,64,0.01095995
1990,65,0.01173928
1990,66,0.0129883
1990,67,0.01378252
1990,68,0.0149978
1990,69,0.01685256
1990,70,0.01850795
1990,71,0.02101915
1990,72,0.0236601
1990,73,0.02660454
1990,74,0.02985544
1990,75,0.03355776
1990,76,0.03736009
1990,77,0.04227443
1990,78,0.04787013
1990,79,0.05494348
1990,80,0.0623107
1990,81,0.07003496
1990,82,0.07849085
1990,83,0.08867473
1990,84,0.10076133
1990,85,0.11407489
1990,86,0.124885
1990,87,0.14014653
1990,88,0.15512122
1990,89,0.17470707
1990,90,0.18940223
1990,91,0.20859507
1990,92,0.23448772
1990,93,0.25293713
1990,94,0.28436704
1990,95,0.3079134
1990,96,0.33614145
1990,97,0.36580433
1990,98,0.39650367
1990,99,0.42804093
1991,0,0.00448631
1991,1,0.00071136
1991,2,0.00040625
1991,3,0.00030139
1991,4,0.00024626
1991,5,0.00021541
1991,6,0.00022152
1991,7,0.00019073
1991,8,0.0001356
1991,9,0.00014585
1991,10,0.00011051
1991,11,0.0001305
1991,12,0.00012048
1991,13,0.00014072
1991,14,0.00015125
1991,15,0.00020672
1991,16,0.00035892
1991,17,0.00043713
1991,18,0.00051319
1991,19,0.00055952
1991,20,0.00055388
1991,21,0.00053728
1991,22,0.00053329
1991,23,0.00053663
1991,24,0.00049152
1991,25,0.00050089
1991,26,0.00052975
1991,27,0.00053452
1991,28,0.00056033
1991,29,0.00056533
1991,30,0.00059965
1991,31,0.00057908
1991,32,0.00063469
1991,33,0.00065882
1991,34,0.00071942
1991,35,0.00075376
1991,36,0.00086002
1991,37,0.00088881
1991,38,0.00099827
1991,39,0.00105435
1991,40,0.00116555
1991,41,0.00128846
1991,42,0.00147027
1991,43,0.00167136
1991,44,0.00182333
1991,45,0.00192164
1991,46,0.00218253
1991,47,0.00241749
1991,48,0.00259551
1991,49,0.00285032
1991,50,0.00311451
1991,51,0.00332706
1991,52,0.00369468
1991,53,0.00405358
1991,54,0.00460027
1991,55,0.00493613
1991,56,0.00547132
1991,57,0.00590319
1991,58,0.0068067
1991,59,0.00744063
1991,60,0.00785309
1991,61,0.0086573
1991,62,0.00929605
1991,63,0.01013327
1991,64,0.01066999
1991,65,0.01172706
1991,66,0.01273751
1991,67,0.01388565
1991,68,0.01538116
1991,69,0.01635984
1991,70,0.01822672
1991,71,0.02009961
1991,72,0.02304237
1991,73,0.02579782
1991,74,0.02882034
1991,75,0.03233948
1991,76,0.0366198
1991,77,0.04097626
1991,78,0.04569084
1991,79,0.05307241
1991,80,0.05998421
1991,81,0.06771506
1991,82,0.07611608
1991,83,0.085669
1991,84,0.09575099
1991,85,0.10899758
1991,86,0.12052961
1991,87,0.13518553
1991,88,0.14951909
1991,89,0.16699001
1991,90,0.1840804
1991,91,0.2052758
1991,92,0.21789533
1991,93,0.24408131
1991,94,0.26321132
1991,95,0.2934156
1991,96,0.3203772
1991,97,0.3490039
1991,98,0.37877028
1991,99,0.40913707
1992,0,0.00452355
1992,1,0.0007267
1992,2,0.00039103
1992,3,0.00032621
1992,4,0.00027595
1992,5,0.00023138
1992,6,0.00021134
1992,7,0.0001805
1992,8,0.00014072
1992,9,0.00013606
1992,10,0.00013024
1992,11,0.00012538
1992,12,0.0001305
1992,13,0.00015584
1992,14,0.00018609
1992,15,0.00021125
1992,16,0.00036366
1992,17,0.00042136
1992,18,0.00053682
1992,19,0.00055327
1992,20,0.00054208
1992,21,0.00053266
1992,22,0.00053159
1992,23,0.00050636
1992,24,0.00053575
1992,25,0.00050083
1992,26,0.00054103
1992,27,0.00053462
1992,28,0.0005492
1992,29,0.00059483
1992,30,0.00058037
1992,31,0.00060465
1992,32,0.00062055
1992,33,0.00066456
1992,34,0.00067448
1992,35,0.00076399
1992,36,0.00080955
1992,37,0.00091459
1992,38,0.00100901
1992,39,0.00104424
1992,40,0.00121032
1992,41,0.00129607
1992,42,0.00147918
1992,43,0.00162557
1992,44,0.00175677
1992,45,0.00195382
1992,46,0.00206732
1992,47,0.00241374
1992,48,0.00264782
1992,49,0.00287059
1992,50,0.0030703
1992,51,0.00342928
1992,52,0.00363631
1992,53,0.00395357
1992,54,0.00438077
1992,55,0.00492063
1992,56,0.00543185
1992,57,0.00596715
1992,58,0.00655949
1992,59,0.00739952
1992,60,0.00814095
1992,61,0.00861467
1992,62,0.00941856
1992,63,0.01025443
1992,64,0.01117023
1992,65,0.01188043
1992,66,0.01306464
1992,67,0.01412125
1992,68,0.01556334
1992,69,0.01683283
1992,70,0.01805591
1992,71,0.02032341
1992,72,0.02241743
1992,73,0.02527679
1992,74,0.02846144
1992,75,0.03214584
1992,76,0.03586396
1992,77,0.04105014
1992,78,0.04535601
1992,79,0.05137729
1992,80,0.05926997
1992,81,0.06652513
1992,82,0.07438507
1992,83,0.08455921
1992,84,0.0950048
1992,85,0.10609886
1992,86,0.12138048
1992,87,0.13264329
1992,88,0.14620035
1992,89,0.16525142
1992,90,0.18140815
1992,91,0.20029556
1992,92,0.22135146
1992,93,0.23142443
1992,94,0.27041624
1992,95,0.28990667
1992,96,0.3163202
1992,97,0.34397265
1992,98,0.37322
1992,99,0.40382027
1993,0,0.00432384
1993,1,0.00072648
1993,2,0.00041537
1993,3,0.00031612
1993,4,0.00025026
1993,5,0.00023593
1993,6,0.00020082
1993,7,0.00018566
1993,8,0.00015586
1993,9,0.00013512
1993,10,0.00013047
1993,11,0.00012048
1993,12,0.00015026
1993,13,0.00016077
1993,14,0.00017097
1993,15,0.00019121
1993,16,0.00030858
1993,17,0.00037943
1993,18,0.00048669
1993,19,0.00053146
1993,20,0.00052655
1993,21,0.00051073
1993,22,0.000496
1993,23,0.00051025
1993,24,0.00050144
1993,25,0.0004846
1993,26,0.00047125
1993,27,0.00047559
1993,28,0.00055012
1993,29,0.00054531
1993,30,0.00056444
1993,31,0.00056969
1993,32,0.00058507
1993,33,0.0006693
1993,34,0.00071083
1993,35,0.00074435
1993,36,0.00083533
1993,37,0.00089066
1993,38,0.00096523
1993,39,0.00106463
1993,40,0.00119962
1993,41,0.00123562
1993,42,0.00141668
1993,43,0.00160473
1993,44,0.00180592
1993,45,0.00198717
1993,46,0.00219974
1993,47,0.00233424
1993,48,0.00263921
1993,49,0.00282832
1993,50,0.0031456
1993,51,0.00332521
1993,52,0.00369373
1993,53,0.00391547
1993,54,0.00429695
1993,55,0.0048074
1993,56,0.00527244
1993,57,0.00586492
1993,58,0.00649992
1993,59,0.00714411
1993,60,0.00791026
1993,61,0.00869607
1993,62,0.00949732
1993,63,0.01022449
1993,64,0.01127825
1993,65,0.01207444
1993,66,0.012892
1993,67,0.014207
1993,68,0.0156118
1993,69,0.01691398
1993,70,0.0184298
1993,71,0.01987944
1993,72,0.02220296
1993,73,0.02488843
1993,74,0.02812602
1993,75,0.03142333
1993,76,0.03586929
1993,77,0.04004524
1993,78,0.04531976
1993,79,0.05082225
1993,80,0.05786943
1993,81,0.06544191
1993,82,0.07415699
1993,83,0.08381889
1993,84,0.09188435
1993,85,0.10360603
1993,86,0.11608028
1993,87,0.13027782
1993,88,0.14648774
1993,89,0.15892499
1993,90,0.17937777
1993,91,0.19802964
1993,92,0.21559338
1993,93,0.23975968
1993,94,0.25670391
1993,95,0.28690828
1993,96,0.31308362
1993,97,0.34052897
1993,98,0.36895923
1993,99,0.39867654
1994,0,0.00440329
1994,1,0.0006762
1994,2,0.00040153
1994,3,0.00030606
1994,4,0.00022072
1994,5,0.0002159
1994,6,0.00019105
1994,7,0.00017621
1994,8,0.00012539
1994,9,0.00013536
1994,10,0.00012535
1994,11,0.00011069
1994,12,0.0001312
1994,13,0.0001513
1994,14,0.00018642
1994,15,0.00018634
1994,16,0.0003031
1994,17,0.00039964
1994,18,0.00044011
1994,19,0.00051101
1994,20,0.00052056
1994,21,0.00049942
1994,22,0.00051526
1994,23,0.00052515
1994,24,0.00048479
1994,25,0.00052589
1994,26,0.00052546
1994,27,0.00048465
1994,28,0.0005254
1994,29,0.0005554
1994,30,0.00057519
1994,31,0.00062515
1994,32,0.00063496
1994,33,0.00064547
1994,34,0.0006751
1994,35,0.00074606
1994,36,0.00083044
1994,37,0.00083495
1994,38,0.00092497
1994,39,0.00102534
1994,40,0.00113512
1994,41,0.00124567
1994,42,0.00139182
1994,43,0.00149224
1994,44,0.00174602
1994,45,0.00191636
1994,46,0.00208772
1994,47,0.00227472
1994,48,0.00245945
1994,49,0.00281154
1994,50,0.00305863
1994,51,0.00326049
1994,52,0.00362478
1994,53,0.00393317
1994,54,0.00418935
1994,55,0.0044001
1994,56,0.00505567
1994,57,0.00557349
1994,58,0.00604006
1994,59,0.00683414
1994,60,0.00751055
1994,61,0.0083681
1994,62,0.00937523
1994,63,0.00998223
1994,64,0.01072774
1994,65,0.01182514
1994,66,0.01281126
1994,67,0.01352639
1994,68,0.01507193
1994,69,0.0164135
1994,70,0.01790689
1994,71,0.01949029
1994,72,0.0211088
1994,73,0.02398064
1994,74,0.02646497
1994,75,0.02985578
1994,76,0.03365903
1994,77,0.03793363
1994,78,0.04299458
1994,79,0.04878825
1994,80,0.05477992
1994,81,0.06175756
1994,82,0.06984243
1994,83,0.07891036
1994,84,0.08897465
1994,85,0.09928887
1994,86,0.11133965
1994,87,0.12466848
1994,88,0.13979922
1994,89,0.15287231
1994,90,0.17044745
1994,91,0.19142504
1994,92,0.20733587
1994,93,0.23182436
1994,94,0.25091294
1994,95,0.27819299
1994,96,0.30393422
1994,97,0.3309214
1994,98,0.35885676
1994,99,0.38736361
1995,0,0.00418433
1995,1,0.00069591
1995,2,0.00039178
1995,3,0.00033099
1995,4,0.00025069
1995,5,0.00022095
1995,6,0.00021101
1995,7,0.00020078
1995,8,0.00015593
1995,9,0.00015615
1995,10,0.0001456
1995,11,0.00015046
1995,12,0.00015558
1995,13,0.00015585
1995,14,0.00018105
1995,15,0.00025668
1995,16,0.00034312
1995,17,0.00039345
1995,18,0.0004398
1995,19,0.00051518
1995,20,0.00052991
1995,21,0.00054474
1995,22,0.00051899
1995,23,0.00051942
1995,24,0.00049888
1995,25,0.00052487
1995,26,0.00051961
1995,27,0.00051959
1995,28,0.00054047
1995,29,0.00057677
1995,30,0.00062069
1995,31,0.00060502
1995,32,0.00066012
1995,33,0.00064991
1995,34,0.00075013
1995,35,0.00077659
1995,36,0.00079176
1995,37,0.0008763
1995,38,0.00098077
1995,39,0.00101017
1995,40,0.001172
1995,41,0.00124027
1995,42,0.00138118
1995,43,0.00154246
1995,44,0.00167912
1995,45,0.00197134
1995,46,0.00213665
1995,47,0.00239313
1995,48,0.00258553
1995,49,0.00271911
1995,50,0.00308671
1995,51,0.00349411
1995,52,0.00367503
1995,53,0.00398404
1995,54,0.00430202
1995,55,0.00476232
1995,56,0.00506777
1995,57,0.00557095
1995,58,0.00607546
1995,59,0.00681642
1995,60,0.0075401
1995,61,0.00845033
1995,62,0.00927773
1995,63,0.01013346
1995,64,0.01086892
1995,65,0.01187453
1995,66,0.01319061
1995,67,0.01402338
1995,68,0.0150724
1995,69,0.0166706
1995,70,0.01862587
1995,71,0.02035301
1995,72,0.02200694
1995,73,0.02404694
1995,74,0.02733378
1995,75,0.03035998
1995,76,0.03404137
1995,77,0.03854285
1995,78,0.04313356
1995,79,0.04875957
1995,80,0.05515319
1995,81,0.06202171
1995,82,0.07124257
1995,83,0.0794311
1995,84,0.08891128
1995,85,0.0994406
1995,86,0.11171273
1995,87,0.12541309
1995,88,0.13937103
1995,89,0.15620047
1995,90,0.17229812
1995,91,0.19353515
1995,92,0.21572582
1995,93,0.23576692
1995,94,0.2514736
1995,95,0.28306336
1995,96,0.30943665
1995,97,0.33672407
1995,98,0.36479956
1995,99,0.39319681
1996,0,0.00384414
1996,1,0.00064767
1996,2,0.00037075
1996,3,0.00024637
1996,4,0.00021585
1996,5,0.0001858
1996,6,0.00016047
1996,7,0.00016076
1996,8,0.00012487
1996,9,0.00011566
1996,10,0.00010051
1996,11,0.00010536
1996,12,0.00012558
1996,13,0.00014558
1996,14,0.00015561
1996,15,0.00021157
1996,16,0.00031307
1996,17,0.00035398
1996,18,0.00041908
1996,19,0.0004844
1996,20,0.00047417
1996,21,0.00046887
1996,22,0.000489
1996,23,0.00044335
1996,24,0.00047854
1996,25,0.00049395
1996,26,0.00048414
1996,27,0.00046372
1996,28,0.00052475
1996,29,0.00051024
1996,30,0.00053561
1996,31,0.00062047
1996,32,0.00065507
1996,33,0.00067531
1996,34,0.00066025
1996,35,0.00076192
1996,36,0.00080288
1996,37,0.00086609
1996,38,0.0009263
1996,39,0.00105211
1996,40,0.00109154
1996,41,0.00119271
1996,42,0.00138577
1996,43,0.00150161
1996,44,0.00165379
1996,45,0.00186071
1996,46,0.00206704
1996,47,0.00225669
1996,48,0.00250308
1996,49,0.00277052
1996,50,0.00303657
1996,51,0.00332334
1996,52,0.00362813
1996,53,0.00391884
1996,54,0.00414762
1996,55,0.00458972
1996,56,0.0048938
1996,57,0.0051449
1996,58,0.00579489
1996,59,0.00638101
1996,60,0.00708356
1996,61,0.00812098
1996,62,0.00884105
1996,63,0.00973171
1996,64,0.01071326
1996,65,0.01141212
1996,66,0.0126472
1996,67,0.01357106
1996,68,0.01468887
1996,69,0.01593201
1996,70,0.01759324
1996,71,0.01907992
1996,72,0.0210862
1996,73,0.02323013
1996,74,0.02547188
1996,75,0.02847387
1996,76,0.03146437
1996,77,0.03576866
1996,78,0.04041884
1996,79,0.04531062
1996,80,0.05127898
1996,81,0.05720883
1996,82,0.06379557
1996,83,0.07266057
1996,84,0.08151231
1996,85,0.0915523
1996,86,0.10298981
1996,87,0.11423209
1996,88,0.12747933
1996,89,0.14164497
1996,90,0.15800529
1996,91,0.17715572
1996,92,0.19264177
1996,93,0.21436094
1996,94,0.23066565
1996,95,0.25798106
1996,96,0.28242806
1996,97,0.30803792
1996,98,0.33448765
1996,99,0.36160717
1997,0,0.00368178
1997,1,0.00058565
1997,2,0.00037538
1997,3,0.0002405
1997,4,0.00023
1997,5,0.00018024
1997,6,0.00015068
1997,7,0.00014559
1997,8,0.00012538
1997,9,0.00011052
1997,10,9.566e-05
1997,11,0.00010051
1997,12,0.00013071
1997,13,0.0001307
1997,14,0.00013582
1997,15,0.00019634
1997,16,0.00029881
1997,17,0.00034897
1997,18,0.00045933
1997,19,0.00045993
1997,20,0.00047881
1997,21,0.00044877
1997,22,0.00045835
1997,23,0.00044865
1997,24,0.00044812
1997,25,0.0004684
1997,26,0.0004833
1997,27,0.00047814
1997,28,0.00053491
1997,29,0.00055883
1997,30,0.0005296
1997,31,0.00058009
1997,32,0.00067013
1997,33,0.00065045
1997,34,0.00070156
1997,35,0.00075018
1997,36,0.00077125
1997,37,0.00088819
1997,38,0.00092165
1997,39,0.00097642
1997,40,0.00106134
1997,41,0.00120654
1997,42,0.00135216
1997,43,0.00146133
1997,44,0.00160189
1997,45,0.00178474
1997,46,0.00201059
1997,47,0.0022474
1997,48,0.00247126
1997,49,0.00272764
1997,50,0.00301536
1997,51,0.00326666
1997,52,0.00368324
1997,53,0.00386191
1997,54,0.00415142
1997,55,0.00447455
1997,56,0.00493591
1997,57,0.00522998
1997,58,0.00549888
1997,59,0.00635596
1997,60,0.00693819
1997,61,0.00751466
1997,62,0.00861261
1997,63,0.00918826
1997,64,0.01048885
1997,65,0.01129444
1997,66,0.0122664
1997,67,0.01331209
1997,68,0.01458953
1997,69,0.01594472
1997,70,0.01693889
1997,71,0.01881881
1997,72,0.02090567
1997,73,0.02275387
1997,74,0.02477387
1997,75,0.02723352
1997,76,0.03068788
1997,77,0.03475466
1997,78,0.03876294
1997,79,0.04461864
1997,80,0.04983724
1997,81,0.05641892
1997,82,0.06272162
1997,83,0.0707548
1997,84,0.07959068
1997,85,0.08999773
1997,86,0.09975681
1997,87,0.11315473
1997,88,0.12525097
1997,89,0.13952749
1997,90,0.15544048
1997,91,0.17233408
1997,92,0.19122585
1997,93,0.21099996
1997,94,0.23206153
1997,95,0.25604111
1997,96,0.28094826
1997,97,0.30709029
1997,98,0.33430364
1997,99,0.36225401
1998,0,0.00368034
1998,1,0.00062667
1998,2,0.00034513
1998,3,0.00026612
1998,4,0.00020074
1998,5,0.00017587
1998,6,0.00016097
1998,7,0.00018045
1998,8,0.00014094
1998,9,0.00012025
1998,10,0.00010539
1998,11,0.00010053
1998,12,0.00012026
1998,13,0.0001456
1998,14,0.00017676
1998,15,0.00019654
1998,16,0.00031833
1998,17,0.00038883
1998,18,0.00044487
1998,19,0.00049511
1998,20,0.0005145
1998,21,0.00049944
1998,22,0.00048363
1998,23,0.00050357
1998,24,0.00049841
1998,25,0.00050351
1998,26,0.00051757
1998,27,0.00053352
1998,28,0.00053338
1998,29,0.00057021
1998,30,0.00058927
1998,31,0.00061615
1998,32,0.00066063
1998,33,0.000716
1998,34,0.00073695
1998,35,0.00079087
1998,36,0.00085213
1998,37,0.00090912
1998,38,0.00097914
1998,39,0.00103178
1998,40,0.00117252
1998,41,0.0012733
1998,42,0.00135366
1998,43,0.00146889
1998,44,0.00168327
1998,45,0.00183853
1998,46,0.00203117
1998,47,0.00226751
1998,48,0.00253845
1998,49,0.00281074
1998,50,0.00312224
1998,51,0.0033448
1998,52,0.00359212
1998,53,0.00404304
1998,54,0.00431477
1998,55,0.00450844
1998,56,0.00493575
1998,57,0.0053907
1998,58,0.00572216
1998,59,0.00612017
1998,60,0.00685684
1998,61,0.00762458
1998,62,0.00815626
1998,63,0.00919057
1998,64,0.01000818
1998,65,0.01127163
1998,66,0.01225116
1998,67,0.01311507
1998,68,0.01445983
1998,69,0.01602864
1998,70,0.01743664
1998,71,0.01863653
1998,72,0.0206071
1998,73,0.02267399
1998,74,0.0248538
1998,75,0.02721999
1998,76,0.02981387
1998,77,0.03407305
1998,78,0.03719486
1998,79,0.0427886
1998,80,0.04816234
1998,81,0.05493176
1998,82,0.0615985
1998,83,0.06913148
1998,84,0.07718391
1998,85,0.08645863
1998,86,0.09649032
1998,87,0.10894188
1998,88,0.12181993
1998,89,0.13470521
1998,90,0.14912681
1998,91,0.16618414
1998,92,0.18671492
1998,93,0.20187471
1998,94,0.22765758
1998,95,0.24853634
1998,96,0.27304927
1998,97,0.29904457
1998,98,0.32615033
1998,99,0.35417731
1999,0,0.00338775
1999,1,0.00058102
1999,2,0.00031589
1999,3,0.00023588
1999,4,0.00019099
1999,5,0.00016025
1999,6,0.0001305
1999,7,0.00013024
1999,8,0.00013068
1999,9,0.00010047
1999,10,0.00012101
1999,11,0.00012026
1999,12,0.0001154
1999,13,0.00012052
1999,14,0.00016097
1999,15,0.00022166
1999,16,0.00030774
1999,17,0.00034861
1999,18,0.00042451
1999,19,0.00045484
1999,20,0.00043943
1999,21,0.00048818
1999,22,0.0004937
1999,23,0.00052401
1999,24,0.00050838
1999,25,0.00051834
1999,26,0.000503
1999,27,0.00055319
1999,28,0.00053852
1999,29,0.00057392
1999,30,0.00059477
1999,31,0.00065456
1999,32,0.00064663
1999,33,0.00068173
1999,34,0.00078076
1999,35,0.00082254
1999,36,0.00081217
1999,37,0.00086371
1999,38,0.00097977
1999,39,0.00107923
1999,40,0.0011534
1999,41,0.00125812
1999,42,0.00134885
1999,43,0.00152004
1999,44,0.00170077
1999,45,0.00185369
1999,46,0.00210456
1999,47,0.00226198
1999,48,0.00243465
1999,49,0.00281834
1999,50,0.00311465
1999,51,0.00333606
1999,52,0.00360925
1999,53,0.00387162
1999,54,0.00441704
1999,55,0.0047616
1999,56,0.00497412
1999,57,0.00530538
1999,58,0.00587441
1999,59,0.00634497
1999,60,0.00675144
1999,61,0.00733924
1999,62,0.00821657
1999,63,0.00892187
1999,64,0.00996806
1999,65,0.01090298
1999,66,0.0121518
1999,67,0.01356819
1999,68,0.01423808
1999,69,0.01588645
1999,70,0.01746255
1999,71,0.01902059
1999,72,0.02062715
1999,73,0.02288087
1999,74,0.0251962
1999,75,0.02780245
1999,76,0.03052464
1999,77,0.03382829
1999,78,0.0386183
1999,79,0.04230122
1999,80,0.04888406
1999,81,0.05541544
1999,82,0.06171673
1999,83,0.07006522
1999,84,0.07879937
1999,85,0.08812836
1999,86,0.09900588
1999,87,0.11107309
1999,88,0.1235254
1999,89,0.13717611
1999,90,0.15633378
1999,91,0.17160519
1999,92,0.18682739
1999,93,0.21184091
1999,94,0.23063685
1999,95,0.25543803
1999,96,0.28097198
1999,97,0.30787262
1999,98,0.33611783
1999,99,0.36534172
2000,0,0.00329177
2000,1,0.00051104
2000,2,0.00029587
2000,3,0.000221
2000,4,0.00019588
2000,5,0.00014587
2000,6,0.00014025
2000,7,0.00013074
2000,8,0.00010561
2000,9,9.489e-05
2000,10,8.535e-05
2000,11,9.563e-05
2000,12,0.00010052
2000,13,0.00012593
2000,14,0.00015182
2000,15,0.00018147
2000,16,0.00028264
2000,17,0.00030827
2000,18,0.00039375
2000,19,0.00043041
2000,20,0.00045498
2000,21,0.00043367
2000,22,0.00048888
2000,23,0.00049825
2000,24,0.00052806
2000,25,0.0004727
2000,26,0.00049782
2000,27,0.00048227
2000,28,0.00051264
2000,29,0.00054289
2000,30,0.00057836
2000,31,0.00063515
2000,32,0.00066541
2000,33,0.00066107
2000,34,0.00073645
2000,35,0.00080603
2000,36,0.00077182
2000,37,0.00092146
2000,38,0.00097865
2000,39,0.001049
2000,40,0.00112417
2000,41,0.00122396
2000,42,0.00139413
2000,43,0.00139785
2000,44,0.00168021
2000,45,0.00181556
2000,46,0.00194856
2000,47,0.00214505
2000,48,0.00239734
2000,49,0.00263416
2000,50,0.0029928
2000,51,0.00323836
2000,52,0.00357461
2000,53,0.0039226
2000,54,0.00408963
2000,55,0.00467451
2000,56,0.00490267
2000,57,0.00509901
2000,58,0.00567397
2000,59,0.00613733
2000,60,0.00656912
2000,61,0.00693948
2000,62,0.00776492
2000,63,0.00873783
2000,64,0.00945699
2000,65,0.01053732
2000,66,0.0114149
2000,67,0.01267476
2000,68,0.01384993
2000,69,0.01506525
2000,70,0.01665994
2000,71,0.01814286
2000,72,0.01977573
2000,73,0.02181507
2000,74,0.02418529
2000,75,0.02619345
2000,76,0.02951311
2000,77,0.03225003
2000,78,0.03547687
2000,79,0.0398699
2000,80,0.04576116
2000,81,0.05183678
2000,82,0.05825834
2000,83,0.06473051
2000,84,0.07293362
2000,85,0.08118493
2000,86,0.09140995
2000,87,0.10275123
2000,88,0.11429521
2000,89,0.12755008
2000,90,0.14103135
2000,91,0.15978791
2000,92,0.17523885
2000,93,0.19362459
2000,94,0.21397629
2000,95,0.23645881
2000,96,0.26012163
2000,97,0.28564775
2000,98,0.31244313
2000,99,0.34049343
2001,0,0.00309157
2001,1,0.00048568
2001,2,0.00028052
2001,3,0.0002105
2001,4,0.000171
2001,5,0.0001305
2001,6,0.00013587
2001,7,0.00012512
2001,8,0.00010512
2001,9,0.00010049
2001,10,8.534e-05
2001,11,8.535e-05
2001,12,8.538e-05
2001,13,0.00011565
2001,14,0.00013567
2001,15,0.00019183
2001,16,0.00026196
2001,17,0.00032825
2001,18,0.00037923
2001,19,0.0004196
2001,20,0.00042443
2001,21,0.00047511
2001,22,0.00046354
2001,23,0.00046325
2001,24,0.00044776
2001,25,0.0004727
2001,26,0.00047231
2001,27,0.00049804
2001,28,0.00050745
2001,29,0.00052814
2001,30,0.00059808
2001,31,0.00059322
2001,32,0.00063974
2001,33,0.00068068
2001,34,0.00065043
2001,35,0.00076723
2001,36,0.00086261
2001,37,0.00088255
2001,38,0.00097407
2001,39,0.0010242
2001,40,0.00114047
2001,41,0.00121019
2001,42,0.00130965
2001,43,0.00144459
2001,44,0.00158846
2001,45,0.00178645
2001,46,0.00196668
2001,47,0.00214909
2001,48,0.00228929
2001,49,0.00256227
2001,50,0.00290562
2001,51,0.00313729
2001,52,0.00346663
2001,53,0.00382796
2001,54,0.00418068
2001,55,0.00432313
2001,56,0.00486696
2001,57,0.00523832
2001,58,0.0054736
2001,59,0.00593615
2001,60,0.00643752
2001,61,0.00684513
2001,62,0.00745679
2001,63,0.00814727
2001,64,0.0090872
2001,65,0.00971206
2001,66,0.01102812
2001,67,0.01202775
2001,68,0.01351332
2001,69,0.01493505
2001,70,0.01618235
2001,71,0.01774068
2001,72,0.01948314
2001,73,0.02129149
2001,74,0.0233771
2001,75,0.02611655
2001,76,0.02853813
2001,77,0.03177123
2001,78,0.03461856
2001,79,0.03846081
2001,80,0.04331222
2001,81,0.04890705
2001,82,0.05526757
2001,83,0.06261109
2001,84,0.07056199
2001,85,0.07874961
2001,86,0.08815037
2001,87,0.09946009
2001,88,0.11051421
2001,89,0.1234353
2001,90,0.13738258
2001,91,0.15493959
2001,92,0.16809774
2001,93,0.18880332
2001,94,0.2069541
2001,95,0.23039365
2001,96,0.25371216
2001,97,0.27875504
2001,98,0.30559956
2001,99,0.33370757
2002,0,0.00301515
2002,1,0.00045595
2002,2,0.00028054
2002,3,0.00018026
2002,4,0.00015512
2002,5,0.00015025
2002,6,0.00013075
2002,7,0.00013512
2002,8,0.00010537
2002,9,9e-05
2002,10,9.488e-05
2002,11,8.023e-05
2002,12,9.048e-05
2002,13,0.00011538
2002,14,0.00013619
2002,15,0.0001765
2002,16,0.00026808
2002,17,0.00032789
2002,18,0.00034318
2002,19,0.00040388
2002,20,0.00043978
2002,21,0.00043403
2002,22,0.00046971
2002,23,0.00044326
2002,24,0.00044261
2002,25,0.00044269
2002,26,0.00046244
2002,27,0.00047708
2002,28,0.00047226
2002,29,0.0005275
2002,30,0.00053267
2002,31,0.00059275
2002,32,0.00061896
2002,33,0.0006903
2002,34,0.00072453
2002,35,0.0007006
2002,36,0.00084194
2002,37,0.00085194
2002,38,0.00094265
2002,39,0.00102333
2002,40,0.00112992
2002,41,0.00120507
2002,42,0.00132606
2002,43,0.00141634
2002,44,0.00157543
2002,45,0.00168035
2002,46,0.00193197
2002,47,0.00205253
2002,48,0.0022282
2002,49,0.00252063
2002,50,0.00287269
2002,51,0.00300996
2002,52,0.00341184
2002,53,0.00378419
2002,54,0.00402046
2002,55,0.00443802
2002,56,0.00456048
2002,57,0.00510375
2002,58,0.00563183
2002,59,0.00582308
2002,60,0.00615565
2002,61,0.00683947
2002,62,0.00729306
2002,63,0.00786771
2002,64,0.00870639
2002,65,0.00961197
2002,66,0.01050262
2002,67,0.0115714
2002,68,0.01281138
2002,69,0.01420896
2002,70,0.0159365
2002,71,0.01700429
2002,72,0.0189873
2002,73,0.02084313
2002,74,0.02324281
2002,75,0.02513223
2002,76,0.02785813
2002,77,0.03106529
2002,78,0.03448857
2002,79,0.03795032
2002,80,0.04264475
2002,81,0.04774551
2002,82,0.0533791
2002,83,0.05987784
2002,84,0.06758575
2002,85,0.07664173
2002,86,0.0852573
2002,87,0.09686329
2002,88,0.1063852
2002,89,0.11950014
2002,90,0.13394514
2002,91,0.14940459
2002,92,0.1664513
2002,93,0.18094934
2002,94,0.19854764
2002,95,0.22275957
2002,96,0.24572852
2002,97,0.26998959
2002,98,0.29593317
2002,99,0.32363574
2003,0,0.00297779
2003,1,0.0003954
2003,2,0.00025
2003,3,0.00018027
2003,4,0.00016539
2003,5,0.00013537
2003,6,0.00014075
2003,7,0.00010025
2003,8,9.463e-05
2003,9,8.538e-05
2003,10,8.025e-05
2003,11,0.00010512
2003,12,9.512e-05
2003,13,0.00012048
2003,14,0.00013565
2003,15,0.00018163
2003,16,0.00025224
2003,17,0.00030842
2003,18,0.00038307
2003,19,0.00039344
2003,20,0.00038358
2003,21,0.00042403
2003,22,0.00044381
2003,23,0.00042893
2003,24,0.00048312
2003,25,0.00048755
2003,26,0.00047723
2003,27,0.00051236
2003,28,0.00055266
2003,29,0.00052764
2003,30,0.00056783
2003,31,0.00059258
2003,32,0.00064818
2003,33,0.00069972
2003,34,0.00071505
2003,35,0.00076975
2003,36,0.00079722
2003,37,0.00084207
2003,38,0.00098765
2003,39,0.00101813
2003,40,0.00116006
2003,41,0.00122149
2003,42,0.0013427
2003,43,0.00145108
2003,44,0.00160262
2003,45,0.00182277
2003,46,0.00189197
2003,47,0.00204736
2003,48,0.00226312
2003,49,0.00249994
2003,50,0.00282614
2003,51,0.00306361
2003,52,0.00335085
2003,53,0.00373591
2003,54,0.00403181
2003,55,0.00436733
2003,56,0.00476471
2003,57,0.00486768
2003,58,0.00564006
2003,59,0.00578154
2003,60,0.00629849
2003,61,0.00671706
2003,62,0.00729221
2003,63,0.00795686
2003,64,0.00833905
2003,65,0.00936101
2003,66,0.01019763
2003,67,0.0112159
2003,68,0.01267735
2003,69,0.01384956
2003,70,0.01546892
2003,71,0.0172135
2003,72,0.01864812
2003,73,0.02072882
2003,74,0.0227283
2003,75,0.02498105
2003,76,0.02728011
2003,77,0.03099393
2003,78,0.03392254
2003,79,0.03820236
2003,80,0.04229392
2003,81,0.04691948
2003,82,0.05344582
2003,83,0.05928221
2003,84,0.06701814
2003,85,0.07610034
2003,86,0.08528226
2003,87,0.09471472
2003,88,0.10762401
2003,89,0.11928061
2003,90,0.13438474
2003,91,0.14877609
2003,92,0.16435145
2003,93,0.18295613
2003,94,0.20455724
2003,95,0.22469036
2003,96,0.24809686
2003,97,0.27316556
2003,98,0.29949967
2003,99,0.32751183
2004,0,0.00282539
2004,1,0.00043107
2004,2,0.00024106
2004,3,0.00019054
2004,4,0.0001554
2004,5,0.00011052
2004,6,0.000111
2004,7,0.00012051
2004,8,8.563e-05
2004,9,8.05e-05
2004,10,7.513e-05
2004,11,7.538e-05
2004,12,8.562e-05
2004,13,0.00011071
2004,14,0.00013074
2004,15,0.00016621
2004,16,0.00025224
2004,17,0.00027202
2004,18,0.00032308
2004,19,0.00039874
2004,20,0.00039291
2004,21,0.00043435
2004,22,0.00042818
2004,23,0.00044792
2004,24,0.00048926
2004,25,0.00044228
2004,26,0.00045725
2004,27,0.000467
2004,28,0.000527
2004,29,0.00052192
2004,30,0.0005626
2004,31,0.00058798
2004,32,0.00061768
2004,33,0.00063818
2004,34,0.00073412
2004,35,0.00075491
2004,36,0.00084516
2004,37,0.00085808
2004,38,0.00091704
2004,39,0.00105161
2004,40,0.00111407
2004,41,0.00118439
2004,42,0.00136112
2004,43,0.00137617
2004,44,0.00151769
2004,45,0.00175824
2004,46,0.00192243
2004,47,0.00201244
2004,48,0.00229647
2004,49,0.00240108
2004,50,0.00270489
2004,51,0.00297957
2004,52,0.00326765
2004,53,0.00356992
2004,54,0.00396359
2004,55,0.00429937
2004,56,0.00459973
2004,57,0.00498643
2004,58,0.00523931
2004,59,0.00590585
2004,60,0.00632563
2004,61,0.00655113
2004,62,0.00717594
2004,63,0.00788211
2004,64,0.00833105
2004,65,0.00897218
2004,66,0.01004195
2004,67,0.01099689
2004,68,0.01201491
2004,69,0.01357433
2004,70,0.01475572
2004,71,0.01642149
2004,72,0.01851348
2004,73,0.01992947
2004,74,0.02196661
2004,75,0.02465318
2004,76,0.02727846
2004,77,0.02978014
2004,78,0.03350804
2004,79,0.03732152
2004,80,0.04239842
2004,81,0.04642531
2004,82,0.05067714
2004,83,0.05786073
2004,84,0.06437409
2004,85,0.07344255
2004,86,0.08232625
2004,87,0.09278321
2004,88,0.1040059
2004,89,0.11464477
2004,90,0.1296343
2004,91,0.1454482
2004,92,0.16022172
2004,93,0.17823028
2004,94,0.19655735
2004,95,0.21841604
2004,96,0.24105241
2004,97,0.2655787
2004,98,0.29168636
2004,99,0.31909918
2005,0,0.00275616
2005,1,0.00042668
2005,2,0.00025053
2005,3,0.00020053
2005,4,0.00015027
2005,5,0.00011568
2005,6,0.00012565
2005,7,0.00012076
2005,8,0.00011563
2005,9,8.051e-05
2005,10,9e-05
2005,11,7.025e-05
2005,12,8.051e-05
2005,13,0.00011563
2005,14,0.00014584
2005,15,0.00018127
2005,16,0.00021221
2005,17,0.00024745
2005,18,0.00032294
2005,19,0.00039852
2005,20,0.0004192
2005,21,0.00041861
2005,22,0.00048809
2005,23,0.00050848
2005,24,0.00050292
2005,25,0.00048304
2005,26,0.00050763
2005,27,0.00046691
2005,28,0.00052715
2005,29,0.00055698
2005,30,0.00054689
2005,31,0.00059755
2005,32,0.00058709
2005,33,0.0006577
2005,34,0.00071778
2005,35,0.00078448
2005,36,0.00078947
2005,37,0.00089054
2005,38,0.00091225
2005,39,0.00100793
2005,40,0.00111842
2005,41,0.0012187
2005,42,0.00129581
2005,43,0.00134467
2005,44,0.00160814
2005,45,0.00170275
2005,46,0.00187846
2005,47,0.00208139
2005,48,0.00224739
2005,49,0.00242329
2005,50,0.00265232
2005,51,0.00301941
2005,52,0.00325475
2005,53,0.00344681
2005,54,0.00386958
2005,55,0.00425704
2005,56,0.0046296
2005,57,0.00507944
2005,58,0.00536183
2005,59,0.00568496
2005,60,0.00631044
2005,61,0.00683689
2005,62,0.00717124
2005,63,0.00776694
2005,64,0.00850741
2005,65,0.00907242
2005,66,0.00960314
2005,67,0.01083951
2005,68,0.01196445
2005,69,0.01318472
2005,70,0.01497813
2005,71,0.01628563
2005,72,0.01846624
2005,73,0.02031779
2005,74,0.0223191
2005,75,0.02473786
2005,76,0.0277603
2005,77,0.03059365
2005,78,0.03373456
2005,79,0.03765363
2005,80,0.0428668
2005,81,0.04796102
2005,82,0.05326242
2005,83,0.05858128
2005,84,0.06685429
2005,85,0.07436415
2005,86,0.0831422
2005,87,0.094752
2005,88,0.10616079
2005,89,0.11994896
2005,90,0.13331465
2005,91,0.14915762
2005,92,0.16472274
2005,93,0.18594368
2005,94,0.20452462
2005,95,0.22741191
2005,96,0.251349
2005,97,0.27705777
2005,98,0.30465724
2005,99,0.33381621
2006,0,0.00269439
2006,1,0.00041051
2006,2,0.00024102
2006,3,0.00017513
2006,4,0.0001508
2006,5,0.00012514
2006,6,0.00011568
2006,7,0.0001054
2006,8,9.513e-05
2006,9,7.513e-05
2006,10,8.026e-05
2006,11,8.538e-05
2006,12,9.052e-05
2006,13,9.539e-05
2006,14,0.00013617
2006,15,0.00017101
2006,16,0.00021215
2006,17,0.00026747
2006,18,0.00033358
2006,19,0.00039872
2006,20,0.00042929
2006,21,0.00040824
2006,22,0.0004429
2006,23,0.00045323
2006,24,0.0004926
2006,25,0.00045209
2006,26,0.00048198
2006,27,0.00051218
2006,28,0.00048657
2006,29,0.00056161
2006,30,0.00054673
2006,31,0.00052697
2006,32,0.00058716
2006,33,0.00062215
2006,34,0.0006726
2006,35,0.00072294
2006,36,0.00074317
2006,37,0.00082461
2006,38,0.00091544
2006,39,0.00094274
2006,40,0.00107766
2006,41,0.00117255
2006,42,0.00125469
2006,43,0.0013842
2006,44,0.00154216
2006,45,0.00165815
2006,46,0.00188784
2006,47,0.00199845
2006,48,0.0022114
2006,49,0.00236154
2006,50,0.00258192
2006,51,0.0029475
2006,52,0.00306801
2006,53,0.00337874
2006,54,0.0036607
2006,55,0.00397897
2006,56,0.00443471
2006,57,0.00477697
2006,58,0.00526052
2006,59,0.00558285
2006,60,0.0058815
2006,61,0.00666098
2006,62,0.00707723
2006,63,0.00764761
2006,64,0.00812389
2006,65,0.00893806
2006,66,0.00956339
2006,67,0.01028115
2006,68,0.01157388
2006,69,0.01283086
2006,70,0.01374973
2006,71,0.01566213
2006,72,0.01722139
2006,73,0.01942492
2006,74,0.02184023
2006,75,0.02390971
2006,76,0.02671072
2006,77,0.02976478
2006,78,0.03339078
2006,79,0.03628007
2006,80,0.04145106
2006,81,0.0465959
2006,82,0.05160136
2006,83,0.05720419
2006,84,0.06286465
2006,85,0.07184946
2006,86,0.08079722
2006,87,0.09063122
2006,88,0.10212596
2006,89,0.11449232
2006,90,0.12990084
2006,91,0.14443302
2006,92,0.16061066
2006,93,0.17823079
2006,94,0.20023031
2006,95,0.22070846
2006,96,0.24433162
2006,97,0.26956266
2006,98,0.29650372
2006,99,0.32528304
2007,0,0.00260914
2007,1,0.00039154
2007,2,0.00020513
2007,3,0.00017513
2007,4,0.00013566
2007,5,0.00011513
2007,6,0.00011541
2007,7,9.541e-05
2007,8,8.053e-05
2007,9,7e-05
2007,10,8.026e-05
2007,11,7.565e-05
2007,12,8.052e-05
2007,13,9.053e-05
2007,14,0.0001154
2007,15,0.00013593
2007,16,0.00021102
2007,17,0.00023672
2007,18,0.00031423
2007,19,0.00038371
2007,20,0.00039367
2007,21,0.00041312
2007,22,0.00045886
2007,23,0.000463
2007,24,0.00044271
2007,25,0.00045202
2007,26,0.00043725
2007,27,0.00047687
2007,28,0.00049685
2007,29,0.00050648
2007,30,0.00053155
2007,31,0.00055164
2007,32,0.00057726
2007,33,0.00059209
2007,34,0.00065263
2007,35,0.00071755
2007,36,0.00075309
2007,37,0.00081858
2007,38,0.0009207
2007,39,0.00098601
2007,40,0.00101828
2007,41,0.00113958
2007,42,0.00128907
2007,43,0.00139472
2007,44,0.00147091
2007,45,0.00159626
2007,46,0.00182135
2007,47,0.00199887
2007,48,0.00216847
2007,49,0.00229637
2007,50,0.00252555
2007,51,0.0027674
2007,52,0.00295161
2007,53,0.00335291
2007,54,0.00359758
2007,55,0.00398976
2007,56,0.00429725
2007,57,0.00474189
2007,58,0.0051267
2007,59,0.00544027
2007,60,0.00601022
2007,61,0.00622076
2007,62,0.00712331
2007,63,0.00768136
2007,64,0.00816717
2007,65,0.00877048
2007,66,0.00950538
2007,67,0.01041685
2007,68,0.0110696
2007,69,0.01246534
2007,70,0.01399684
2007,71,0.01513252
2007,72,0.01701372
2007,73,0.01860166
2007,74,0.02105531
2007,75,0.02362879
2007,76,0.02579808
2007,77,0.0290113
2007,78,0.03240973
2007,79,0.03635734
2007,80,0.04123093
2007,81,0.04571688
2007,82,0.05091597
2007,83,0.05726711
2007,84,0.06353524
2007,85,0.07097265
2007,86,0.07908076
2007,87,0.08933636
2007,88,0.10055637
2007,89,0.11427472
2007,90,0.12806139
2007,91,0.14292101
2007,92,0.15854128
2007,93,0.17580548
2007,94,0.19695568
2007,95,0.21865847
2007,96,0.24210854
2007,97,0.26745206
2007,98,0.29440352
2007,99,0.32305225
2008,0,0.00258259
2008,1,0.00037618
2008,2,0.00022513
2008,3,0.00015051
2008,4,0.00013538
2008,5,0.00012053
2008,6,9.54e-05
2008,7,9.514e-05
2008,8,9e-05
2008,9,8.54e-05
2008,10,7e-05
2008,11,7.539e-05
2008,12,8.079e-05
2008,13,9.566e-05
2008,14,0.00011107
2008,15,0.00017081
2008,16,0.00020133
2008,17,0.00026712
2008,18,0.0003028
2008,19,0.00038268
2008,20,0.0003835
2008,21,0.00044422
2008,22,0.00042918
2008,23,0.00048299
2008,24,0.00044775
2008,25,0.00048704
2008,26,0.00043698
2008,27,0.00050224
2008,28,0.0004871
2008,29,0.00050159
2008,30,0.00055678
2008,31,0.00054116
2008,32,0.00059658
2008,33,0.00057683
2008,34,0.00065715
2008,35,0.00066252
2008,36,0.00075263
2008,37,0.00083285
2008,38,0.00086905
2008,39,0.00097458
2008,40,0.00103654
2008,41,0.00111328
2008,42,0.00119331
2008,43,0.00136888
2008,44,0.0014345
2008,45,0.00149996
2008,46,0.00177173
2008,47,0.00188737
2008,48,0.00211308
2008,49,0.00233424
2008,50,0.00255183
2008,51,0.00265604
2008,52,0.00297356
2008,53,0.0031921
2008,54,0.00355215
2008,55,0.00388183
2008,56,0.00411868
2008,57,0.004546
2008,58,0.00499873
2008,59,0.00548641
2008,60,0.00595874
2008,61,0.00632959
2008,62,0.00678182
2008,63,0.00761248
2008,64,0.00815511
2008,65,0.00861763
2008,66,0.00940561
2008,67,0.01037349
2008,68,0.01081948
2008,69,0.0122241
2008,70,0.01356794
2008,71,0.01504437
2008,72,0.01651896
2008,73,0.01861428
2008,74,0.02045148
2008,75,0.02301316
2008,76,0.02590378
2008,77,0.02871658
2008,78,0.03221267
2008,79,0.03629504
2008,80,0.04044603
2008,81,0.04583753
2008,82,0.05152417
2008,83,0.05689627
2008,84,0.06421562
2008,85,0.0711056
2008,86,0.07894829
2008,87,0.08939228
2008,88,0.09990275
2008,89,0.11345708
2008,90,0.12828021
2008,91,0.14259792
2008,92,0.1597245
2008,93,0.1796029
2008,94,0.19728251
2008,95,0.22109769
2008,96,0.24505298
2008,97,0.27078794
2008,98,0.29837027
2008,99,0.32750866
2009,0,0.00239138
2009,1,0.00037592
2009,2,0.00018539
2009,3,0.00015487
2009,4,0.00012538
2009,5,0.00012
2009,6,0.00010513
2009,7,8.027e-05
2009,8,8.514e-05
2009,9,8.541e-05
2009,10,8e-05
2009,11,6.052e-05
2009,12,7.487e-05
2009,13,0.00010053
2009,14,0.00010054
2009,15,0.00012568
2009,16,0.0002119
2009,17,0.00024696
2009,18,0.00029799
2009,19,0.00033752
2009,20,0.00041838
2009,21,0.00043424
2009,22,0.00047947
2009,23,0.00045302
2009,24,0.00045319
2009,25,0.00044683
2009,26,0.0004816
2009,27,0.0004617
2009,28,0.00050713
2009,29,0.00053204
2009,30,0.00051686
2009,31,0.0005463
2009,32,0.00058663
2009,33,0.00054631
2009,34,0.00065211
2009,35,0.0006974
2009,36,0.00070254
2009,37,0.00081784
2009,38,0.00088311
2009,39,0.00096459
2009,40,0.00100631
2009,41,0.00118663
2009,42,0.00117362
2009,43,0.00131998
2009,44,0.00150419
2009,45,0.00159582
2009,46,0.0017263
2009,47,0.0018882
2009,48,0.00202308
2009,49,0.00227337
2009,50,0.00246474
2009,51,0.00269177
2009,52,0.00294747
2009,53,0.00321363
2009,54,0.00343201
2009,55,0.00371125
2009,56,0.00407534
2009,57,0.00437231
2009,58,0.00480913
2009,59,0.0053892
2009,60,0.00573849
2009,61,0.00632073
2009,62,0.00666487
2009,63,0.00710636
2009,64,0.00800579
2009,65,0.00847953
2009,66,0.00913233
2009,67,0.00994462
2009,68,0.01086992
2009,69,0.01173603
2009,70,0.01273695
2009,71,0.01408084
2009,72,0.01610475
2009,73,0.01729079
2009,74,0.0194757
2009,75,0.02185348
2009,76,0.02482927
2009,77,0.02767615
2009,78,0.03060995
2009,79,0.03465382
2009,80,0.039124
2009,81,0.0438483
2009,82,0.0490073
2009,83,0.05484149
2009,84,0.06200332
2009,85,0.06945473
2009,86,0.07702969
2009,87,0.0852527
2009,88,0.09691461
2009,89,0.10899332
2009,90,0.12194465
2009,91,0.13782739
2009,92,0.15421153
2009,93,0.17517487
2009,94,0.19478051
2009,95,0.21584465
2009,96,0.23990401
2009,97,0.26577118
2009,98,0.29347844
2009,99,0.323072
2010,0,0.00233519
2010,1,0.00038564
2010,2,0.00020513
2010,3,0.00016539
2010,4,0.00013077
2010,5,0.00010462
2010,6,0.00010026
2010,7,8.567e-05
2010,8,8e-05
2010,9,7e-05
2010,10,7.028e-05
2010,11,7.567e-05
2010,12,9.565e-05
2010,13,0.00010567
2010,14,0.00012081
2010,15,0.00015027
2010,16,0.00020191
2010,17,0.0002216
2010,18,0.00028252
2010,19,0.00032249
2010,20,0.00039358
2010,21,0.00041302
2010,22,0.00043435
2010,23,0.00046419
2010,24,0.00045372
2010,25,0.00044286
2010,26,0.00045742
2010,27,0.0004822
2010,28,0.00049693
2010,29,0.00050196
2010,30,0.0005368
2010,31,0.00054141
2010,32,0.00057177
2010,33,0.00060141
2010,34,0.00064667
2010,35,0.00065685
2010,36,0.00071741
2010,37,0.00077761
2010,38,0.00084277
2010,39,0.00092321
2010,40,0.00106007
2010,41,0.00103544
2010,42,0.00119199
2010,43,0.00126857
2010,44,0.00137417
2010,45,0.00160926
2010,46,0.00167597
2010,47,0.00181252
2010,48,0.00200777
2010,49,0.002234
2010,50,0.00246791
2010,51,0.00265367
2010,52,0.00286243
2010,53,0.00312153
2010,54,0.00341269
2010,55,0.00382231
2010,56,0.00403985
2010,57,0.00448369
2010,58,0.00480018
2010,59,0.00517631
2010,60,0.00573896
2010,61,0.00637464
2010,62,0.00687911
2010,63,0.00725435
2010,64,0.00766725
2010,65,0.00882185
2010,66,0.00928344
2010,67,0.0098315
2010,68,0.01077688
2010,69,0.01196307
2010,70,0.01287049
2010,71,0.01412299
2010,72,0.01562665
2010,73,0.01766305
2010,74,0.01915829
2010,75,0.02186587
2010,76,0.02423058
2010,77,0.02783025
2010,78,0.03093408
2010,79,0.03433783
2010,80,0.03950578
2010,81,0.04420359
2010,82,0.04915055
2010,83,0.05589426
2010,84,0.06292669
2010,85,0.07159589
2010,86,0.07958479
2010,87,0.08835193
2010,88,0.09964313
2010,89,0.11087655
2010,90,0.12600391
2010,91,0.14130367
2010,92,0.16046924
2010,93,0.17946229
2010,94,0.19929488
2010,95,0.22296819
2010,96,0.2479958
2010,97,0.27490562
2010,98,0.30359733
2010,99,0.33407203
2011,0,0.0023554
2011,1,0.00042053
2011,2,0.00027487
2011,3,0.00023
2011,4,0.00018026
2011,5,0.00016052
2011,6,0.00015461
2011,7,0.00013565
2011,8,0.00011054
2011,9,0.00011973
2011,10,0.00011486
2011,11,0.00011569
2011,12,0.00010514
2011,13,0.00013593
2011,14,0.00015649
2011,15,0.00017596
2011,16,0.00025191
2011,17,0.00029675
2011,18,0.0003677
2011,19,0.00035798
2011,20,0.0004023
2011,21,0.00044755
2011,22,0.00048337
2011,23,0.00052331
2011,24,0.00052908
2011,25,0.00050755
2011,26,0.00051213
2011,27,0.00050647
2011,28,0.00052161
2011,29,0.00056651
2011,30,0.00056673
2011,31,0.00057677
2011,32,0.00061634
2011,33,0.00060646
2011,34,0.00070655
2011,35,0.00072156
2011,36,0.00075182
2011,37,0.00085237
2011,38,0.00085725
2011,39,0.00096807
2011,40,0.00105798
2011,41,0.00113461
2011,42,0.00124667
2011,43,0.00138711
2011,44,0.00142772
2011,45,0.00155839
2011,46,0.00179431
2011,47,0.00188524
2011,48,0.00205542
2011,49,0.00226776
2011,50,0.00253517
2011,51,0.00268929
2011,52,0.00299977
2011,53,0.00326683
2011,54,0.00343091
2011,55,0.003681
2011,56,0.00402994
2011,57,0.00451834
2011,58,0.00484644
2011,59,0.00536749
2011,60,0.00578277
2011,61,0.006383
2011,62,0.0069648
2011,63,0.00748198
2011,64,0.00797645
2011,65,0.00839681
2011,66,0.00965177
2011,67,0.01039508
2011,68,0.0111959
2011,69,0.01206072
2011,70,0.01327961
2011,71,0.01439744
2011,72,0.01578594
2011,73,0.0176634
2011,74,0.01971083
2011,75,0.02160389
2011,76,0.02472966
2011,77,0.02718554
2011,78,0.03117001
2011,79,0.03541622
2011,80,0.03959277
2011,81,0.04458349
2011,82,0.04989741
2011,83,0.05650226
2011,84,0.06388372
2011,85,0.07189855
2011,86,0.08052127
2011,87,0.08960142
2011,88,0.10057075
2011,89,0.11329899
2011,90,0.12822441
2011,91,0.14381048
2011,92,0.16136143
2011,93,0.18065591
2011,94,0.20124281
2011,95,0.22580644
2011,96,0.25148947
2011,97,0.27895019
2011,98,0.30824899
2011,99,0.33926119
2012,0,0.00222234
2012,1,0.00034
2012,2,0.00018973
2012,3,0.00017539
2012,4,0.00013513
2012,5,0.00013027
2012,6,7.565e-05
2012,7,9.565e-05
2012,8,9.026e-05
2012,9,7.514e-05
2012,10,6.027e-05
2012,11,7e-05
2012,12,7.514e-05
2012,13,9.083e-05
2012,14,0.00013568
2012,15,0.0001257
2012,16,0.00018655
2012,17,0.0002122
2012,18,0.00028239
2012,19,0.00033787
2012,20,0.00034296
2012,21,0.00038357
2012,22,0.00042331
2012,23,0.00042368
2012,24,0.00045364
2012,25,0.0004535
2012,26,0.0004729
2012,27,0.00047684
2012,28,0.00046685
2012,29,0.00045144
2012,30,0.0004815
2012,31,0.00052153
2012,32,0.00053675
2012,33,0.0005312
2012,34,0.00055636
2012,35,0.0006168
2012,36,0.00066677
2012,37,0.00070202
2012,38,0.00079235
2012,39,0.00084276
2012,40,0.00089296
2012,41,0.00102817
2012,42,0.00109437
2012,43,0.00124243
2012,44,0.00137194
2012,45,0.00136323
2012,46,0.00154553
2012,47,0.00177538
2012,48,0.00186185
2012,49,0.00213763
2012,50,0.00233339
2012,51,0.00251424
2012,52,0.00269903
2012,53,0.00296351
2012,54,0.00328665
2012,55,0.00342025
2012,56,0.00370129
2012,57,0.00408957
2012,58,0.00460142
2012,59,0.00497388
2012,60,0.00545947
2012,61,0.00588396
2012,62,0.00644634
2012,63,0.00707767
2012,64,0.0077472
2012,65,0.00837168
2012,66,0.00892784
2012,67,0.01010122
2012,68,0.0109097
2012,69,0.01177056
2012,70,0.01270387
2012,71,0.01402154
2012,72,0.01527814
2012,73,0.01662368
2012,74,0.01878153
2012,75,0.02122177
2012,76,0.02321219
2012,77,0.02676999
2012,78,0.02953243
2012,79,0.03389492
2012,80,0.03892984
2012,81,0.04333407
2012,82,0.04891077
2012,83,0.05490093
2012,84,0.06292327
2012,85,0.07047196
2012,86,0.07943736
2012,87,0.09004311
2012,88,0.10086023
2012,89,0.1127162
2012,90,0.12744934
2012,91,0.14403926
2012,92,0.16140652
2012,93,0.17950887
2012,94,0.20166483
2012,95,0.2267312
2012,96,0.25306837
2012,97,0.28139549
2012,98,0.31141414
2012,99,0.34313859
2013,0,0.00213866
2013,1,0.00032513
2013,2,0.00020027
2013,3,0.0001154
2013,4,0.00010565
2013,5,0.00010053
2013,6,9e-05
2013,7,7.539e-05
2013,8,8.539e-05
2013,9,7.053e-05
2013,10,6e-05
2013,11,6.514e-05
2013,12,6.542e-05
2013,13,0.00010114
2013,14,0.00010542
2013,15,0.00012542
2013,16,0.0001717
2013,17,0.0001974
2013,18,0.00026787
2013,19,0.000298
2013,20,0.00035315
2013,21,0.00040373
2013,22,0.00041777
2013,23,0.00041323
2013,24,0.00042892
2013,25,0.00041357
2013,26,0.00042813
2013,27,0.00041265
2013,28,0.00041678
2013,29,0.00047173
2013,30,0.00047671
2013,31,0.00050633
2013,32,0.00053624
2013,33,0.00053179
2013,34,0.0005411
2013,35,0.00063156
2013,36,0.00066156
2013,37,0.00068683
2013,38,0.0007321
2013,39,0.00083255
2013,40,0.00090306
2013,41,0.00092784
2013,42,0.00108353
2013,43,0.00116488
2013,44,0.00128631
2013,45,0.00142767
2013,46,0.00148959
2013,47,0.0017363
2013,48,0.0019144
2013,49,0.00206652
2013,50,0.00228188
2013,51,0.00242949
2013,52,0.00265469
2013,53,0.00295032
2013,54,0.00324484
2013,55,0.00348672
2013,56,0.00368498
2013,57,0.00402118
2013,58,0.0043883
2013,59,0.00475884
2013,60,0.00531551
2013,61,0.00581517
2013,62,0.00628871
2013,63,0.00703213
2013,64,0.00759817
2013,65,0.00827988
2013,66,0.00899031
2013,67,0.00951787
2013,68,0.01071467
2013,69,0.01154288
2013,70,0.01248211
2013,71,0.01366249
2013,72,0.01504855
2013,73,0.01657429
2013,74,0.01803069
2013,75,0.02045657
2013,76,0.02284188
2013,77,0.02555271
2013,78,0.02915841
2013,79,0.0324008
2013,80,0.03732032
2013,81,0.04319547
2013,82,0.0482528
2013,83,0.05415688
2013,84,0.06068487
2013,85,0.06899423
2013,86,0.07803885
2013,87,0.08828867
2013,88,0.0993499
2013,89,0.11183777
2013,90,0.12563834
2013,91,0.14025174
2013,92,0.15831219
2013,93,0.17559057
2013,94,0.19621086
2013,95,0.22202987
2013,96,0.24793047
2013,97,0.27595002
2013,98,0.30585084
2013,99,0.33734264
2014,0,0.0020824
2014,1,0.00034538
2014,2,0.00019487
2014,3,0.00011541
2014,4,0.00013054
2014,5,0.00011513
2014,6,9.54e-05
2014,7,8.567e-05
2014,8,5.54e-05
2014,9,8.539e-05
2014,10,7.026e-05
2014,11,7.514e-05
2014,12,9.57e-05
2014,13,8.057e-05
2014,14,0.00012145
2014,15,0.000126
2014,16,0.00015197
2014,17,0.00020199
2014,18,0.00023225
2014,19,0.00029295
2014,20,0.00033354
2014,21,0.00037887
2014,22,0.00040362
2014,23,0.00043317
2014,24,0.00040299
2014,25,0.00043355
2014,26,0.00042233
2014,27,0.00043768
2014,28,0.00044258
2014,29,0.00046204
2014,30,0.00051683
2014,31,0.00050622
2014,32,0.00050136
2014,33,0.00054687
2014,34,0.00057683
2014,35,0.00058631
2014,36,0.00062633
2014,37,0.00063641
2014,38,0.00074655
2014,39,0.00078702
2014,40,0.00088756
2014,41,0.00096288
2014,42,0.00102767
2014,43,0.00111876
2014,44,0.00126075
2014,45,0.00136132
2014,46,0.00155247
2014,47,0.00154815
2014,48,0.00175637
2014,49,0.00200046
2014,50,0.0021526
2014,51,0.0023782
2014,52,0.00259399
2014,53,0.00281419
2014,54,0.00309629
2014,55,0.00337835
2014,56,0.00370125
2014,57,0.00397452
2014,58,0.00425013
2014,59,0.00468146
2014,60,0.00513077
2014,61,0.00563666
2014,62,0.00614037
2014,63,0.00671234
2014,64,0.00756635
2014,65,0.0083404
2014,66,0.0088681
2014,67,0.0095697
2014,68,0.01027902
2014,69,0.01151217
2014,70,0.01241492
2014,71,0.01353366
2014,72,0.01479249
2014,73,0.01633417
2014,74,0.01768663
2014,75,0.01954619
2014,76,0.02219063
2014,77,0.02516409
2014,78,0.02795485
2014,79,0.0318996
2014,80,0.03547794
2014,81,0.04093377
2014,82,0.04686134
2014,83,0.05211361
2014,84,0.05945593
2014,85,0.06695813
2014,86,0.07571879
2014,87,0.08543387
2014,88,0.09677378
2014,89,0.10824864
2014,90,0.12298388
2014,91,0.13773991
2014,92,0.15437133
2014,93,0.17180856
2014,94,0.19137367
2014,95,0.21641031
2014,96,0.24219829
2014,97,0.26987405
2014,98,0.29956886
2014,99,0.33102646
2015,0,0.0019583
2015,1,0.00035
2015,2,0.00020076
2015,3,0.00012026
2015,4,0.00010568
2015,5,8.514e-05
2015,6,0.00010026
2015,7,9.487e-05
2015,8,8.054e-05
2015,9,7.026e-05
2015,10,6.487e-05
2015,11,7.487e-05
2015,12,7.542e-05
2015,13,9.056e-05
2015,14,0.00011058
2015,15,0.00013118
2015,16,0.0001863
2015,17,0.00018169
2015,18,0.00023796
2015,19,0.0002879
2015,20,0.0003034
2015,21,0.00034931
2015,22,0.00036342
2015,23,0.00035803
2015,24,0.00040766
2015,25,0.0004033
2015,26,0.00039799
2015,27,0.00040737
2015,28,0.00040708
2015,29,0.00044221
2015,30,0.00046681
2015,31,0.00044133
2015,32,0.00048125
2015,33,0.0005063
2015,34,0.00055675
2015,35,0.0005865
2015,36,0.00060666
2015,37,0.00062657
2015,38,0.00065127
2015,39,0.00076165
2015,40,0.00086223
2015,41,0.00094279
2015,42,0.00098282
2015,43,0.00106303
2015,44,0.00121387
2015,45,0.00125952
2015,46,0.00143723
2015,47,0.00168289
2015,48,0.0016138
2015,49,0.00194729
2015,50,0.00213753
2015,51,0.0022821
2015,52,0.00252313
2015,53,0.00280008
2015,54,0.00303559
2015,55,0.00322039
2015,56,0.00360464
2015,57,0.00388612
2015,58,0.00417949
2015,59,0.00431879
2015,60,0.00496922
2015,61,0.00543201
2015,62,0.00607593
2015,63,0.00653894
2015,64,0.00719316
2015,65,0.00785927
2015,66,0.00863698
2015,67,0.00955608
2015,68,0.01010623
2015,69,0.01095427
2015,70,0.01257103
2015,71,0.01343533
2015,72,0.01461276
2015,73,0.01609737
2015,74,0.01747791
2015,75,0.01918435
2015,76,0.02112612
2015,77,0.02432143
2015,78,0.02735652
2015,79,0.03066828
2015,80,0.03522574
2015,81,0.03926668
2015,82,0.04513997
2015,83,0.05188658
2015,84,0.05794135
2015,85,0.06591074
2015,86,0.07415622
2015,87,0.08449263
2015,88,0.09569391
2015,89,0.10687545
2015,90,0.12198098
2015,91,0.13721155
2015,92,0.15202146
2015,93,0.17129652
2015,94,0.19260688
2015,95,0.21548831
2015,96,0.24135014
2015,97,0.26951088
2015,98,0.29945901
2015,99,0.33129024
2016,0,0.00199461
2016,1,0.0003254
2016,2,0.00017513
2016,3,0.00011538
2016,4,9e-05
2016,5,9.028e-05
2016,6,9.541e-05
2016,7,6.027e-05
2016,8,6.541e-05
2016,9,5.514e-05
2016,10,7e-05
2016,11,7.513e-05
2016,12,7e-05
2016,13,8.514e-05
2016,14,0.00010118
2016,15,0.00012636
2016,16,0.00017122
2016,17,0.00019691
2016,18,0.00021737
2016,19,0.00026838
2016,20,0.00028311
2016,21,0.00037951
2016,22,0.00036324
2016,23,0.00035241
2016,24,0.00037753
2016,25,0.00042265
2016,26,0.00037227
2016,27,0.00038257
2016,28,0.0004178
2016,29,0.0004126
2016,30,0.00044227
2016,31,0.00043664
2016,32,0.00046153
2016,33,0.00049638
2016,34,0.00053135
2016,35,0.00055654
2016,36,0.0005965
2016,37,0.00067153
2016,38,0.00068136
2016,39,0.00073151
2016,40,0.00075675
2016,41,0.00089704
2016,42,0.0009923
2016,43,0.0010483
2016,44,0.00113314
2016,45,0.00125375
2016,46,0.00144574
2016,47,0.0015223
2016,48,0.00178319
2016,49,0.00183061
2016,50,0.00212857
2016,51,0.00229559
2016,52,0.00246866
2016,53,0.00277425
2016,54,0.00288983
2016,55,0.00314196
2016,56,0.00348224
2016,57,0.00380992
2016,58,0.00413605
2016,59,0.00455376
2016,60,0.00495885
2016,61,0.00532326
2016,62,0.0058143
2016,63,0.00645138
2016,64,0.00700694
2016,65,0.00765639
2016,66,0.00850888
2016,67,0.00927667
2016,68,0.01021854
2016,69,0.01091129
2016,70,0.01171102
2016,71,0.01350464
2016,72,0.01432138
2016,73,0.01547225
2016,74,0.01734018
2016,75,0.01931196
2016,76,0.02116001
2016,77,0.02355045
2016,78,0.02675934
2016,79,0.03034359
2016,80,0.03400566
2016,81,0.03902018
2016,82,0.04314041
2016,83,0.05052185
2016,84,0.05754743
2016,85,0.06446069
2016,86,0.07306251
2016,87,0.08203406
2016,88,0.09345388
2016,89,0.10564472
2016,90,0.12110879
2016,91,0.13493989
2016,92,0.15245358
2016,93,0.17094721
2016,94,0.18916226
2016,95,0.21375353
2016,96,0.23948066
2016,97,0.26766672
2016,98,0.29794171
2016,99,0.32983382
2017,0,0.0018464
2017,1,0.00032539
2017,2,0.00016513
2017,3,0.00011513
2017,4,0.00010487
2017,5,7.027e-05
2017,6,7.514e-05
2017,7,7.028e-05
2017,8,5.054e-05
2017,9,6.541e-05
2017,10,6.541e-05
2017,11,5.541e-05
2017,12,6.568e-05
2017,13,0.00010084
2017,14,0.00012059
2017,15,0.0001312
2017,16,0.00016121
2017,17,0.00018239
2017,18,0.00024793
2017,19,0.00025745
2017,20,0.00032324
2017,21,0.00031825
2017,22,0.00035298
2017,23,0.00035376
2017,24,0.0003534
2017,25,0.00037261
2017,26,0.00035213
2017,27,0.00037231
2017,28,0.00038771
2017,29,0.00039222
2017,30,0.00040722
2017,31,0.00045725
2017,32,0.00047707
2017,33,0.00044643
2017,34,0.00054645
2017,35,0.00054122
2017,36,0.00057175
2017,37,0.00059169
2017,38,0.0006467
2017,39,0.00070182
2017,40,0.00081656
2017,41,0.00083693
2017,42,0.00092723
2017,43,0.00101248
2017,44,0.00109759
2017,45,0.00125386
2017,46,0.00135893
2017,47,0.00146532
2017,48,0.00167775
2017,49,0.00189381
2017,50,0.00196157
2017,51,0.00213282
2017,52,0.00246692
2017,53,0.0026341
2017,54,0.00284551
2017,55,0.00314355
2017,56,0.00339657
2017,57,0.00365184
2017,58,0.00399417
2017,59,0.00435995
2017,60,0.00473214
2017,61,0.0051565
2017,62,0.00569503
2017,63,0.00625848
2017,64,0.00690389
2017,65,0.00756412
2017,66,0.00835251
2017,67,0.009279
2017,68,0.01007347
2017,69,0.011071
2017,70,0.01196861
2017,71,0.0130087
2017,72,0.01458856
2017,73,0.0158376
2017,74,0.01718623
2017,75,0.0189613
2017,76,0.02125972
2017,77,0.02346244
2017,78,0.02595244
2017,79,0.02995251
2017,80,0.03422811
2017,81,0.03825038
2017,82,0.0433632
2017,83,0.04861863
2017,84,0.05624835
2017,85,0.06474506
2017,86,0.07217495
2017,87,0.08252801
2017,88,0.09357617
2017,89,0.10634177
2017,90,0.1205188
2017,91,0.13599566
2017,92,0.15122438
2017,93,0.17135407
2017,94,0.18972491
2017,95,0.21379939
2017,96,0.23926214
2017,97,0.26704272
2017,98,0.29704563
2017,99,0.32885886
2018,0,0.00188202
2018,1,0.00028974
2018,2,0.00015513
2018,3,0.00013514
2018,4,9.027e-05
2018,5,8.567e-05
2018,6,8e-05
2018,7,6e-05
2018,8,6.028e-05
2018,9,6.514e-05
2018,10,6.542e-05
2018,11,6.486e-05
2018,12,9.028e-05
2018,13,0.00010056
2018,14,0.00011543
2018,15,0.00014605
2018,16,0.0001509
2018,17,0.00019633
2018,18,0.0002174
2018,19,0.00026694
2018,20,0.00032725
2018,21,0.00032811
2018,22,0.00034271
2018,23,0.00034817
2018,24,0.00033322
2018,25,0.00036805
2018,26,0.00035752
2018,27,0.00035236
2018,28,0.00039237
2018,29,0.0003823
2018,30,0.00043755
2018,31,0.00041763
2018,32,0.00045191
2018,33,0.00049727
2018,34,0.00049154
2018,35,0.0005365
2018,36,0.00055145
2018,37,0.00060179
2018,38,0.000657
2018,39,0.0006915
2018,40,0.00077645
2018,41,0.00082683
2018,42,0.00089188
2018,43,0.00098225
2018,44,0.00110792
2018,45,0.00120817
2018,46,0.00134343
2018,47,0.00144378
2018,48,0.00166011
2018,49,0.00178771
2018,50,0.00204302
2018,51,0.00205122
2018,52,0.00232953
2018,53,0.00274381
2018,54,0.00288521
2018,55,0.00296517
2018,56,0.00339294
2018,57,0.00367199
2018,58,0.00390229
2018,59,0.00435904
2018,60,0.00488936
2018,61,0.00511026
2018,62,0.00571357
2018,63,0.00627052
2018,64,0.00675113
2018,65,0.00743957
2018,66,0.00808733
2018,67,0.00904241
2018,68,0.01012911
2018,69,0.0109317
2018,70,0.01199473
2018,71,0.01315342
2018,72,0.01399098
2018,73,0.01591163
2018,74,0.01743572
2018,75,0.01901546
2018,76,0.02118089
2018,77,0.02354115
2018,78,0.02606733
2018,79,0.02898203
2018,80,0.03341617
2018,81,0.0376993
2018,82,0.04205965
2018,83,0.04867592
2018,84,0.05420704
2018,85,0.06272748
2018,86,0.0721319
2018,87,0.08190134
2018,88,0.09206929
2018,89,0.1041332
2018,90,0.1185375
2018,91,0.13449012
2018,92,0.15013988
2018,93,0.16879798
2018,94,0.19072602
2018,95,0.21270942
2018,96,0.23772575
2018,97,0.26541298
2018,98,0.29520827
2018,99,0.32704562
2019,0,0.00187251
2019,1,0.00029975
2019,2,0.00017
2019,3,0.00013514
2019,4,0.00010486
2019,5,9.486e-05
2019,6,6.973e-05
2019,7,8.028e-05
2019,8,6.543e-05
2019,9,6.543e-05
2019,10,5e-05
2019,11,8.542e-05
2019,12,7.514e-05
2019,13,9.514e-05
2019,14,0.00010029
2019,15,0.00014059
2019,16,0.0001509
2019,17,0.0002172
2019,18,0.00023682
2019,19,0.00027749
2019,20,0.00031285
2019,21,0.00034795
2019,22,0.00037813
2019,23,0.00034258
2019,24,0.00033276
2019,25,0.00031723
2019,26,0.00033212
2019,27,0.00035674
2019,28,0.00033223
2019,29,0.00039262
2019,30,0.00043333
2019,31,0.00041232
2019,32,0.00044222
2019,33,0.00046737
2019,34,0.00049667
2019,35,0.00053137
2019,36,0.00056625
2019,37,0.00058654
2019,38,0.00063194
2019,39,0.00069725
2019,40,0.0007719
2019,41,0.00082655
2019,42,0.00087162
2019,43,0.0009622
2019,44,0.00105221
2019,45,0.0011928
2019,46,0.00128314
2019,47,0.00146409
2019,48,0.00161914
2019,49,0.00178074
2019,50,0.00193863
2019,51,0.00218924
2019,52,0.00224729
2019,53,0.00253974
2019,54,0.00286946
2019,55,0.00293036
2019,56,0.00330771
2019,57,0.00363256
2019,58,0.00399301
2019,59,0.00436167
2019,60,0.0047444
2019,61,0.00520728
2019,62,0.00553243
2019,63,0.00613492
2019,64,0.00677446
2019,65,0.00721885
2019,66,0.00819671
2019,67,0.00881773
2019,68,0.00976483
2019,69,0.01090975
2019,70,0.01188591
2019,71,0.01295436
2019,72,0.01425404
2019,73,0.01507569
2019,74,0.01742072
2019,75,0.01908733
2019,76,0.02082648
2019,77,0.02307527
2019,78,0.0258324
2019,79,0.02864437
2019,80,0.03229978
2019,81,0.03718376
2019,82,0.04194765
2019,83,0.04700308
2019,84,0.05423808
2019,85,0.06044253
2019,86,0.06947717
2019,87,0.08054476
2019,88,0.09120381
2019,89,0.1030209
2019,90,0.11677875
2019,91,0.13196198
2019,92,0.1483515
2019,93,0.16766528
2019,94,0.18840959
2019,95,0.21208381
2019,96,0.23756956
2019,97,0.26537531
2019,98,0.29571563
2019,99,0.32806737
2020,0,0.00179662
2020,1,0.00022101
2020,2,0.0001259
2020,3,9.487e-05
2020,4,7.542e-05
2020,5,7e-05
2020,6,5.486e-05
2020,7,6.486e-05
2020,8,5.972e-05
2020,9,6.029e-05
2020,10,5.486e-05
2020,11,5.028e-05
2020,12,8.543e-05
2020,13,0.00011029
2020,14,0.00010059
2020,15,0.00013574
2020,16,0.00019177
2020,17,0.00023632
2020,18,0.00026139
2020,19,0.00028825
2020,20,0.00030705
2020,21,0.00037818
2020,22,0.00040776
2020,23,0.00036839
2020,24,0.00037719
2020,25,0.00037231
2020,26,0.00037277
2020,27,0.00037769
2020,28,0.0003721
2020,29,0.00039719
2020,30,0.00039739
2020,31,0.0004126
2020,32,0.00042315
2020,33,0.0004985
2020,34,0.00052268
2020,35,0.0005322
2020,36,0.00058152
2020,37,0.00060649
2020,38,0.00063122
2020,39,0.00066197
2020,40,0.00077661
2020,41,0.00084706
2020,42,0.00089691
2020,43,0.00097723
2020,44,0.00108703
2020,45,0.00121777
2020,46,0.00132324
2020,47,0.00144356
2020,48,0.00159437
2020,49,0.00173423
2020,50,0.00197634
2020,51,0.00214942
2020,52,0.00240421
2020,53,0.00242249
2020,54,0.00270046
2020,55,0.00308986
2020,56,0.00332233
2020,57,0.00359197
2020,58,0.00376918
2020,59,0.00426848
2020,60,0.00446669
2020,61,0.00499814
2020,62,0.00555457
2020,63,0.0060188
2020,64,0.00663977
2020,65,0.0071528
2020,66,0.00785047
2020,67,0.0087794
2020,68,0.00957888
2020,69,0.01051403
2020,70,0.01184306
2020,71,0.01282125
2020,72,0.01406737
2020,73,0.0152184
2020,74,0.01649885
2020,75,0.01912153
2020,76,0.02064655
2020,77,0.02253602
2020,78,0.02521298
2020,79,0.02843578
2020,80,0.0318873
2020,81,0.03520028
2020,82,0.04010548
2020,83,0.04576686
2020,84,0.05120787
2020,85,0.05931191
2020,86,0.06569637
2020,87,0.07604416
2020,88,0.08770756
2020,89,0.09790972
2020,90,0.11225803
2020,91,0.12580006
2020,92,0.14132869
2020,93,0.15905364
2020,94,0.17810682
2020,95,0.2009839
2020,96,0.22528837
2020,97,0.25161815
2020,98,0.28009461
2020,99,0.31090824
2021,0,0.00173273
2021,1,0.00025
2021,2,0.00012538
2021,3,0.00011052
2021,4,7.46e-05
2021,5,7.541e-05
2021,6,6.543e-05
2021,7,6.514e-05
2021,8,6.028e-05
2021,9,5.514e-05
2021,10,5e-05
2021,11,6.029e-05
2021,12,7.514e-05
2021,13,0.00010514
2021,14,0.00012029
2021,15,0.00015059
2021,16,0.00016088
2021,17,0.00024632
2021,18,0.0002369
2021,19,0.00027735
2021,20,0.00033771
2021,21,0.00036192
2021,22,0.0003975
2021,23,0.00037283
2021,24,0.00037734
2021,25,0.00037759
2021,26,0.00038719
2021,27,0.00036233
2021,28,0.00042767
2021,29,0.00039719
2021,30,0.00042737
2021,31,0.00039699
2021,32,0.00044238
2021,33,0.00049254
2021,34,0.00052735
2021,35,0.00055774
2021,36,0.00052177
2021,37,0.0006022
2021,38,0.00063657
2021,39,0.00068686
2021,40,0.00075206
2021,41,0.00080702
2021,42,0.00085187
2021,43,0.00095677
2021,44,0.00105692
2021,45,0.00111705
2021,46,0.00127832
2021,47,0.00140847
2021,48,0.00157383
2021,49,0.00172975
2021,50,0.00191474
2021,51,0.0021568
2021,52,0.00234552
2021,53,0.00266541
2021,54,0.00272562
2021,55,0.0030119
2021,56,0.00340547
2021,57,0.00360285
2021,58,0.00383301
2021,59,0.00423903
2021,60,0.00459793
2021,61,0.0049715
2021,62,0.0055194
2021,63,0.00602456
2021,64,0.00647726
2021,65,0.00726112
2021,66,0.00780492
2021,67,0.00874436
2021,68,0.0097113
2021,69,0.01058848
2021,70,0.01151155
2021,71,0.01306909
2021,72,0.014466
2021,73,0.01564572
2021,74,0.01700158
2021,75,0.01844032
2021,76,0.02115903
2021,77,0.02322669
2021,78,0.02565592
2021,79,0.02859438
2021,80,0.03302757
2021,81,0.03619069
2021,82,0.04068307
2021,83,0.04620821
2021,84,0.0532001
2021,85,0.05930339
2021,86,0.06855142
2021,87,0.07584768
2021,88,0.08862706
2021,89,0.10162164
2021,90,0.1141762
2021,91,0.12950211
2021,92,0.14486377
2021,93,0.16496555
2021,94,0.18402539
2021,95,0.20788123
2021,96,0.23314134
2021,97,0.26090698
2021,98,0.29077146
2021,99,0.32277167
2022,0,0.00171011
2022,1,0.00026537
2022,2,0.00014567
2022,3,0.00010022
2022,4,8.018e-05
2022,5,7.558e-05
2022,6,6.53e-05
2022,7,6.53e-05
2022,8,6.015e-05
2022,9,5.501e-05
2022,10,6.016e-05
2022,11,6.562e-05
2022,12,7.02e-05
2022,13,9.082e-05
2022,14,0.0001152
2022,15,0.00016138
2022,16,0.00020125
2022,17,0.00022226
2022,18,0.00026246
2022,19,0.00030876
2022,20,0.00031388
2022,21,0.00038416
2022,22,0.00041531
2022,23,0.00036982
2022,24,0.00034368
2022,25,0.00036908
2022,26,0.00037998
2022,27,0.00036449
2022,28,0.00036981
2022,29,0.00041568
2022,30,0.0004205
2022,31,0.00044069
2022,32,0.00045655
2022,33,0.00045194
2022,34,0.00053337
2022,35,0.0005482
2022,36,0.00056867
2022,37,0.00063944
2022,38,0.00067568
2022,39,0.00071619
2022,40,0.00079836
2022,41,0.00083978
2022,42,0.00094244
2022,43,0.00100444
2022,44,0.00106102
2022,45,0.00115922
2022,46,0.00126289
2022,47,0.00146067
2022,48,0.00164749
2022,49,0.00180941
2022,50,0.00192153
2022,51,0.0021331
2022,52,0.00236825
2022,53,0.00259062
2022,54,0.00287889
2022,55,0.00309687
2022,56,0.00338261
2022,57,0.00367589
2022,58,0.00392733
2022,59,0.00426821
2022,60,0.00478778
2022,61,0.00517936
2022,62,0.0058021
2022,63,0.00624367
2022,64,0.00684802
2022,65,0.00747657
2022,66,0.00819712
2022,67,0.00891268
2022,68,0.00980803
2022,69,0.0111559
2022,70,0.01219779
2022,71,0.01346258
2022,72,0.0148297
2022,73,0.01628085
2022,74,0.01802377
2022,75,0.0204144
2022,76,0.02073977
2022,77,0.02471967
2022,78,0.0281363
2022,79,0.02989112
2022,80,0.03514626
2022,81,0.03888986
2022,82,0.04404137
2022,83,0.0484381
2022,84,0.05792083
2022,85,0.06347875
2022,86,0.07360117
2022,87,0.08273971
2022,88,0.09503991
2022,89,0.10847661
2022,90,0.12409351
2022,91,0.14254261
2022,92,0.15764917
2022,93,0.18015107
2022,94,0.20041878
2022,95,0.2271766
2022,96,0.25477894
2022,97,0.28474438
2022,98,0.31722334
2022,99,0.35163682
2023,0,0.00165173
2023,1,0.00026347
2023,2,0.00014803
2023,3,0.00011681
2023,4,9.167e-05
2023,5,8.319e-05
2023,6,6.113e-05
2023,7,7.05e-05
2023,8,5.963e-05
2023,9,6.061e-05
2023,10,4.612e-05
2023,11,7.946e-05
2023,12,7.064e-05
2023,13,9.117e-05
2023,14,9.725e-05
2023,15,0.00013581
2023,16,0.00014183
2023,17,0.00020456
2023,18,0.00022699
2023,19,0.00027052
2023,20,0.00031625
2023,21,0.00036277
2023,22,0.00039403
2023,23,0.00035965
2023,24,0.00035188
2023,25,0.00033612
2023,26,0.00034801
2023,27,0.00037336
2023,28,0.0003466
2023,29,0.00039983
2023,30,0.00043879
2023,31,0.00040887
2023,32,0.00043564
2023,33,0.00046007
2023,34,0.00048906
2023,35,0.00052155
2023,36,0.0005548
2023,37,0.00057357
2023,38,0.0006146
2023,39,0.00067857
2023,40,0.00074721
2023,41,0.00079881
2023,42,0.00083681
2023,43,0.00092434
2023,44,0.00100014
2023,45,0.00112728
2023,46,0.00121197
2023,47,0.00138207
2023,48,0.00153292
2023,49,0.00169651
2023,50,0.00184923
2023,51,0.00208848
2023,52,0.00214877
2023,53,0.00243721
2023,54,0.00275791
2023,55,0.00280793
2023,56,0.00317863
2023,57,0.00348881
2023,58,0.00382344
2023,59,0.00417147
2023,60,0.00454612
2023,61,0.00497509
2023,62,0.00527587
2023,63,0.00585714
2023,64,0.00646572
2023,65,0.00688355
2023,66,0.00782058
2023,67,0.00842871
2023,68,0.00938162
2023,69,0.01059908
2023,70,0.01171356
2023,71,0.01288868
2023,72,0.01414509
2023,73,0.01482849
2023,74,0.0169631
2023,75,0.01861954
2023,76,0.02030107
2023,77,0.02245342
2023,78,0.02503394
2023,79,0.0276962
2023,80,0.03120703
2023,81,0.03603
2023,82,0.04063187
2023,83,0.04549041
2023,84,0.05253851
2023,85,0.0585131
2023,86,0.0672768
2023,87,0.07831568
2023,88,0.08872111
2023,89,0.10051977
2023,90,0.11423712
2023,91,0.12898345
2023,92,0.14543703
2023,93,0.16489496
2023,94,0.18605823
2023,95,0.20983765
2023,96,0.23581999
2023,97,0.26407932
2023,98,0.29470788
2023,99,0.32781888
2024,0,0.00166684
2024,1,0.00032639
2024,2,0.00014242
2024,3,0.00010479
2024,4,8.682e-05
2024,5,7.536e-05
2024,6,6.87e-05
2024,7,6.343e-05
2024,8,5.798e-05
2024,9,5.493e-05
2024,10,5.658e-05
2024,11,6.128e-05
2024,12,6.919e-05
2024,13,8.227e-05
2024,14,0.00010056
2024,15,0.0001225
2024,16,0.00014699
2024,17,0.00017607
2024,18,0.00020936
2024,19,0.00024549
2024,20,0.00028262
2024,21,0.00031423
2024,22,0.00032415
2024,23,0.00032391
2024,24,0.00032933
2024,25,0.00033509
2024,26,0.00033477
2024,27,0.00033776
2024,28,0.00035267
2024,29,0.00037287
2024,30,0.00038991
2024,31,0.00040398
2024,32,0.0004198
2024,33,0.00044551
2024,34,0.00047659
2024,35,0.00050532
2024,36,0.00053193
2024,37,0.00056095
2024,38,0.00060096
2024,39,0.00065867
2024,40,0.00072718
2024,41,0.00079235
2024,42,0.00085729
2024,43,0.00093192
2024,44,0.0010263
2024,45,0.00113738
2024,46,0.00125718
2024,47,0.00138991
2024,48,0.00154295
2024,49,0.00170324
2024,50,0.00185495
2024,51,0.00202251
2024,52,0.00223503
2024,53,0.00245914
2024,54,0.0026575
2024,55,0.00288495
2024,56,0.00314427
2024,57,0.0034307
2024,58,0.00373461
2024,59,0.00407462
2024,60,0.00445471
2024,61,0.00486704
2024,62,0.00532638
2024,63,0.00583573
2024,64,0.00638798
2024,65,0.00698231
2024,66,0.00769238
2024,67,0.00848573
2024,68,0.0092863
2024,69,0.01012336
2024,70,0.01106376
2024,71,0.0121069
2024,72,0.01320578
2024,73,0.01443312
2024,74,0.01584605
2024,75,0.01746691
2024,76,0.01933368
2024,77,0.02156074
2024,78,0.02428342
2024,79,0.02751137
2024,80,0.03115302
2024,81,0.03537859
2024,82,0.04028521
2024,83,0.04604758
2024,84,0.05272736
2024,85,0.06019932
2024,86,0.06853984
2024,87,0.07820869
2024,88,0.08891965
2024,89,0.10086242
2024,90,0.11444829
2024,91,0.1295262
2024,92,0.14580686
2024,93,0.16417489
2024,94,0.18481733
2024,95,0.20785954
2024,96,0.23300747
2024,97,0.26045908
2024,98,0.29010938
2024,99,0.32192213
2025,0,0.00162061
2025,1,0.00031826
2025,2,0.00013837
2025,3,0.00010177
2025,4,8.434e-05
2025,5,7.325e-05
2025,6,6.684e-05
2025,7,6.177e-05
2025,8,5.651e-05
2025,9,5.358e-05
2025,10,5.526e-05
2025,11,5.991e-05
2025,12,6.77e-05
2025,13,8.057e-05
2025,14,9.861e-05
2025,15,0.00012016
2025,16,0.00014393
2025,17,0.00017241
2025,18,0.00020505
2025,19,0.00024045
2025,20,0.00027694
2025,21,0.00030804
2025,22,0.00031794
2025,23,0.00031766
2025,24,0.00032302
2025,25,0.00032877
2025,26,0.00032837
2025,27,0.00033115
2025,28,0.00034582
2025,29,0.0003657
2025,30,0.00038252
2025,31,0.00039639
2025,32,0.00041196
2025,33,0.00043743
2025,34,0.00046772
2025,35,0.00049584
2025,36,0.0005221
2025,37,0.0005506
2025,38,0.00059014
2025,39,0.00064701
2025,40,0.00071434
2025,41,0.00077832
2025,42,0.00084189
2025,43,0.00091489
2025,44,0.00100811
2025,45,0.00111774
2025,46,0.00123543
2025,47,0.00136593
2025,48,0.00151646
2025,49,0.0016736
2025,50,0.00182278
2025,51,0.00198784
2025,52,0.00219683
2025,53,0.00241756
2025,54,0.00261042
2025,55,0.00283265
2025,56,0.00309114
2025,57,0.00336742
2025,58,0.00366931
2025,59,0.00400952
2025,60,0.00437578
2025,61,0.00478401
2025,62,0.00523384
2025,63,0.00573494
2025,64,0.00627661
2025,65,0.00686398
2025,66,0.00756393
2025,67,0.00833638
2025,68,0.00911566
2025,69,0.00994441
2025,70,0.0108812
2025,71,0.01188373
2025,72,0.0129488
2025,73,0.01415421
2025,74,0.0156031
2025,75,0.01720233
2025,76,0.01895531
2025,77,0.02112444
2025,78,0.02377155
2025,79,0.02702318
2025,80,0.03070759
2025,81,0.03478805
2025,82,0.03959369
2025,83,0.04529777
2025,84,0.05189784
2025,85,0.05928664
2025,86,0.06768723
2025,87,0.07729907
2025,88,0.08785706
2025,89,0.09981129
2025,90,0.11331418
2025,91,0.1283548
2025,92,0.14455205
2025,93,0.16273091
2025,94,0.18323784
2025,95,0.20632257
2025,96,0.23138296
2025,97,0.25865914
2025,98,0.2883863
2025,99,0.32021152
2026,0,0.00157639
2026,1,0.00031043
2026,2,0.0001345
2026,3,9.89e-05
2026,4,8.199e-05
2026,5,7.125e-05
2026,6,6.506e-05
2026,7,6.019e-05
2026,8,5.512e-05
2026,9,5.23e-05
2026,10,5.397e-05
2026,11,5.859e-05
2026,12,6.628e-05
2026,13,7.894e-05
2026,14,9.672e-05
2026,15,0.00011791
2026,16,0.00014109
2026,17,0.00016896
2026,18,0.000201
2026,19,0.00023576
2026,20,0.00027163
2026,21,0.00030224
2026,22,0.00031192
2026,23,0.00031174
2026,24,0.00031703
2026,25,0.00032274
2026,26,0.00032239
2026,27,0.00032503
2026,28,0.00033934
2026,29,0.00035888
2026,30,0.00037551
2026,31,0.00038914
2026,32,0.00040442
2026,33,0.00042955
2026,34,0.0004595
2026,35,0.00048688
2026,36,0.00051254
2026,37,0.00054065
2026,38,0.00057959
2026,39,0.00063572
2026,40,0.00070221
2026,41,0.00076499
2026,42,0.00082738
2026,43,0.00089886
2026,44,0.00099017
2026,45,0.0010986
2026,46,0.0012148
2026,47,0.00134296
2026,48,0.0014911
2026,49,0.00164565
2026,50,0.00179172
2026,51,0.00195421
2026,52,0.00216028
2026,53,0.00237748
2026,54,0.00256725
2026,55,0.00278357
2026,56,0.00303643
2026,57,0.00331214
2026,58,0.00360256
2026,59,0.0039422
2026,60,0.00430854
2026,61,0.00470165
2026,62,0.0051474
2026,63,0.00563786
2026,64,0.00617121
2026,65,0.00674816
2026,66,0.00744054
2026,67,0.00820224
2026,68,0.00895952
2026,69,0.00976586
2026,70,0.01069415
2026,71,0.01169294
2026,72,0.01271543
2026,73,0.01388504
2026,74,0.01530993
2026,75,0.01694756
2026,76,0.01867795
2026,77,0.02072462
2026,78,0.02330735
2026,79,0.02647825
2026,80,0.03018481
2026,81,0.034318
2026,82,0.03896526
2026,83,0.04455854
2026,84,0.05110084
2026,85,0.05839918
2026,86,0.06670828
2026,87,0.07640197
2026,88,0.08687883
2026,89,0.09867223
2026,90,0.11217875
2026,91,0.12712888
2026,92,0.14326551
2026,93,0.16139494
2026,94,0.18166558
2026,95,0.2046354
2026,96,0.22972867
2026,97,0.256917
2026,98,0.2864792
2026,99,0.31838605
2027,0,0.00153567
2027,1,0.00030318
2027,2,0.00013095
2027,3,9.625e-05
2027,4,7.982e-05
2027,5,6.94e-05
2027,6,6.342e-05
2027,7,5.872e-05
2027,8,5.382e-05
2027,9,5.11e-05
2027,10,5.278e-05
2027,11,5.736e-05
2027,12,6.494e-05
2027,13,7.742e-05
2027,14,9.493e-05
2027,15,0.00011574
2027,16,0.00013839
2027,17,0.00016577
2027,18,0.00019716
2027,19,0.00023131
2027,20,0.00026664
2027,21,0.00029675
2027,22,0.00030618
2027,23,0.00030593
2027,24,0.00031129
2027,25,0.00031695
2027,26,0.00031661
2027,27,0.00031929
2027,28,0.00033334
2027,29,0.0003524
2027,30,0.0003688
2027,31,0.00038227
2027,32,0.00039724
2027,33,0.00042199
2027,34,0.00045153
2027,35,0.00047863
2027,36,0.00050357
2027,37,0.00053103
2027,38,0.00056951
2027,39,0.00062478
2027,40,0.00069057
2027,41,0.00075254
2027,42,0.00081374
2027,43,0.00088394
2027,44,0.00097347
2027,45,0.00107987
2027,46,0.00119488
2027,47,0.00132141
2027,48,0.00146705
2027,49,0.00161916
2027,50,0.00176273
2027,51,0.00192196
2027,52,0.00212502
2027,53,0.00233933
2027,54,0.00252579
2027,55,0.00273881
2027,56,0.00298511
2027,57,0.00325482
2027,58,0.00354431
2027,59,0.00387263
2027,60,0.00423813
2027,61,0.00463137
2027,62,0.00506069
2027,63,0.00554637
2027,64,0.00606847
2027,65,0.00663723
2027,66,0.00731811
2027,67,0.0080717
2027,68,0.00881783
2027,69,0.00960088
2027,70,0.01050544
2027,71,0.01149516
2027,72,0.01251483
2027,73,0.01363914
2027,74,0.01502535
2027,75,0.01663782
2027,76,0.01841082
2027,77,0.02043404
2027,78,0.02288429
2027,79,0.0259882
2027,80,0.02960375
2027,81,0.03376908
2027,82,0.03847976
2027,83,0.04390169
2027,84,0.05033283
2027,85,0.0575703
2027,86,0.06578619
2027,87,0.07540314
2027,88,0.08596128
2027,89,0.09768087
2027,90,0.11102391
2027,91,0.12598938
2027,92,0.14202856
2027,93,0.16014768
2027,94,0.18034207
2027,95,0.20311116
2027,96,0.22809793
2027,97,0.2553323
2027,98,0.28482614
2027,99,0.31659665
2028,0,0.00149259
2028,1,0.00029548
2028,2,0.0001272
2028,3,9.345e-05
2028,4,7.753e-05
2028,5,6.744e-05
2028,6,6.168e-05
2028,7,5.717e-05
2028,8,5.245e-05
2028,9,4.982e-05
2028,10,5.151e-05
2028,11,5.604e-05
2028,12,6.35e-05
2028,13,7.579e-05
2028,14,9.303e-05
2028,15,0.00011341
2028,16,0.00013544
2028,17,0.00016232
2028,18,0.00019314
2028,19,0.00022653
2028,20,0.00026126
2028,21,0.00029091
2028,22,0.00030007
2028,23,0.00029969
2028,24,0.00030493
2028,25,0.00031065
2028,26,0.00031034
2028,27,0.000313
2028,28,0.00032691
2028,29,0.00034559
2028,30,0.00036158
2028,31,0.00037481
2028,32,0.0003895
2028,33,0.0004138
2028,34,0.00044283
2028,35,0.00046952
2028,36,0.00049415
2028,37,0.00052078
2028,38,0.00055844
2028,39,0.00061289
2028,40,0.0006777
2028,41,0.00073886
2028,42,0.00079917
2028,43,0.00086793
2028,44,0.00095575
2028,45,0.00106006
2028,46,0.00117272
2028,47,0.00129769
2028,48,0.00144133
2028,49,0.00159055
2028,50,0.00173146
2028,51,0.00188778
2028,52,0.00208669
2028,53,0.00229757
2028,54,0.00248103
2028,55,0.00269004
2028,56,0.00293222
2028,57,0.00319434
2028,58,0.00347627
2028,59,0.00380421
2028,60,0.00415619
2028,61,0.00454779
2028,62,0.00497656
2028,63,0.00544268
2028,64,0.00595883
2028,65,0.00651492
2028,66,0.00718523
2028,67,0.00792466
2028,68,0.00866077
2028,69,0.00943015
2028,70,0.01030788
2028,71,0.01126948
2028,72,0.01227786
2028,73,0.01339653
2028,74,0.01473045
2028,75,0.01629805
2028,76,0.01804076
2028,77,0.02010563
2028,78,0.02252467
2028,79,0.02548206
2028,80,0.02901475
2028,81,0.03307845
2028,82,0.03782139
2028,83,0.04330672
2028,84,0.04954944
2028,85,0.05665654
2028,86,0.06479906
2028,87,0.07432464
2028,88,0.08478143
2028,89,0.09658605
2028,90,0.10984162
2028,91,0.12463204
2028,92,0.14066698
2028,93,0.15872362
2028,94,0.17886729
2028,95,0.20158221
2028,96,0.22636413
2028,97,0.25349856
2028,98,0.28304536
2028,99,0.3147655
2029,0,0.00145282
2029,1,0.00028834
2029,2,0.00012374
2029,3,9.088e-05
2029,4,7.541e-05
2029,5,6.563e-05
2029,6,6.007e-05
2029,7,5.572e-05
2029,8,5.116e-05
2029,9,4.863e-05
2029,10,5.032e-05
2029,11,5.48e-05
2029,12,6.215e-05
2029,13,7.424e-05
2029,14,9.123e-05
2029,15,0.00011123
2029,16,0.00013264
2029,17,0.00015897
2029,18,0.00018929
2029,19,0.0002221
2029,20,0.00025615
2029,21,0.00028532
2029,22,0.00029429
2029,23,0.00029378
2029,24,0.00029886
2029,25,0.00030448
2029,26,0.00030432
2029,27,0.00030697
2029,28,0.00032072
2029,29,0.00033917
2029,30,0.00035488
2029,31,0.00036772
2029,32,0.00038209
2029,33,0.00040602
2029,34,0.00043453
2029,35,0.00046077
2029,36,0.00048502
2029,37,0.00051132
2029,38,0.00054804
2029,39,0.00060139
2029,40,0.0006654
2029,41,0.00072561
2029,42,0.00078516
2029,43,0.00085293
2029,44,0.00093907
2029,45,0.00104157
2029,46,0.00115205
2029,47,0.00127444
2029,48,0.00141644
2029,49,0.00156365
2029,50,0.00170175
2029,51,0.00185533
2029,52,0.00205084
2029,53,0.00225744
2029,54,0.00243775
2029,55,0.00264355
2029,56,0.00288132
2029,57,0.00313912
2029,58,0.00341242
2029,59,0.00373326
2029,60,0.00408464
2029,61,0.0044614
2029,62,0.00488858
2029,63,0.00535383
2029,64,0.00584891
2029,65,0.00639949
2029,66,0.00705576
2029,67,0.00778375
2029,68,0.00850526
2029,69,0.00926427
2029,70,0.01012775
2029,71,0.01106051
2029,72,0.01203988
2029,73,0.01314694
2029,74,0.01447443
2029,75,0.01598669
2029,76,0.01768242
2029,77,0.0197156
2029,78,0.02217858
2029,79,0.02510643
2029,80,0.02847703
2029,81,0.03245671
2029,82,0.03709248
2029,83,0.04261775
2029,84,0.04894006
2029,85,0.05584337
2029,86,0.0638495
2029,87,0.07331833
2029,88,0.08367168
2029,89,0.09538403
2029,90,0.10873502
2029,91,0.12344571
2029,92,0.13929678
2029,93,0.15740172
2029,94,0.17745648
2029,95,0.20015749
2029,96,0.22489139
2029,97,0.2518384
2029,98,0.28130599
2029,99,0.31309562
2030,0,0.00141444
2030,1,0.00028141
2030,2,0.0001204
2030,3,8.84e-05
2030,4,7.337e-05
2030,5,6.389e-05
2030,6,5.852e-05
2030,7,5.433e-05
2030,8,4.992e-05
2030,9,4.748e-05
2030,10,4.917e-05
2030,11,5.36e-05
2030,12,6.083e-05
2030,13,7.272e-05
2030,14,8.944e-05
2030,15,0.0001091
2030,16,0.00012995
2030,17,0.0001557
2030,18,0.00018544
2030,19,0.00021774
2030,20,0.00025128
2030,21,0.00027985
2030,22,0.00028862
2030,23,0.00028807
2030,24,0.00029297
2030,25,0.00029845
2030,26,0.00029828
2030,27,0.00030103
2030,28,0.0003146
2030,29,0.00033278
2030,30,0.00034836
2030,31,0.00036093
2030,32,0.00037483
2030,33,0.00039834
2030,34,0.00042639
2030,35,0.00045216
2030,36,0.00047597
2030,37,0.00050184
2030,38,0.00053812
2030,39,0.00059023
2030,40,0.00065309
2030,41,0.00071249
2030,42,0.0007711
2030,43,0.00083799
2030,44,0.0009229
2030,45,0.00102356
2030,46,0.0011321
2030,47,0.00125204
2030,48,0.00139117
2030,49,0.00153671
2030,50,0.00167289
2030,51,0.00182347
2030,52,0.00201568
2030,53,0.00221874
2030,54,0.00239486
2030,55,0.00259719
2030,56,0.00283134
2030,57,0.00308437
2030,58,0.00335255
2030,59,0.0036649
2030,60,0.0040081
2030,61,0.00438417
2030,62,0.00479503
2030,63,0.005258
2030,64,0.00575238
2030,65,0.00628064
2030,66,0.00693033
2030,67,0.00764272
2030,68,0.00835219
2030,69,0.00909548
2030,70,0.00994765
2030,71,0.01086456
2030,72,0.01181347
2030,73,0.01288921
2030,74,0.01420302
2030,75,0.01570785
2030,76,0.01734428
2030,77,0.01932645
2030,78,0.02175288
2030,79,0.02472964
2030,80,0.02806474
2030,81,0.03187049
2030,82,0.03641589
2030,83,0.0418241
2030,84,0.04819724
2030,85,0.05518635
2030,86,0.06297029
2030,87,0.07230799
2030,88,0.08259036
2030,89,0.0942014
2030,90,0.10745506
2030,91,0.12227041
2030,92,0.13802787
2030,93,0.15598737
2030,94,0.17605967
2030,95,0.19869935
2030,96,0.22341818
2030,97,0.2503231
2030,98,0.27961958
2030,99,0.31134891
