year,age,value
2020,0,852270.5
2020,1,888549.0
2020,2,928354.5
2020,3,962548.0
2020,4,997750.0
2020,5,1015418.0
2020,6,1030566.0
2020,7,1052086.0
2020,8,1065445.0
2020,9,1081023.0
2020,10,1094017.5
2020,11,1108261.5
2020,12,1119846.5
2020,13,1122676.0
2020,14,1116554.5
2020,15,1129201.0
2020,16,1159361.0
2020,17,1181214.0
2020,18,1201698.5
2020,19,1217557.5
2020,20,1217434.0
2020,21,1214140.0
2020,22,1212253.0
2020,23,1208373.0
2020,24,1203963.5
2020,25,1212581.5
2020,26,1209323.0
2020,27,1199001.0
2020,28,1213101.0
2020,29,1217033.0
2020,30,1228594.0
2020,31,1266344.5
2020,32,1304757.0
2020,33,1331698.5
2020,34,1365955.0
2020,35,1413736.5
2020,36,1448886.0
2020,37,1459593.5
2020,38,1472176.0
2020,39,1514114.0
2020,40,1575461.5
2020,41,1638072.5
2020,42,1693837.5
2020,43,1757444.0
2020,44,1841713.5
2020,45,1952560.5
2020,46,2048144.5
2020,47,2051072.5
2020,48,2004414.0
2020,49,1950427.5
2020,50,1878180.5
2020,51,1817236.5
2020,52,1806411.0
2020,53,1595257.5
2020,54,1544601.5
2020,55,1676287.0
2020,56,1601708.5
2020,57,1550142.0
2020,58,1525259.0
2020,59,1520811.5
2020,60,1525398.5
2020,61,1522670.5
2020,62,1473361.5
2020,63,1465698.0
2020,64,1525947.5
2020,65,1535861.5
2020,66,1553510.0
2020,67,1638529.0
2020,68,1728608.5
2020,69,1825067.0
2020,70,1895325.0
2020,71,1996469.5
2020,72,2063314.0
2020,73,1975914.0
2020,74,1571740.5
2020,75,1261286.5
2020,76,1410907.0
2020,77,1495990.0
2020,78,1459107.0
2020,79,1427234.0
2020,80,1311947.0
2020,81,1127358.0
2020,82,1038080.0
2020,83,1038623.0
2020,84,1002611.0
2020,85,923195.0
2020,86,825829.0
2020,87,742810.0
2020,88,664806.0
2020,89,581458.5
2020,90,490119.5
2020,91,405030.5
2020,92,334841.0
2020,93,275200.5
2020,94,226511.0
2020,95,182781.5
2020,96,143144.0
2020,97,111626.5
2020,98,85623.0
2020,99,63090.0
2021,0,824462.0
2021,1,851999.5
2021,2,888429.0
2021,3,928282.0
2021,4,962492.5
2021,5,997701.0
2021,6,1015371.0
2021,7,1030520.0
2021,8,1052035.5
2021,9,1065395.5
2021,10,1080975.0
2021,11,1093970.0
2021,12,1108201.0
2021,13,1119760.5
2021,14,1122584.5
2021,15,1116456.0
2021,16,1129079.5
2021,17,1159195.0
2021,18,1181018.5
2021,19,1201488.5
2021,20,1217311.0
2021,21,1217144.5
2021,22,1213809.5
2021,23,1211925.5
2021,24,1208062.0
2021,25,1203649.5
2021,26,1212259.0
2021,27,1208999.0
2021,28,1198663.0
2021,29,1212733.5
2021,30,1216650.5
2021,31,1228195.0
2021,32,1265909.0
2021,33,1304240.5
2021,34,1331101.0
2021,35,1365300.0
2021,36,1413031.5
2021,37,1448112.5
2021,38,1458749.0
2021,39,1471267.5
2021,40,1513075.0
2021,41,1574253.0
2021,42,1636720.5
2021,43,1692316.5
2021,44,1755688.0
2021,45,1839683.0
2021,46,1950180.0
2021,47,2045380.5
2021,48,2048013.0
2021,49,2001116.5
2021,50,1946866.0
2021,51,1874356.5
2021,52,1813144.0
2021,53,1801992.5
2021,54,1591068.0
2021,55,1540167.5
2021,56,1670934.0
2021,57,1596153.5
2021,58,1544429.5
2021,59,1519138.0
2021,60,1514154.5
2021,61,1518164.5
2021,62,1514689.5
2021,63,1464881.0
2021,64,1456515.0
2021,65,1515486.0
2021,66,1524362.0
2021,67,1540689.0
2021,68,1623530.5
2021,69,1711249.5
2021,70,1804876.5
2021,71,1872141.0
2021,72,1969548.0
2021,73,2032916.5
2021,74,1944385.5
2021,75,1544070.5
2021,76,1236497.0
2021,77,1380430.5
2021,78,1460310.5
2021,79,1420300.5
2021,80,1384414.5
2021,81,1267995.5
2021,82,1085266.0
2021,83,994255.0
2021,84,988949.0
2021,85,948304.0
2021,86,866716.0
2021,87,768898.0
2021,88,684432.0
2021,89,605312.0
2021,90,522844.50000000006
2021,91,434603.5
2021,92,353850.0
2021,93,287581.0
2021,94,231898.0
2021,95,186897.5
2021,96,147226.0
2021,97,112334.0
2021,98,85172.0
2021,99,63369.0
2022,0,798540.5
2022,1,825099.5
2022,2,852639.5
2022,3,889009.0
2022,4,928781.0
2022,5,962915.5
2022,6,998054.0
2022,7,1015666.0
2022,8,1030764.0
2022,9,1052242.5
2022,10,1065578.0
2022,11,1081155.0
2022,12,1094188.0
2022,13,1108512.5
2022,14,1120238.0
2022,15,1123294.0
2022,16,1117451.0
2022,17,1130375.5
2022,18,1160787.0
2022,19,1182878.0
2022,20,1203550.5
2022,21,1219510.5
2022,22,1219417.5
2022,23,1216144.5
2022,24,1214294.5
2022,25,1210389.0
2022,26,1205887.0
2022,27,1214394.5
2022,28,1211004.5
2022,29,1200512.0
2022,30,1214422.5
2022,31,1218187.0
2022,32,1229569.5
2022,33,1267096.0
2022,34,1305225.5
2022,35,1331893.5
2022,36,1365945.5
2022,37,1413492.0
2022,38,1448369.5
2022,39,1458843.0
2022,40,1471177.0
2022,41,1512779.5
2022,42,1573737.0
2022,43,1635953.5
2022,44,1691294.5
2022,45,1754405.0
2022,46,1838059.5
2022,47,1948085.0
2022,48,2042765.0
2022,49,2045008.5
2022,50,1997846.5
2022,51,1943298.5
2022,52,1870493.0
2022,53,1808951.0
2022,54,1797402.5
2022,55,1586672.5
2022,56,1535460.0
2022,57,1665298.5
2022,58,1590372.0
2022,59,1538354.0
2022,60,1512535.5
2022,61,1506942.0
2022,62,1510188.0
2022,63,1505922.5
2022,64,1455663.0
2022,65,1446460.0
2022,66,1503997.0
2022,67,1511686.5
2022,68,1526540.5
2022,69,1606973.5
2022,70,1692010.5
2022,71,1782425.0
2022,72,1846270.0
2022,73,1939765.5
2022,74,1999249.0
2022,75,1908853.0
2022,76,1513125.5
2022,77,1209085.5
2022,78,1345983.5
2022,79,1419950.5
2022,80,1376130.5
2022,81,1335775.0
2022,82,1218340.5
2022,83,1037633.0
2022,84,944567.0
2022,85,932921.5
2022,86,887662.0
2022,87,804011.0
2022,88,705971.0
2022,89,620424.0
2022,90,541290.0
2022,91,460369.0
2022,92,376490.0
2022,93,301087.5
2022,94,239717.5
2022,95,189049.0
2022,96,148479.5
2022,97,113767.0
2022,98,84221.5
2022,99,61838.5
2023,0,769926.5
2023,1,800615.0
2023,2,826949.0
2023,3,854247.0
2023,4,890382.0
2023,5,929946.5
2023,6,963905.5
2023,7,998890.5
2023,8,1016373.0
2023,9,1031371.0
2023,10,1052787.0
2023,11,1066120.5
2023,12,1081807.5
2023,13,1095115.0
2023,14,1109897.0
2023,15,1122253.5
2023,16,1126073.5
2023,17,1121062.5
2023,18,1134795.5
2023,19,1165926.0
2023,20,1188604.5
2023,21,1209695.5
2023,22,1225902.5
2023,23,1225965.0
2023,24,1222740.5
2023,25,1220795.5
2023,26,1216688.0
2023,27,1211918.0
2023,28,1220119.0
2023,29,1216371.0
2023,30,1205489.0
2023,31,1219026.0
2023,32,1222426.5
2023,33,1233441.5
2023,34,1270580.0
2023,35,1308325.5
2023,36,1334650.0
2023,37,1368357.0
2023,38,1415559.5
2023,39,1450107.5
2023,40,1460259.5
2023,41,1472289.5
2023,42,1513579.5
2023,43,1574196.5
2023,44,1636079.0
2023,45,1691067.5
2023,46,1753793.0
2023,47,1836969.0
2023,48,1946391.0
2023,49,2040488.5
2023,50,2042335.0
2023,51,1994814.5
2023,52,1939936.0
2023,53,1866841.5
2023,54,1804872.0
2023,55,1792900.5
2023,56,1582382.0
2023,57,1530751.5
2023,58,1659631.5
2023,59,1584431.0
2023,60,1531980.0
2023,61,1505594.0
2023,62,1499341.0
2023,63,1501809.0
2023,64,1496705.0
2023,65,1445936.0
2023,66,1435784.5
2023,67,1491752.5
2023,68,1498177.5
2023,69,1511215.0
2023,70,1588925.0
2023,71,1671063.5
2023,72,1758072.0
2023,73,1818904.5
2023,74,1908111.0
2023,75,1962766.5
2023,76,1871196.0
2023,77,1480446.5
2023,78,1179198.0
2023,79,1309204.5
2023,80,1376812.5
2023,81,1328487.0
2023,82,1283691.5
2023,83,1165364.5
2023,84,986236.5
2023,85,891309.0
2023,86,873745.5
2023,87,823307.0
2023,88,737865.5
2023,89,640203.0
2023,90,555035.0
2023,91,476804.5
2023,92,399009.5
2023,93,320466.0
2023,94,250979.5
2023,95,195324.5
2023,96,150059.5
2023,97,114603.5
2023,98,85194.5
2023,99,61027.5
2024,0,752448.0
2024,1,772532.5
2024,2,803016.5
2024,3,829134.5
2024,4,856203.5
2024,5,892131.5
2024,6,931513.5
2024,7,965309.5
2024,8,1000150.0
2024,9,1017512.5
2024,10,1032416.0
2024,11,1053769.5
2024,12,1067100.5
2024,13,1082875.0
2024,14,1096410.5
2024,15,1111850.5
2024,16,1125948.0
2024,17,1132977.5
2024,18,1132133.5
2024,19,1149904.5
2024,20,1183836.0
2024,21,1207210.0
2024,22,1226629.5
2024,23,1239486.5
2024,24,1235652.5
2024,25,1228890.0
2024,26,1224201.0
2024,27,1218184.0
2024,28,1212207.0
2024,29,1219687.0
2024,30,1215539.0
2024,31,1204493.0
2024,32,1217985.0
2024,33,1221391.0
2024,34,1232436.0
2024,35,1269600.0
2024,36,1307371.5
2024,37,1333726.0
2024,38,1367444.0
2024,39,1414610.5
2024,40,1449099.5
2024,41,1459201.0
2024,42,1471183.0
2024,43,1512373.0
2024,44,1572835.5
2024,45,1634516.0
2024,46,1689279.5
2024,47,1751725.5
2024,48,1834529.0
2024,49,1943497.0
2024,50,2037131.0
2024,51,2038619.5
2024,52,1990857.5
2024,53,1935719.5
2024,54,1862319.5
2024,55,1800149.0
2024,56,1787811.0
2024,57,1577440.5
2024,58,1525499.5
2024,59,1653376.5
2024,60,1577899.0
2024,61,1525065.0
2024,62,1498201.0
2024,63,1491288.5
2024,64,1492899.0
2024,65,1487017.5
2024,66,1435635.0
2024,67,1424468.0
2024,68,1478812.0
2024,69,1483765.0
2024,70,1495138.0
2024,71,1570313.5
2024,72,1649588.5
2024,73,1733583.5
2024,74,1791159.0
2024,75,1875776.0
2024,76,1926055.5
2024,77,1832584.0
2024,78,1446478.0
2024,79,1148824.0
2024,80,1271382.0
2024,81,1331640.0
2024,82,1278938.0
2024,83,1229629.5
2024,84,1109530.0
2024,85,932585.0
2024,86,836508.0
2024,87,812343.5
2024,88,757471.0
2024,89,671334.0
2024,90,575120.0
2024,91,491568.0
2024,92,415766.5
2024,93,341871.0
2024,94,269177.0
2024,95,206215.5
2024,96,156614.5
2024,97,117140.0
2024,98,86901.0
2024,99,62604.5
2025,0,751925.5
2025,1,755438.5
2025,2,775359.0
2025,3,805666.0
2025,4,831571.0
2025,5,858440.5
2025,6,894185.5
2025,7,933400.5
2025,8,967046.0
2025,9,1001752.5
2025,10,1018989.5
2025,11,1033778.5
2025,12,1055023.5
2025,13,1068255.5
2025,14,1084027.0
2025,15,1098239.0
2025,16,1116373.5
2025,17,1136031.5
2025,18,1150545.5
2025,19,1157009.5
2025,20,1179780.0
2025,21,1214666.0
2025,22,1234432.0
2025,23,1247000.5
2025,24,1252024.0
2025,25,1241208.0
2025,26,1229161.5
2025,27,1220948.0
2025,28,1212837.0
2025,29,1205795.0
2025,30,1212890.0
2025,31,1208785.0
2025,32,1198028.0
2025,33,1211915.5
2025,34,1215764.5
2025,35,1227255.5
2025,36,1264839.5
2025,37,1303000.5
2025,38,1329707.0
2025,39,1363715.5
2025,40,1411104.5
2025,41,1445783.0
2025,42,1456060.5
2025,43,1468179.5
2025,44,1509430.5
2025,45,1569873.0
2025,46,1631480.5
2025,47,1686127.0
2025,48,1748387.5
2025,49,1830914.0
2025,50,1939521.0
2025,51,2032771.5
2025,52,2033965.0
2025,53,1985956.0
2025,54,1930617.5
2025,55,1857077.5
2025,56,1794700.0
2025,57,1781972.5
2025,58,1571877.0
2025,59,1519660.5
2025,60,1646505.5
2025,61,1570760.5
2025,62,1517544.5
2025,63,1490126.5
2025,64,1482496.0
2025,65,1483273.0
2025,66,1476494.0
2025,67,1424447.5
2025,68,1412267.5
2025,69,1464956.0
2025,70,1468574.0
2025,71,1478398.5
2025,72,1551086.5
2025,73,1627509.5
2025,74,1708079.5
2025,75,1762157.5
2025,76,1841906.5
2025,77,1887487.0
2025,78,1791527.0
2025,79,1409923.5
2025,80,1115868.0
2025,81,1230132.0
2025,82,1282683.5
2025,83,1225404.5
2025,84,1170928.0
2025,85,1049191.5
2025,86,874928.5
2025,87,777769.0
2025,88,747724.0
2025,89,689395.0
2025,90,603313.5
2025,91,509528.0
2025,92,428759.5
2025,93,356474.5
2025,94,287489.5
2025,95,221481.0
2025,96,165641.0
2025,97,122538.0
2025,98,89058.5
2025,99,64052.00000000001
2026,0,749339.5
2026,1,754646.0
2026,2,758019.0
2026,3,777782.0
2026,4,807894.0
2026,5,833617.0
2026,6,860319.5
2026,7,895911.0
2026,8,934989.0
2026,9,968511.0
2026,10,1003102.0
2026,11,1020234.0
2026,12,1034923.0
2026,13,1056077.0
2026,14,1069312.5
2026,15,1085757.5
2026,16,1102639.5
2026,17,1126275.5
2026,18,1153334.5
2026,19,1175072.0
2026,20,1186476.0
2026,21,1210164.5
2026,22,1241418.5
2026,23,1254327.5
2026,24,1259069.0
2026,25,1257123.5
2026,26,1241049.0
2026,27,1225507.0
2026,28,1215231.0
2026,29,1206086.5
2026,30,1198693.5
2026,31,1205855.5
2026,32,1202062.5
2026,33,1191735.0
2026,34,1206082.5
2026,35,1210402.5
2026,36,1222344.5
2026,37,1260336.5
2026,38,1298858.5
2026,39,1325875.5
2026,40,1360130.5
2026,41,1407715.0
2026,42,1442562.5
2026,43,1452990.5
2026,44,1465209.0
2026,45,1506474.5
2026,46,1566862.0
2026,47,1628361.5
2026,48,1682852.0
2026,49,1744888.5
2026,50,1827126.0
2026,51,1935348.5
2026,52,2028140.5
2026,53,2028985.5
2026,54,1980755.5
2026,55,1925228.0
2026,56,1851507.0
2026,57,1788888.0
2026,58,1775744.5
2026,59,1565928.5
2026,60,1513401.5
2026,61,1639138.5
2026,62,1563099.5
2026,63,1509464.5
2026,64,1481453.0
2026,65,1473064.5
2026,66,1472914.5
2026,67,1465129.5
2026,68,1412430.0
2026,69,1399253.0
2026,70,1450186.0
2026,71,1452374.5
2026,72,1460615.5
2026,73,1530708.5
2026,74,1604013.0
2026,75,1680813.0
2026,76,1730822.5
2026,77,1805706.5
2026,78,1846023.5
2026,79,1747097.0
2026,80,1370252.5
2026,81,1080180.0
2026,82,1185587.0
2026,83,1229881.5
2026,84,1167797.5
2026,85,1108179.0
2026,86,985242.5
2026,87,814242.5
2026,88,716567.5
2026,89,681263.5
2026,90,620209.5
2026,91,535136.0
2026,92,444972.5
2026,93,368089.0
2026,94,300221.0
2026,95,236932.0
2026,96,178190.0
2026,97,129820.5
2026,98,93338.0
2026,99,65760.5
2027,0,748102.0
2027,1,751919.5
2027,2,757095.5
2027,3,760322.5
2027,4,779901.5
2027,5,809840.0
2027,6,835403.5
2027,7,861961.0
2027,8,897422.5
2027,9,936381.5
2027,10,969794.5
2027,11,1004284.5
2027,12,1021321.5
2027,13,1035924.5
2027,14,1057084.0
2027,15,1070990.5
2027,16,1090085.5
2027,17,1112424.5
2027,18,1143399.5
2027,19,1177619.0
2027,20,1204248.0
2027,21,1216550.5
2027,22,1236609.5
2027,23,1261020.0
2027,24,1266127.0
2027,25,1263928.0
2027,26,1256747.5
2027,27,1237202.5
2027,28,1219622.0
2027,29,1208331.0
2027,30,1198851.5
2027,31,1191546.0
2027,32,1199027.5
2027,33,1195672.5
2027,34,1185825.0
2027,35,1200648.5
2027,36,1205431.0
2027,37,1217803.0
2027,38,1256163.5
2027,39,1294997.5
2027,40,1322274.0
2027,41,1356742.0
2027,42,1404494.0
2027,43,1439479.0
2027,44,1450015.0
2027,45,1462286.0
2027,46,1503528.0
2027,47,1563823.0
2027,48,1625172.0
2027,49,1679467.5
2027,50,1741268.0
2027,51,1823193.0
2027,52,1930957.0
2027,53,2023221.0
2027,54,2023733.5
2027,55,1975291.5
2027,56,1919528.5
2027,57,1845592.0
2027,58,1782714.0
2027,59,1769111.5
2027,60,1559575.0
2027,61,1506711.0
2027,62,1631255.0
2027,63,1554890.0
2027,64,1500805.0
2027,65,1472167.5
2027,66,1462932.5
2027,67,1461743.0
2027,68,1452939.0
2027,69,1399625.5
2027,70,1385390.0
2027,71,1434445.5
2027,72,1435175.0
2027,73,1441773.0
2027,74,1509024.0
2027,75,1578887.5
2027,76,1651347.0
2027,77,1697302.0
2027,78,1766746.5
2027,79,1801093.5
2027,80,1698814.0
2027,81,1327226.0
2027,82,1041586.0
2027,83,1137470.5
2027,84,1172958.0
2027,85,1106106.0
2027,86,1041555.5
2027,87,917799.0
2027,88,750892.5
2027,89,653514.5
2027,90,613590.0
2027,91,550739.5
2027,92,467911.5
2027,93,382496.0
2027,94,310414.0
2027,95,247807.0
2027,96,190935.0
2027,97,139885.5
2027,98,99054.0
2027,99,69050.5
2028,0,748282.0
2028,1,750649.5
2028,2,754338.0
2028,3,759368.5
2028,4,762415.5
2028,5,781823.0
2028,6,811604.0
2028,7,837025.0
2028,8,863454.0
2028,9,898798.0
2028,10,937650.0
2028,11,970963.0
2028,12,1005358.5
2028,13,1022310.0
2028,14,1036920.5
2028,15,1058747.5
2028,16,1075288.5
2028,17,1099807.0
2028,18,1129440.5
2028,19,1167532.5
2028,20,1206610.0
2028,21,1234125.0
2028,22,1242818.0
2028,23,1256073.0
2028,24,1272720.0
2028,25,1270923.0
2028,26,1263518.0
2028,27,1252885.0
2028,28,1231315.5
2028,29,1212730.5
2028,30,1201110.0
2028,31,1191721.5
2028,32,1184741.5
2028,33,1192657.0
2028,34,1189779.0
2028,35,1180417.5
2028,36,1195698.5
2028,37,1200914.5
2028,38,1213670.0
2028,39,1252345.0
2028,40,1291434.5
2028,41,1318930.5
2028,42,1353580.0
2028,43,1401464.0
2028,44,1436539.5
2028,45,1447133.5
2028,46,1459418.5
2028,47,1500600.0
2028,48,1560759.0
2028,49,1621918.0
2028,50,1676004.5
2028,51,1737546.0
2028,52,1819092.0
2028,53,1926326.0
2028,54,2018061.5
2028,55,2018243.5
2028,56,1969539.5
2028,57,1913502.5
2028,58,1839336.0
2028,59,1776164.0
2028,60,1762050.0
2028,61,1552808.0
2028,62,1499576.0
2028,63,1622831.5
2028,64,1546117.5
2028,65,1491559.5
2028,66,1462215.0
2028,67,1452028.0
2028,68,1449784.5
2028,69,1439976.0
2028,70,1386012.5
2028,71,1370641.5
2028,72,1417761.0
2028,73,1416978.5
2028,74,1421747.0
2028,75,1485857.5
2028,76,1551737.0
2028,77,1619836.0
2028,78,1661233.0
2028,79,1724521.0
2028,80,1752252.0
2028,81,1646431.5
2028,82,1280673.0
2028,83,999874.0
2028,84,1085555.0
2028,85,1111936.0
2028,86,1040539.0
2028,87,971206.0
2028,88,847302.0
2028,89,685547.0
2028,90,589229.5
2028,91,545537.0
2028,92,482147.5
2028,93,402750.0
2028,94,323004.5
2028,95,256584.99999999997
2028,96,200025.0
2028,97,150150.0
2028,98,106917.0
2028,99,73409.5
2029,0,749673.0
2029,1,750844.0
2029,2,753079.0
2029,3,756619.5
2029,4,761469.0
2029,5,764345.0
2029,6,783595.0
2029,7,813233.0
2029,8,838524.5
2029,9,864836.0
2029,10,900073.5
2029,11,938824.5
2029,12,972043.0
2029,13,1006352.5
2029,14,1023311.5
2029,15,1038586.0
2029,16,1063033.5
2029,17,1084971.0
2029,18,1116746.0
2029,19,1153460.5
2029,20,1196385.5
2029,21,1236345.0
2029,22,1260270.0
2029,23,1262207.0
2029,24,1267750.0
2029,25,1277530.5
2029,26,1270558.5
2029,27,1259720.0
2029,28,1247069.5
2029,29,1224500.5
2029,30,1205588.0
2029,31,1194056.5
2029,32,1184989.5
2029,33,1178444.5
2029,34,1186828.0
2029,35,1184428.5
2029,36,1175532.0
2029,37,1191237.5
2029,38,1196839.0
2029,39,1209922.5
2029,40,1248853.5
2029,41,1288155.5
2029,42,1315840.0
2029,43,1350634.0
2029,44,1398600.5
2029,45,1433714.5
2029,46,1444327.0
2029,47,1456593.0
2029,48,1497672.5
2029,49,1557655.5
2029,50,1618608.0
2029,51,1672464.5
2029,52,1733685.5
2029,53,1814787.5
2029,54,1921487.5
2029,55,2012683.5
2029,56,2012475.5
2029,57,1963470.5
2029,58,1907141.0
2029,59,1832710.0
2029,60,1769203.0
2029,61,1754538.0
2029,62,1545603.5
2029,63,1491965.0
2029,64,1613844.5
2029,65,1536764.0
2029,66,1481662.5
2029,67,1451518.0
2029,68,1440370.0
2029,69,1437084.0
2029,70,1426212.5
2029,71,1371546.5
2029,72,1355025.5
2029,73,1400127.0
2029,74,1397657.0
2029,75,1400367.5
2029,76,1460814.0
2029,77,1522711.0
2029,78,1585938.0
2029,79,1622143.5
2029,80,1678607.5
2029,81,1699240.5
2029,82,1589713.0
2029,83,1230315.0
2029,84,954840.0
2029,85,1029853.5
2029,86,1047009.5
2029,87,971215.5
2029,88,897565.5
2029,89,774474.5
2029,90,618831.5
2029,91,524494.0
2029,92,478239.5
2029,93,415553.0
2029,94,340592.0
2029,95,267383.5
2029,96,207422.0
2029,97,157566.0
2029,98,114967.5
2029,99,79376.5
2030,0,752363.0
2030,1,752230.0
2030,2,753266.5
2030,3,755352.5
2030,4,758713.0
2030,5,763391.5
2030,6,766111.5
2030,7,785219.5
2030,8,814727.5
2030,9,839902.5
2030,10,866108.5
2030,11,901245.5
2030,12,939903.0
2030,13,973036.5
2030,14,1007352.0
2030,15,1024971.5
2030,16,1042853.0
2030,17,1072665.5
2030,18,1101819.5
2030,19,1140634.0
2030,20,1182155.0
2030,21,1225957.5
2030,22,1262346.5
2030,23,1279551.5
2030,24,1273825.0
2030,25,1272546.0
2030,26,1277179.0
2030,27,1266793.0
2030,28,1253949.0
2030,29,1240301.0
2030,30,1217408.0
2030,31,1198585.0
2030,32,1187374.0
2030,33,1178740.0
2030,34,1172667.0
2030,35,1181521.0
2030,36,1179580.5
2030,37,1171118.5
2030,38,1187202.5
2030,39,1193134.5
2030,40,1206490.5
2030,41,1245637.0
2030,42,1285121.0
2030,43,1312956.5
2030,44,1347848.5
2030,45,1395847.0
2030,46,1430959.0
2030,47,1441559.0
2030,48,1453766.5
2030,49,1494707.5
2030,50,1554499.0
2030,51,1615224.5
2030,52,1668792.0
2030,53,1729634.5
2030,54,1810291.0
2030,55,1916443.5
2030,56,2007028.0
2030,57,2006384.0
2030,58,1957057.5
2030,59,1900398.0
2030,60,1825663.0
2030,61,1761792.5
2030,62,1746531.5
2030,63,1537914.0
2030,64,1483842.0
2030,65,1604257.0
2030,66,1526746.5
2030,67,1471019.5
2030,68,1440076.5
2030,69,1427984.5
2030,70,1423593.5
2030,71,1411579.0
2030,72,1356222.5
2030,73,1338513.0
2030,74,1381393.5
2030,75,1377017.0
2030,76,1377216.5
2030,77,1434021.0
2030,78,1491458.5
2030,79,1549169.5
2030,80,1579595.0
2030,81,1628713.0
2030,82,1641757.5
2030,83,1528267.0
2030,84,1175845.5
2030,85,906444.5
2030,86,970490.5
2030,87,978222.5
2030,88,898501.0
2030,89,821337.0
2030,90,699960.5
2030,91,551509.0
2030,92,460352.0
2030,93,412752.5
2030,94,351890.5
2030,95,282348.0
2030,96,216467.5
2030,97,163638.0
2030,98,120848.5
2030,99,85502.5
2031,0,755449.5
2031,1,754881.0
2031,2,754615.0
2031,3,755505.0
2031,4,757413.0
2031,5,760605.0
2031,6,765130.5
2031,7,767711.0
2031,8,786692.0
2031,9,816085.5
2031,10,841156.0
2031,11,867263.5
2031,12,902309.5
2031,13,940882.5
2031,14,974023.5
2031,15,1008995.5
2031,16,1029205.0
2031,17,1052418.0
2031,18,1089399.0
2031,19,1125546.5
2031,20,1169136.0
2031,21,1211526.5
2031,22,1251776.0
2031,23,1281476.5
2031,24,1291055.5
2031,25,1278549.5
2031,26,1272156.5
2031,27,1273393.0
2031,28,1261015.0
2031,29,1247182.5
2031,30,1233212.0
2031,31,1210412.0
2031,32,1191914.0
2031,33,1181137.5
2031,34,1172976.5
2031,35,1167380.0
2031,36,1176688.0
2031,37,1175178.5
2031,38,1167107.0
2031,39,1183516.0
2031,40,1189727.0
2031,41,1203319.0
2031,42,1242650.0
2031,43,1282279.0
2031,44,1310223.5
2031,45,1345165.5
2031,46,1393156.5
2031,47,1428233.5
2031,48,1438782.5
2031,49,1450901.5
2031,50,1491691.0
2031,51,1551271.5
2031,52,1611713.0
2031,53,1664936.5
2031,54,1725400.5
2031,55,1805602.5
2031,56,1911138.0
2031,57,2001050.5
2031,58,1999941.0
2031,59,1950253.5
2031,60,1893218.0
2031,61,1818153.5
2031,62,1753890.0
2031,63,1737980.0
2031,64,1529702.0
2031,65,1475173.5
2031,66,1593983.5
2031,67,1515968.0
2031,68,1459631.0
2031,69,1427917.5
2031,70,1414823.5
2031,71,1409246.5
2031,72,1396074.5
2031,73,1340015.0
2031,74,1320964.0
2031,75,1361373.0
2031,76,1354652.0
2031,77,1352438.0
2031,78,1405156.5
2031,79,1457532.5
2031,80,1509119.0
2031,81,1533321.5
2031,82,1574551.0
2031,83,1579404.5
2031,84,1461710.5
2031,85,1117218.5
2031,86,854804.5
2031,87,907503.0
2031,88,905942.0
2031,89,823102.0
2031,90,743200.0
2031,91,624624.0
2031,92,484686.5
2031,93,397822.5
2031,94,350022.0
2031,95,292124.0
2031,96,228922.5
2031,97,171032.5
2031,98,125698.5
2031,99,90030.5
2032,0,759332.5
2032,1,757963.0
2032,2,757260.5
2032,3,756847.5
2032,4,757559.0
2032,5,759300.0
2032,6,762339.5
2032,7,766725.0
2032,8,769181.5
2032,9,788048.0
2032,10,817337.0
2032,11,842309.0
2032,12,868327.0
2032,13,903289.5
2032,14,941869.5
2032,15,975664.5
2032,16,1013209.0
2032,17,1038719.5
2032,18,1069060.0
2032,19,1112993.5
2032,20,1153890.0
2032,21,1198345.0
2032,22,1237206.0
2032,23,1270808.0
2032,24,1292926.5
2032,25,1295764.0
2032,26,1278178.5
2032,27,1268412.5
2032,28,1267665.5
2032,29,1254304.0
2032,30,1240149.5
2032,31,1226268.0
2032,32,1203792.0
2032,33,1185727.0
2032,34,1175421.0
2032,35,1167734.0
2032,36,1162595.5
2032,37,1172325.5
2032,38,1171201.5
2032,39,1163466.0
2032,40,1180147.5
2032,41,1186599.5
2032,42,1200394.0
2032,43,1239873.0
2032,44,1279604.5
2032,45,1307609.0
2032,46,1342562.0
2032,47,1390511.0
2032,48,1425513.5
2032,49,1435981.0
2032,50,1448000.5
2032,51,1488620.5
2032,52,1547933.5
2032,53,1608034.0
2032,54,1660916.0
2032,55,1720994.0
2032,56,1800679.5
2032,57,1905535.0
2032,58,1994730.0
2032,59,1993104.0
2032,60,1943005.5
2032,61,1885565.5
2032,62,1810143.0
2032,63,1745446.0
2032,64,1728843.0
2032,65,1520933.0
2032,66,1465880.0
2032,67,1582921.0
2032,68,1504425.5
2032,69,1447519.5
2032,70,1414986.5
2032,71,1400816.0
2032,72,1394032.5
2032,73,1379662.0
2032,74,1322771.5
2032,75,1302187.0
2032,76,1339643.5
2032,77,1330678.0
2032,78,1325699.0
2032,79,1373764.5
2032,80,1420508.5
2032,81,1465486.0
2032,82,1482993.0
2032,83,1515679.0
2032,84,1511709.5
2032,85,1389909.0
2032,86,1054505.0
2032,87,799896.5
2032,88,841176.0
2032,89,830817.5
2032,90,745636.5
2032,91,664016.0
2032,92,549669.5
2032,93,419396.0
2032,94,337796.0
2032,95,290996.0
2032,96,237182.0
2032,97,181143.0
2032,98,131578.0
2032,99,93787.5
2033,0,763587.0
2033,1,761858.5
2033,2,760352.5
2033,3,759501.0
2033,4,758909.5
2033,5,759453.5
2033,6,761041.5
2033,7,763940.0
2033,8,768201.0
2033,9,770542.5
2033,10,789305.0
2033,11,818495.5
2033,12,843378.0
2033,13,869313.5
2033,14,904282.5
2033,15,943513.5
2033,16,979867.0
2033,17,1022681.5
2033,18,1055280.0
2033,19,1092537.0
2033,20,1141193.0
2033,21,1182954.5
2033,22,1223905.5
2033,23,1256164.5
2033,24,1282234.0
2033,25,1297651.5
2033,26,1295436.0
2033,27,1274501.5
2033,28,1262765.5
2033,29,1261035.5
2033,30,1247351.0
2033,31,1233282.0
2033,32,1219717.0
2033,33,1197669.5
2033,34,1180073.5
2033,35,1170237.0
2033,36,1163005.0
2033,37,1158291.5
2033,38,1168398.0
2033,39,1167603.5
2033,40,1160152.5
2033,41,1177066.0
2033,42,1183726.0
2033,43,1197689.0
2033,44,1237272.0
2033,45,1277057.0
2033,46,1305083.0
2033,47,1340014.5
2033,48,1387881.5
2033,49,1422775.0
2033,50,1433151.0
2033,51,1445055.5
2033,52,1485452.5
2033,53,1544444.0
2033,54,1604206.5
2033,55,1656738.0
2033,56,1716374.5
2033,57,1795487.0
2033,58,1899617.5
2033,59,1988026.0
2033,60,1985824.0
2033,61,1935284.0
2033,62,1877403.5
2033,63,1801587.5
2033,64,1736427.0
2033,65,1719089.0
2033,66,1511534.5
2033,67,1455873.5
2033,68,1571077.5
2033,69,1492154.0
2033,70,1434642.5
2033,71,1401226.5
2033,72,1385965.0
2033,73,1377930.0
2033,74,1362202.5
2033,75,1304319.5
2033,76,1281781.5
2033,77,1316342.5
2033,78,1304795.5
2033,79,1296597.0
2033,80,1339477.0
2033,81,1380134.0
2033,82,1417988.5
2033,83,1428234.0
2033,84,1451679.5
2033,85,1438577.0
2033,86,1313010.0
2033,87,987719.5
2033,88,741998.0
2033,89,772138.0
2033,90,753499.5
2033,91,666994.5
2033,92,585094.5
2033,93,476293.5
2033,94,356601.0
2033,95,281211.0
2033,96,236623.0
2033,97,187953.0
2033,98,139571.0
2033,99,98326.5
2034,0,768275.0
2034,1,766091.5
2034,2,764227.0
2034,3,762573.0
2034,4,761545.0
2034,5,760787.0
2034,6,761179.5
2034,7,762628.0
2034,8,765402.5
2034,9,769549.5
2034,10,771788.5
2034,11,790454.5
2034,12,819555.5
2034,13,844357.5
2034,14,870301.0
2034,15,905918.0
2034,16,947692.0
2034,17,989282.5
2034,18,1039138.0
2034,19,1078608.5
2034,20,1120559.5
2034,21,1170073.0
2034,22,1208352.0
2034,23,1242740.5
2034,24,1267514.0
2034,25,1286922.5
2034,26,1297315.0
2034,27,1291767.5
2034,28,1268879.5
2034,29,1256170.5
2034,30,1254117.0
2034,31,1240518.5
2034,32,1226764.0
2034,33,1213623.0
2034,34,1192043.5
2034,35,1174917.5
2034,36,1165536.0
2034,37,1158728.0
2034,38,1154395.5
2034,39,1164826.0
2034,40,1164311.5
2034,41,1157106.5
2034,42,1174222.0
2034,43,1181056.5
2034,44,1195147.0
2034,45,1234788.5
2034,46,1274589.0
2034,47,1302606.0
2034,48,1337478.0
2034,49,1385228.0
2034,50,1420001.0
2034,51,1430270.5
2034,52,1442012.5
2034,53,1482139.0
2034,54,1540810.0
2034,55,1600225.0
2034,56,1652353.0
2034,57,1711497.5
2034,58,1789999.5
2034,59,1893336.5
2034,60,1980880.0
2034,61,1978058.5
2034,62,1927039.5
2034,63,1868679.0
2034,64,1792441.5
2034,65,1726793.0
2034,66,1708624.0
2034,67,1501406.5
2034,68,1445155.5
2034,69,1558478.5
2034,70,1479100.0
2034,71,1420932.5
2034,72,1386630.5
2034,73,1370237.5
2034,74,1360790.0
2034,75,1343506.0
2034,76,1284250.5
2034,77,1259887.0
2034,78,1291169.5
2034,79,1276601.0
2034,80,1264779.0
2034,81,1302046.5
2034,82,1336131.0
2034,83,1366250.5
2034,84,1368628.5
2034,85,1382431.5
2034,86,1360118.5
2034,87,1230951.5
2034,88,917142.0
2034,89,681646.5
2034,90,700963.0
2034,91,674841.5
2034,92,588455.0
2034,93,507663.5
2034,94,405553.5
2034,95,297277.0
2034,96,228976.5
2034,97,187792.5
2034,98,145027.5
2034,99,104457.5
2035,0,773567.0
2035,1,770695.5
2035,2,768382.0
2035,3,766375.5
2035,4,764550.5
2035,5,763361.5
2035,6,762456.0
2035,7,762714.5
2035,8,764043.0
2035,9,766708.0
2035,10,770755.5
2035,11,772902.0
2035,12,791481.5
2035,13,820505.0
2035,14,845317.0
2035,15,871905.0
2035,16,910047.5
2035,17,957017.5
2035,18,1005595.0
2035,19,1062265.5
2035,20,1106390.5
2035,21,1149186.0
2035,22,1195227.0
2035,23,1226974.5
2035,24,1253915.0
2035,25,1272064.5
2035,26,1286478.0
2035,27,1293558.0
2035,28,1286071.0
2035,29,1262225.0
2035,30,1249206.5
2035,31,1247242.5
2035,32,1233962.5
2035,33,1220638.0
2035,34,1207964.0
2035,35,1186859.0
2035,36,1170193.5
2035,37,1161239.5
2035,38,1154815.5
2035,39,1150818.0
2035,40,1161524.0
2035,41,1161254.0
2035,42,1154269.5
2035,43,1171554.5
2035,44,1178526.5
2035,45,1192703.0
2035,46,1232367.0
2035,47,1272153.0
2035,48,1300125.5
2035,49,1334907.5
2035,50,1382528.5
2035,51,1417164.5
2035,52,1427282.5
2035,53,1438820.5
2035,54,1478678.0
2035,55,1537021.0
2035,56,1596036.0
2035,57,1647715.5
2035,58,1706335.5
2035,59,1784167.0
2035,60,1886630.5
2035,61,1973247.0
2035,62,1969757.5
2035,63,1918217.0
2035,64,1859344.5
2035,65,1782664.0
2035,66,1716446.0
2035,67,1697340.0
2035,68,1490549.0
2035,69,1433743.0
2035,70,1545069.5
2035,71,1465194.0
2035,72,1406381.5
2035,73,1371165.0
2035,74,1353486.5
2035,75,1342424.5
2035,76,1323174.5
2035,77,1262709.0
2035,78,1236221.0
2035,79,1263729.0
2035,80,1245753.0
2035,81,1230013.0
2035,82,1261208.0
2035,83,1288141.0
2035,84,1309874.5
2035,85,1304061.5
2035,86,1308040.0
2035,87,1276265.0
2035,88,1144112.0
2035,89,843463.0
2035,90,619341.0
2035,91,628439.0
2035,92,596146.0
2035,93,511253.0
2035,94,432868.0
2035,95,338592.0
2035,96,242408.0
2035,97,181979.5
2035,98,145128.5
2035,99,108702.5
2036,0,778320.0
2036,1,775973.0
2036,2,772971.0
2036,3,770516.5
2036,4,768340.0
2036,5,766355.5
2036,6,765019.0
2036,7,763981.5
2036,8,764120.0
2036,9,765340.0
2036,10,767906.5
2036,11,771862.5
2036,12,773923.5
2036,13,792426.5
2036,14,821460.5
2036,15,846913.0
2036,16,876013.0
2036,17,919319.0
2036,18,973232.0
2036,19,1028582.0
2036,20,1089874.5
2036,21,1134838.5
2036,22,1174187.0
2036,23,1213736.0
2036,24,1238084.0
2036,25,1258442.0
2036,26,1271628.5
2036,27,1282750.0
2036,28,1287899.0
2036,29,1279456.0
2036,30,1255307.0
2036,31,1242380.5
2036,32,1240729.5
2036,33,1227876.5
2036,34,1215016.5
2036,35,1202810.5
2036,36,1182165.0
2036,37,1165927.0
2036,38,1157357.5
2036,39,1151267.0
2036,40,1147552.0
2036,41,1158495.0
2036,42,1158440.5
2036,43,1151643.0
2036,44,1169058.5
2036,45,1176124.5
2036,46,1190351.5
2036,47,1230007.0
2036,48,1269741.5
2036,49,1297639.5
2036,50,1332318.5
2036,51,1379792.5
2036,52,1414244.5
2036,53,1424169.0
2036,54,1435508.0
2036,55,1475091.0
2036,56,1533056.5
2036,57,1591626.5
2036,58,1642827.5
2036,59,1700869.0
2036,60,1777959.5
2036,61,1879488.5
2036,62,1965107.5
2036,63,1960894.5
2036,64,1908799.0
2036,65,1849385.0
2036,66,1772183.0
2036,67,1705310.0
2036,68,1685264.5
2036,69,1479012.5
2036,70,1421618.5
2036,71,1530808.5
2036,72,1450460.0
2036,73,1390989.0
2036,74,1354717.5
2036,75,1335562.5
2036,76,1322473.5
2036,77,1301365.0
2036,78,1239435.0
2036,79,1210430.5
2036,80,1233711.5
2036,81,1212051.0
2036,82,1192078.5
2036,83,1216658.0
2036,84,1235826.5
2036,85,1248788.0
2036,86,1234676.0
2036,87,1228469.0
2036,88,1187432.5
2036,89,1053340.0
2036,90,767301.0
2036,91,555807.0
2036,92,555804.0
2036,93,518673.5
2036,94,436560.0
2036,95,361950.0
2036,96,276544.0
2036,97,192958.0
2036,98,140851.5
2036,99,108958.0
2037,0,782446.5
2037,1,780749.5
2037,2,778268.5
2037,3,775123.0
2037,4,772497.0
2037,5,770159.0
2037,6,768026.5
2037,7,766557.0
2037,8,765398.0
2037,9,765427.5
2037,10,766548.5
2037,11,769022.0
2037,12,772892.0
2037,13,774877.5
2037,14,793391.5
2037,15,823062.0
2037,16,851013.0
2037,17,885249.5
2037,18,935461.5
2037,19,996109.5
2037,20,1056059.0
2037,21,1118187.5
2037,22,1159732.5
2037,23,1192638.0
2037,24,1224838.5
2037,25,1242649.5
2037,26,1258076.5
2037,27,1267992.0
2037,28,1277190.5
2037,29,1281384.0
2037,30,1272631.0
2037,31,1248572.5
2037,32,1235957.0
2037,33,1234723.0
2037,34,1222328.5
2037,35,1209930.5
2037,36,1198174.0
2037,37,1177952.5
2037,38,1162098.5
2037,39,1153858.5
2037,40,1148049.5
2037,41,1144578.0
2037,42,1155727.0
2037,43,1155853.5
2037,44,1149203.5
2037,45,1166704.5
2037,46,1173829.5
2037,47,1188078.0
2037,48,1227688.5
2037,49,1267339.5
2037,50,1295150.0
2037,51,1329709.5
2037,52,1376988.0
2037,53,1411210.5
2037,54,1420947.5
2037,55,1432084.5
2037,56,1471348.5
2037,57,1528891.0
2037,58,1586987.0
2037,59,1637658.5
2037,60,1695057.5
2037,61,1771355.0
2037,62,1871878.0
2037,63,1956421.0
2037,64,1951437.0
2037,65,1898752.5
2037,66,1838712.0
2037,67,1760903.5
2037,68,1693395.5
2037,69,1672437.0
2037,70,1466757.5
2037,71,1408724.5
2037,72,1515700.5
2037,73,1434874.0
2037,74,1374617.0
2037,75,1337114.0
2037,76,1316075.0
2037,77,1301059.0
2037,78,1277784.0
2037,79,1214047.5
2037,80,1182188.0
2037,81,1200882.0
2037,82,1175235.0
2037,83,1150642.0
2037,84,1168021.5
2037,85,1179055.0
2037,86,1183064.0
2037,87,1160357.0
2037,88,1144032.5
2037,89,1094417.5
2037,90,959346.5
2037,91,689494.5
2037,92,492087.5
2037,93,484175.5
2037,94,443565.0
2037,95,365600.0
2037,96,296098.0
2037,97,220505.0
2037,98,149597.0
2037,99,105916.5
2038,0,786483.0
2038,1,784908.5
2038,2,783073.5
2038,3,780445.5
2038,4,777126.5
2038,5,774336.0
2038,6,771849.0
2038,7,769581.5
2038,8,767990.0
2038,9,766721.0
2038,10,766650.0
2038,11,767676.5
2038,12,770064.0
2038,13,773857.5
2038,14,775854.0
2038,15,795001.5
2038,16,827157.0
2038,17,860218.0
2038,18,901325.0
2038,19,958239.0
2038,20,1023464.0
2038,21,1084252.0
2038,22,1142987.0
2038,23,1178136.5
2038,24,1203748.5
2038,25,1229456.0
2038,26,1242370.0
2038,27,1254544.5
2038,28,1262546.5
2038,29,1270791.0
2038,30,1274668.0
2038,31,1265995.0
2038,32,1242245.5
2038,33,1230043.5
2038,34,1229257.0
2038,35,1217317.0
2038,36,1205361.5
2038,37,1194020.5
2038,38,1174179.0
2038,39,1158653.5
2038,40,1150693.0
2038,41,1145125.0
2038,42,1141867.0
2038,43,1153188.0
2038,44,1153454.5
2038,45,1146909.0
2038,46,1164460.0
2038,47,1171616.5
2038,48,1185853.0
2038,49,1225386.5
2038,50,1264941.0
2038,51,1292647.5
2038,52,1327041.5
2038,53,1374079.0
2038,54,1408075.5
2038,55,1417621.0
2038,56,1428517.0
2038,57,1467421.0
2038,58,1524512.5
2038,59,1582084.0
2038,60,1632165.5
2038,61,1688878.0
2038,62,1764320.5
2038,63,1863759.0
2038,64,1947154.0
2038,65,1941350.0
2038,66,1887987.5
2038,67,1827225.5
2038,68,1748836.5
2038,69,1680740.5
2038,70,1658811.0
2038,71,1453727.0
2038,72,1395066.0
2038,73,1499720.0
2038,74,1418296.5
2038,75,1357093.0
2038,76,1317961.5
2038,77,1295151.5
2038,78,1277895.0
2038,79,1252046.0
2038,80,1186224.5
2038,81,1151274.0
2038,82,1164985.0
2038,83,1134980.0
2038,84,1105348.5
2038,85,1115172.5
2038,86,1117891.0
2038,87,1112581.0
2038,88,1081393.5
2038,89,1055483.5
2038,90,997926.0
2038,91,863138.0
2038,92,611305.0
2038,93,429156.0
2038,94,414606.5
2038,95,372055.0
2038,96,299563.0
2038,97,236489.5
2038,98,171251.0
2038,99,112684.5
2039,0,789746.0
2039,1,788968.5
2039,2,787253.0
2039,3,785268.0
2039,4,782465.0
2039,5,778980.5
2039,6,776040.0
2039,7,773417.0
2039,8,771026.5
2039,9,769323.5
2039,10,767953.0
2039,11,767787.5
2039,12,768728.0
2039,13,771038.0
2039,14,774841.5
2039,15,777469.0
2039,16,799089.5
2039,17,836325.5
2039,18,876220.0
2039,19,923995.5
2039,20,985463.5
2039,21,1051527.5
2039,22,1108950.5
2039,23,1161333.0
2039,24,1189240.5
2039,25,1208407.0
2039,26,1229247.5
2039,27,1238929.0
2039,28,1249199.5
2039,29,1256250.5
2039,30,1264176.0
2039,31,1268125.5
2039,32,1259751.0
2039,33,1236411.5
2039,34,1224654.0
2039,35,1224312.5
2039,36,1212810.0
2039,37,1201264.5
2039,38,1190294.0
2039,39,1170779.0
2039,40,1155532.5
2039,41,1147811.5
2039,42,1142456.5
2039,43,1139379.0
2039,44,1150830.5
2039,45,1151196.0
2039,46,1144722.5
2039,47,1162295.5
2039,48,1169450.0
2039,49,1183646.5
2039,50,1223089.5
2039,51,1262529.0
2039,52,1290089.0
2039,53,1324275.5
2039,54,1371074.0
2039,55,1404836.0
2039,56,1414152.0
2039,57,1424773.0
2039,58,1463292.5
2039,59,1519884.5
2039,60,1576872.0
2039,61,1626322.0
2039,62,1682293.5
2039,63,1756814.0
2039,64,1855095.5
2039,65,1937266.5
2039,66,1930535.5
2039,67,1876397.0
2039,68,1814932.0
2039,69,1736016.5
2039,70,1667293.5
2039,71,1644319.5
2039,72,1439918.5
2039,73,1380614.5
2039,74,1482717.0
2039,75,1400543.5
2039,76,1338011.0
2039,77,1297385.5
2039,78,1272502.0
2039,79,1252588.5
2039,80,1223811.0
2039,81,1155736.0
2039,82,1117428.5
2039,83,1125683.0
2039,84,1090913.0
2039,85,1056052.5
2039,86,1058139.5
2039,87,1052178.0
2039,88,1037580.0
2039,89,998458.0
2039,90,963445.5
2039,91,898949.5
2039,92,766253.0
2039,93,533899.5
2039,94,367916.0
2039,95,348230.0
2039,96,305340.5
2039,97,239641.5
2039,98,183970.0
2039,99,129217.5
2040,0,791150.5
2040,1,792195.5
2040,2,791279.0
2040,3,789415.5
2040,4,787257.5
2040,5,784292.0
2040,6,780660.0
2040,7,777585.0
2040,8,774840.0
2040,9,772340.5
2040,10,770537.0
2040,11,769074.0
2040,12,768824.0
2040,13,769687.5
2040,14,772009.0
2040,15,776439.5
2040,16,781524.5
2040,17,808191.5
2040,18,852214.5
2040,19,898731.5
2040,20,951031.5
2040,21,1013332.5
2040,22,1076048.5
2040,23,1127158.0
2040,24,1172338.5
2040,25,1193840.0
2040,26,1208171.5
2040,27,1225799.5
2040,28,1233592.0
2040,29,1242919.5
2040,30,1249656.5
2040,31,1257656.0
2040,32,1261900.0
2040,33,1253930.5
2040,34,1231038.0
2040,35,1219730.0
2040,36,1219820.5
2040,37,1208726.0
2040,38,1197550.5
2040,39,1186901.5
2040,40,1167666.0
2040,41,1152663.5
2040,42,1145157.0
2040,43,1139983.5
2040,44,1137048.0
2040,45,1148591.0
2040,46,1149024.5
2040,47,1142597.0
2040,48,1160160.5
2040,49,1167288.5
2040,50,1181434.5
2040,51,1220770.5
2040,52,1260054.0
2040,53,1287427.5
2040,54,1321409.0
2040,55,1367959.5
2040,56,1401448.5
2040,57,1410503.0
2040,58,1420830.5
2040,59,1458922.0
2040,60,1514958.5
2040,61,1571320.0
2040,62,1620091.0
2040,63,1675263.0
2040,64,1748802.0
2040,65,1845849.5
2040,66,1926663.0
2040,67,1918891.0
2040,68,1863991.0
2040,69,1801873.0
2040,70,1722396.0
2040,71,1652994.0
2040,72,1628966.0
2040,73,1425312.0
2040,74,1365237.5
2040,75,1464509.0
2040,76,1381221.5
2040,77,1317517.0
2040,78,1275116.5
2040,79,1247755.5
2040,80,1224824.0
2040,81,1192865.5
2040,82,1122341.5
2040,83,1080351.5
2040,84,1082628.5
2040,85,1042917.0
2040,86,1002807.5
2040,87,996795.5
2040,88,982166.0
2040,89,958739.0
2040,90,912171.5
2040,91,868897.0
2040,92,799112.5
2040,93,670164.5
2040,94,458425.0
2040,95,309399.5
2040,96,286192.5
2040,97,244673.5
2040,98,186734.5
2040,99,139052.0
2041,0,790669.5
2041,1,793515.0
2041,2,794426.0
2041,3,793368.5
2041,4,791337.0
2041,5,789022.5
2041,6,785914.5
2041,7,782151.5
2041,8,778959.0
2041,9,776109.5
2041,10,773512.5
2041,11,771620.5
2041,12,770075.0
2041,13,769750.0
2041,14,770627.5
2041,15,773572.5
2041,16,780440.5
2041,17,790534.0
2041,18,823934.0
2041,19,874524.5
2041,20,925528.0
2041,21,978648.5
2041,22,1037614.0
2041,23,1094046.0
2041,24,1137990.5
2041,25,1176796.5
2041,26,1193493.5
2041,27,1204637.0
2041,28,1220392.0
2041,29,1227255.5
2041,30,1236278.0
2041,31,1243096.5
2041,32,1251396.0
2041,33,1256045.5
2041,34,1248522.0
2041,35,1226087.0
2041,36,1215217.0
2041,37,1215714.0
2041,38,1204991.0
2041,39,1194139.5
2041,40,1183767.5
2041,41,1164779.5
2041,42,1149997.0
2041,43,1142675.5
2041,44,1137647.5
2041,45,1134817.5
2041,46,1146421.5
2041,47,1146897.5
2041,48,1140489.5
2041,49,1158018.0
2041,50,1165110.5
2041,51,1179193.5
2041,52,1218382.0
2041,53,1257470.5
2041,54,1284659.0
2041,55,1318431.0
2041,56,1364694.5
2041,57,1397875.0
2041,58,1406651.0
2041,59,1416647.5
2041,60,1454260.0
2041,61,1509702.0
2041,62,1565390.5
2041,63,1613428.0
2041,64,1667749.0
2041,65,1740240.5
2041,66,1835921.5
2041,67,1915231.5
2041,68,1906412.5
2041,69,1850798.5
2041,70,1787983.5
2041,71,1707895.0
2041,72,1637829.0
2041,73,1612707.5
2041,74,1409751.5
2041,75,1348752.0
2041,76,1444686.5
2041,77,1360449.5
2041,78,1295313.0
2041,79,1250756.0
2041,80,1220570.5
2041,81,1194353.0
2041,82,1158920.5
2041,83,1085698.5
2041,84,1039665.5
2041,85,1035655.5
2041,86,990992.0
2041,87,945429.5
2041,88,931312.0
2041,89,908429.5
2041,90,876587.5
2041,91,823389.5
2041,92,773338.5
2041,93,699871.5
2041,94,576252.0
2041,95,386129.5
2041,96,254604.5
2041,97,229661.5
2041,98,190980.0
2041,99,141378.5
2042,0,788889.0
2042,1,793067.0
2042,2,795773.5
2042,3,796541.0
2042,4,795312.5
2042,5,793123.0
2042,6,790664.0
2042,7,787423.0
2042,8,783542.0
2042,9,780243.5
2042,10,777295.5
2042,11,774609.0
2042,12,772633.0
2042,13,771012.5
2042,14,770700.5
2042,15,772197.5
2042,16,777566.0
2042,17,789416.0
2042,18,806207.5
2042,19,846142.5
2042,20,901197.0
2042,21,953022.5
2042,22,1002839.0
2042,23,1055570.5
2042,24,1104889.0
2042,25,1142505.0
2042,26,1176534.5
2042,27,1190062.5
2042,28,1199343.5
2042,29,1214170.0
2042,30,1220726.5
2042,31,1229824.5
2042,32,1236937.5
2042,33,1245634.0
2042,34,1250720.0
2042,35,1243641.0
2042,36,1221642.0
2042,37,1211177.5
2042,38,1212035.5
2042,39,1201632.0
2042,40,1191053.5
2042,41,1180920.0
2042,42,1162151.5
2042,43,1147555.0
2042,44,1140380.0
2042,45,1135458.0
2042,46,1132700.5
2042,47,1144337.5
2042,48,1144825.5
2042,49,1138411.5
2042,50,1155892.5
2042,51,1162936.0
2042,52,1176916.5
2042,53,1215920.5
2042,54,1254810.5
2042,55,1281811.0
2042,56,1315334.0
2042,57,1361273.0
2042,58,1394124.5
2042,59,1402585.0
2042,60,1412205.5
2042,61,1449305.0
2042,62,1504104.5
2042,63,1559067.5
2042,64,1606322.0
2042,65,1659733.5
2042,66,1731058.5
2042,67,1825228.0
2042,68,1902991.0
2042,69,1893153.0
2042,70,1836777.0
2042,71,1773205.5
2042,72,1692526.0
2042,73,1621777.0
2042,74,1595399.0
2042,75,1393071.0
2042,76,1330773.5
2042,77,1423357.0
2042,78,1337921.0
2042,79,1270993.5
2042,80,1223959.0
2042,81,1190695.5
2042,82,1160880.5
2042,83,1121619.0
2042,84,1045421.0
2042,85,995197.5
2042,86,984754.0
2042,87,934938.5
2042,88,884064.0
2042,89,862213.0
2042,90,831446.0
2042,91,791931.5
2042,92,733521.0
2042,93,678154.0
2042,94,602657.5
2042,95,486098.0
2042,96,318268.0
2042,97,204581.0
2042,98,179525.0
2042,99,144840.0
2043,0,786632.0
2043,1,791371.5
2043,2,795401.5
2043,3,797956.5
2043,4,798546.5
2043,5,797155.0
2043,6,794816.5
2043,7,792220.5
2043,8,788858.0
2043,9,784867.0
2043,10,781467.5
2043,11,778426.5
2043,12,775653.5
2043,13,773601.5
2043,14,771991.5
2043,15,772295.0
2043,16,776204.0
2043,17,786533.5
2043,18,805053.5
2043,19,828357.0
2043,20,872742.5
2043,21,928627.5
2043,22,977186.0
2043,23,1020827.5
2043,24,1066505.5
2043,25,1109543.0
2043,26,1142415.5
2043,27,1173290.0
2043,28,1184960.0
2043,29,1193312.0
2043,30,1207821.5
2043,31,1214444.5
2043,32,1223823.5
2043,33,1231323.0
2043,34,1240443.0
2043,35,1245958.0
2043,36,1239299.5
2043,37,1217701.0
2043,38,1207594.5
2043,39,1208759.5
2043,40,1198622.0
2043,41,1188277.0
2043,42,1178352.0
2043,43,1159767.0
2043,44,1145319.0
2043,45,1138248.0
2043,46,1133398.0
2043,47,1130687.0
2043,48,1142323.5
2043,49,1142798.0
2043,50,1136367.0
2043,51,1153786.5
2043,52,1160742.5
2043,53,1174586.5
2043,54,1213401.0
2043,55,1252087.5
2043,56,1278862.0
2043,57,1312102.0
2043,58,1357694.5
2043,59,1390177.0
2043,60,1398278.0
2043,61,1407496.0
2043,62,1444040.5
2043,63,1498148.0
2043,64,1552336.0
2043,65,1598755.5
2043,66,1651151.0
2043,67,1721182.5
2043,68,1813793.0
2043,69,1890002.0
2043,70,1879078.0
2043,71,1821876.5
2043,72,1757561.0
2043,73,1676277.0
2043,74,1604705.0
2043,75,1576858.5
2043,76,1374889.0
2043,77,1311435.5
2043,78,1400227.5
2043,79,1313245.0
2043,80,1244238.5
2043,81,1194505.0
2043,82,1157866.0
2043,83,1124081.0
2043,84,1080592.0
2043,85,1001364.5
2043,86,946972.5
2043,87,929752.5
2043,88,874931.0
2043,89,819238.0
2043,90,789977.0
2043,91,752002.5
2043,92,706154.5
2043,93,643896.5
2043,94,584749.5
2043,95,509151.0
2043,96,401295.5
2043,97,256179.50000000003
2043,98,160141.5
2043,99,136360.5
2044,0,783137.5
2044,1,789114.5
2044,2,793704.5
2044,3,797581.0
2044,4,799959.0
2044,5,800386.0
2044,6,798845.5
2044,7,796370.5
2044,8,793653.5
2044,9,790180.5
2044,10,786089.0
2044,11,782596.5
2044,12,779470.0
2044,13,776621.0
2044,14,774578.5
2044,15,773580.5
2044,16,776281.0
2044,17,785121.0
2044,18,802080.0
2044,19,827071.0
2044,20,854801.5
2044,21,900017.5
2044,22,952657.5
2044,23,995084.0
2044,24,1031721.0
2044,25,1071161.0
2044,26,1109485.5
2044,27,1139223.5
2044,28,1168247.0
2044,29,1178992.0
2044,30,1187030.0
2044,31,1201602.5
2044,32,1208504.5
2044,33,1218266.5
2044,34,1226186.0
2044,35,1235731.0
2044,36,1241658.5
2044,37,1235391.5
2044,38,1214152.5
2044,39,1204354.5
2044,40,1205779.5
2044,41,1195873.0
2044,42,1185734.0
2044,43,1175986.0
2044,44,1157550.0
2044,45,1143210.0
2044,46,1136214.5
2044,47,1131412.0
2044,48,1128717.0
2044,49,1140329.5
2044,50,1140780.0
2044,51,1134321.5
2044,52,1151641.5
2044,53,1158478.0
2044,54,1172186.5
2044,55,1210806.0
2044,56,1249252.5
2044,57,1275769.0
2044,58,1308707.5
2044,59,1353913.5
2044,60,1385979.5
2044,61,1393696.0
2044,62,1402478.5
2044,63,1438424.0
2044,64,1491794.5
2044,65,1545156.0
2044,66,1590640.0
2044,67,1641906.0
2044,68,1710610.0
2044,69,1801647.5
2044,70,1876201.5
2044,71,1864109.0
2044,72,1806090.0
2044,73,1741009.5
2044,74,1658980.0
2044,75,1586403.5
2044,76,1556666.0
2044,77,1355324.0
2044,78,1290457.0
2044,79,1374877.0
2044,80,1286079.5
2044,81,1214808.0
2044,82,1162108.5
2044,83,1121736.0
2044,84,1083560.0
2044,85,1035663.5
2044,86,953524.0
2044,87,894786.5
2044,88,870784.5
2044,89,811453.5
2044,90,751358.5
2044,91,715302.5
2044,92,671366.5
2044,93,620489.5
2044,94,555812.0
2044,95,494726.5
2044,96,420996.0
2044,97,323532.0
2044,98,200890.0
2044,99,121812.0
2045,0,778753.5
2045,1,785556.0
2045,2,791388.0
2045,3,795828.0
2045,4,799533.5
2045,5,801752.0
2045,6,802033.5
2045,7,800360.0
2045,8,797767.0
2045,9,794942.0
2045,10,791371.0
2045,11,787189.5
2045,12,783613.5
2045,13,780412.5
2045,14,777574.0
2045,15,776139.5
2045,16,777521.5
2045,17,785116.0
2045,18,800534.5
2045,19,823914.5
2045,20,853298.5
2045,21,881850.0
2045,22,923837.0
2045,23,970375.5
2045,24,1005837.0
2045,25,1036275.0
2045,26,1071032.5
2045,27,1106243.0
2045,28,1134146.5
2045,29,1162251.5
2045,30,1172690.0
2045,31,1180798.0
2045,32,1195651.0
2045,33,1202939.5
2045,34,1213123.5
2045,35,1221470.5
2045,36,1231428.5
2045,37,1237744.5
2045,38,1231831.0
2045,39,1210907.0
2045,40,1201375.0
2045,41,1203026.5
2045,42,1193326.5
2045,43,1183365.5
2045,44,1173760.5
2045,45,1155436.5
2045,46,1141178.5
2045,47,1134233.5
2045,48,1129452.0
2045,49,1126751.5
2045,50,1138329.0
2045,51,1138745.5
2045,52,1132225.5
2045,53,1149414.5
2045,54,1156135.0
2045,55,1169705.5
2045,56,1208095.0
2045,57,1246269.0
2045,58,1272511.0
2045,59,1305111.5
2045,60,1349883.0
2045,61,1381504.0
2045,62,1388805.5
2045,63,1397117.5
2045,64,1432427.0
2045,65,1485008.5
2045,66,1537445.5
2045,67,1581889.0
2045,68,1632000.0
2045,69,1699372.0
2045,70,1788734.5
2045,71,1861517.5
2045,72,1848241.5
2045,73,1789381.5
2045,74,1723381.0
2045,75,1640428.0
2045,76,1566463.0
2045,77,1534929.5
2045,78,1334089.0
2045,79,1267453.0
2045,80,1346949.0
2045,81,1256174.0
2045,82,1182406.5
2045,83,1126418.0
2045,84,1081905.5
2045,85,1039131.0
2045,86,986818.5
2045,87,901678.0
2045,88,838750.0
2045,89,808317.5
2045,90,744891.0
2045,91,681071.5
2045,92,639375.5
2045,93,590683.5
2045,94,536170.5
2045,95,470784.5
2045,96,409678.0
2045,97,339974.0
2045,98,254127.0
2045,99,153087.5
2046,0,773133.0
2046,1,781133.5
2046,2,787792.5
2046,3,793477.0
2046,4,797748.5
2046,5,801296.0
2046,6,803372.0
2046,7,803522.5
2046,8,801733.0
2046,9,799033.5
2046,10,796112.5
2046,11,792453.0
2046,12,788189.0
2046,13,784540.5
2046,14,781350.0
2046,15,779116.5
2046,16,780045.5
2046,17,786286.5
2046,18,800413.0
2046,19,822208.0
2046,20,849949.0
2046,21,880144.5
2046,22,905488.5
2046,23,941410.5
2046,24,981025.5
2046,25,1010325.5
2046,26,1036113.0
2046,27,1067778.0
2046,28,1101167.5
2046,29,1128162.0
2046,30,1155961.5
2046,31,1166471.5
2046,32,1174863.0
2046,33,1190102.0
2046,34,1197813.0
2046,35,1208423.5
2046,36,1217184.0
2046,37,1227528.5
2046,38,1234193.5
2046,39,1228589.0
2046,40,1207935.0
2046,41,1198635.5
2046,42,1200487.0
2046,43,1190964.5
2046,44,1181147.0
2046,45,1171647.5
2046,46,1153407.5
2046,47,1139207.5
2046,48,1132287.5
2046,49,1127504.0
2046,50,1124788.5
2046,51,1136319.5
2046,52,1136667.5
2046,53,1130057.5
2046,54,1147116.0
2046,55,1153718.0
2046,56,1167119.0
2046,57,1205247.5
2046,58,1243131.5
2046,59,1269064.0
2046,60,1301281.5
2046,61,1345589.0
2046,62,1376729.5
2046,63,1383582.0
2046,64,1391394.5
2046,65,1426021.5
2046,66,1477721.5
2046,67,1529129.5
2046,68,1572510.0
2046,69,1621468.5
2046,70,1687421.0
2046,71,1774990.5
2046,72,1845946.5
2046,73,1831442.0
2046,74,1771577.5
2046,75,1704462.5
2046,76,1620209.0
2046,77,1544978.5
2046,78,1511313.5
2046,79,1310773.0
2046,80,1242081.5
2046,81,1316162.0
2046,82,1223202.0
2046,83,1146656.0
2046,84,1087007.0
2046,85,1038161.5
2046,86,990753.0
2046,87,933792.5
2046,88,845903.5
2046,89,779283.5
2046,90,742699.5
2046,91,675850.0
2046,92,609472.5
2046,93,563246.0
2046,94,511097.5
2046,95,454644.0
2046,96,390313.0
2046,97,331338.0
2046,98,267489.0
2046,99,193979.5
2047,0,765162.0
2047,1,775538.5
2047,2,783390.5
2047,3,789899.5
2047,4,795412.5
2047,5,799525.0
2047,6,802929.0
2047,7,804873.0
2047,8,804906.5
2047,9,803009.0
2047,10,800213.5
2047,11,797202.5
2047,12,793460.5
2047,13,789123.5
2047,14,785484.5
2047,15,782896.0
2047,16,783011.5
2047,17,788773.5
2047,18,801511.0
2047,19,821979.5
2047,20,848112.0
2047,21,876665.5
2047,22,903679.5
2047,23,923007.0
2047,24,952057.0
2047,25,985551.5
2047,26,1010232.0
2047,27,1032947.5
2047,28,1062801.5
2047,29,1095284.0
2047,30,1121971.5
2047,31,1149834.5
2047,32,1160623.5
2047,33,1169396.5
2047,34,1185050.0
2047,35,1193183.5
2047,36,1204202.0
2047,37,1213345.0
2047,38,1224033.5
2047,39,1230998.5
2047,40,1225654.0
2047,41,1205234.5
2047,42,1196139.5
2047,43,1198159.5
2047,44,1188778.0
2047,45,1179064.5
2047,46,1169641.0
2047,47,1151461.0
2047,48,1137292.0
2047,49,1130373.0
2047,50,1125577.5
2047,51,1122836.0
2047,52,1134285.5
2047,53,1134535.5
2047,54,1127837.0
2047,55,1144761.5
2047,56,1151215.0
2047,57,1164419.5
2047,58,1202270.5
2047,59,1239827.5
2047,60,1265408.0
2047,61,1297217.5
2047,62,1341022.5
2047,63,1371646.0
2047,64,1378022.0
2047,65,1385299.0
2047,66,1419160.0
2047,67,1469879.0
2047,68,1520236.5
2047,69,1562560.5
2047,70,1610291.0
2047,71,1674723.0
2047,72,1760442.5
2047,73,1829490.5
2047,74,1813572.0
2047,75,1752501.0
2047,76,1683877.5
2047,77,1598446.0
2047,78,1521656.0
2047,79,1485400.0
2047,80,1285071.5
2047,81,1214121.5
2047,82,1282228.5
2047,83,1186827.5
2047,84,1107177.0
2047,85,1043718.0
2047,86,990520.5
2047,87,938214.5
2047,88,876727.0
2047,89,786682.0
2047,90,716769.5
2047,91,674586.5
2047,92,605472.0
2047,93,537603.0
2047,94,488053.5
2047,95,434040.5
2047,96,377407.0
2047,97,316107.0
2047,98,261135.49999999997
2047,99,204555.5
2048,0,756219.5
2048,1,767598.0
2048,2,777821.0
2048,3,785519.0
2048,4,791855.0
2048,5,797208.0
2048,6,801175.0
2048,7,804446.0
2048,8,806270.5
2048,9,806196.0
2048,10,804201.5
2048,11,801314.5
2048,12,798220.5
2048,13,794404.5
2048,14,790076.0
2048,15,787035.0
2048,16,786783.0
2048,17,791706.0
2048,18,803930.0
2048,19,822976.0
2048,20,847761.0
2048,21,874707.5
2048,22,900107.0
2048,23,921149.0
2048,24,933656.5
2048,25,956631.0
2048,26,985535.5
2048,27,1007161.5
2048,28,1028077.0
2048,29,1057027.5
2048,30,1089200.5
2048,31,1115948.0
2048,32,1144079.5
2048,33,1155242.0
2048,34,1164426.5
2048,35,1180494.5
2048,36,1189031.5
2048,37,1200427.0
2048,38,1209910.5
2048,39,1220894.0
2048,40,1228111.0
2048,41,1222989.5
2048,42,1202779.0
2048,43,1193856.0
2048,44,1196008.5
2048,45,1186729.5
2048,46,1177091.0
2048,47,1167718.0
2048,48,1149571.5
2048,49,1135410.0
2048,50,1128483.5
2048,51,1123665.0
2048,52,1120864.0
2048,53,1132201.0
2048,54,1132354.0
2048,55,1125567.0
2048,56,1142326.5
2048,57,1148607.0
2048,58,1161602.5
2048,59,1199139.0
2048,60,1236327.0
2048,61,1261533.5
2048,62,1292899.5
2048,63,1336166.5
2048,64,1366240.0
2048,65,1372106.0
2048,66,1378775.0
2048,67,1411781.5
2048,68,1461500.5
2048,69,1510811.0
2048,70,1552009.5
2048,71,1598425.5
2048,72,1661296.0
2048,73,1745080.5
2048,74,1811998.5
2048,75,1794435.5
2048,76,1731753.0
2048,77,1661727.5
2048,78,1574824.0
2048,79,1496063.5
2048,80,1456825.0
2048,81,1256741.5
2048,82,1183299.0
2048,83,1244770.0
2048,84,1146629.5
2048,85,1063778.0
2048,86,996533.5
2048,87,938727.5
2048,88,881610.0
2048,89,816067.0
2048,90,724341.5
2048,91,651785.0
2048,92,605056.0
2048,93,534721.5
2048,94,466491.0
2048,95,415110.5
2048,96,360887.0
2048,97,306069.0
2048,98,249493.5
2048,99,200048.0
2049,0,746455.0
2049,1,758674.0
2049,2,769896.5
2049,3,779962.0
2049,4,787487.0
2049,5,793661.0
2049,6,798867.0
2049,7,802700.5
2049,8,805851.0
2049,9,807568.5
2049,10,807395.0
2049,11,805309.0
2049,12,802339.0
2049,13,799170.5
2049,14,795362.5
2049,15,791628.0
2049,16,790910.5
2049,17,795438.0
2049,18,806788.0
2049,19,825285.5
2049,20,848626.0
2049,21,874223.5
2049,22,898041.5
2049,23,917511.0
2049,24,931780.0
2049,25,938257.0
2049,26,956673.0
2049,27,982540.5
2049,28,1002377.0
2049,29,1022394.5
2049,30,1051036.0
2049,31,1083264.0
2049,32,1110275.5
2049,33,1138771.0
2049,34,1150340.5
2049,35,1159936.5
2049,36,1176401.5
2049,37,1185312.0
2049,38,1197044.0
2049,39,1206820.0
2049,40,1218052.5
2049,41,1225484.5
2049,42,1220561.0
2049,43,1200527.5
2049,44,1191742.5
2049,45,1193989.5
2049,46,1184783.0
2049,47,1175194.5
2049,48,1165846.0
2049,49,1147710.0
2049,50,1133549.0
2049,51,1126603.0
2049,52,1121728.5
2049,53,1118840.0
2049,54,1130064.5
2049,55,1130119.0
2049,56,1123215.5
2049,57,1139785.0
2049,58,1145880.0
2049,59,1158635.5
2049,60,1195817.5
2049,61,1232611.5
2049,62,1257410.5
2049,63,1288302.0
2049,64,1330995.5
2049,65,1360480.0
2049,66,1365764.5
2049,67,1371749.5
2049,68,1403888.0
2049,69,1452607.5
2049,70,1500803.0
2049,71,1540794.5
2049,72,1585862.5
2049,73,1647097.0
2049,74,1728728.0
2049,75,1793238.5
2049,76,1773589.0
2049,77,1709393.5
2049,78,1637644.5
2049,79,1548853.5
2049,80,1467789.0
2049,81,1425271.5
2049,82,1225437.0
2049,83,1149205.5
2049,84,1203278.5
2049,85,1102338.5
2049,86,1016363.5
2049,87,945110.0
2049,88,882789.5
2049,89,821300.0
2049,90,752062.5
2049,91,659370.0
2049,92,585279.0
2049,93,534979.0
2049,94,464539.0
2049,95,397318.0
2049,96,345663.0
2049,97,293127.5
2049,98,241881.0
2049,99,191390.0
2050,0,735771.0
2050,1,748925.0
2050,2,760985.0
2050,3,772046.5
2050,4,781938.5
2050,5,789300.0
2050,6,795327.0
2050,7,800399.0
2050,8,804111.5
2050,9,807154.0
2050,10,808771.5
2050,11,808507.0
2050,12,806337.5
2050,13,803293.0
2050,14,800132.0
2050,15,796913.5
2050,16,795489.0
2050,17,799524.0
2050,18,810443.5
2050,19,828032.0
2050,20,850800.5
2050,21,874951.5
2050,22,897445.0
2050,23,915375.0
2050,24,928118.5
2050,25,936397.0
2050,26,938347.5
2050,27,953748.0
2050,28,977834.0
2050,29,996776.5
2050,30,1016487.0
2050,31,1045181.5
2050,32,1077668.5
2050,33,1105040.0
2050,34,1133933.5
2050,35,1145909.0
2050,36,1155900.5
2050,37,1172733.0
2050,38,1181978.0
2050,39,1193999.0
2050,40,1204022.5
2050,41,1215467.0
2050,42,1223089.5
2050,43,1218332.5
2050,44,1198441.5
2050,45,1189757.5
2050,46,1192068.0
2050,47,1182910.5
2050,48,1173346.5
2050,49,1163998.5
2050,50,1145866.0
2050,51,1131694.0
2050,52,1124697.5
2050,53,1119739.5
2050,54,1116764.5
2050,55,1127874.0
2050,56,1127801.5
2050,57,1120760.0
2050,58,1137125.5
2050,59,1143006.5
2050,60,1155486.5
2050,61,1192288.5
2050,62,1228655.0
2050,63,1253017.0
2050,64,1283402.5
2050,65,1325481.5
2050,66,1354300.5
2050,67,1358930.0
2050,68,1364227.0
2050,69,1395504.0
2050,70,1443160.0
2050,71,1490157.0
2050,72,1528912.0
2050,73,1572567.0
2050,74,1631971.0
2050,75,1711175.5
2050,76,1772777.0
2050,77,1751102.5
2050,78,1685057.5
2050,79,1611134.0
2050,80,1520123.0
2050,81,1436525.0
2050,82,1390354.0
2050,83,1190751.0
2050,84,1111386.0
2050,85,1157483.5
2050,86,1053869.0
2050,87,964597.0
2050,88,889471.5
2050,89,823084.5
2050,90,757551.0
2050,91,685240.0
2050,92,592751.0
2050,93,518114.00000000006
2050,94,465325.5
2050,95,396139.5
2050,96,331316.0
2050,97,281191.0
2050,98,232021.0
2050,99,185794.0
2051,0,724583.0
2051,1,738268.5
2051,2,751258.5
2051,3,763154.5
2051,4,774040.5
2051,5,783768.0
2051,6,790981.0
2051,7,796872.0
2051,8,801822.5
2051,9,805425.5
2051,10,808368.0
2051,11,809893.5
2051,12,809544.5
2051,13,807300.0
2051,14,804261.5
2051,15,801686.5
2051,16,800765.5
2051,17,804069.0
2051,18,814461.5
2051,19,831586.5
2051,20,853424.5
2051,21,877004.5
2051,22,898077.5
2051,23,914726.5
2051,24,925977.5
2051,25,932772.0
2051,26,936552.5
2051,27,935509.5
2051,28,949138.0
2051,29,972332.0
2051,30,990966.5
2051,31,1010727.5
2051,32,1039678.0
2051,33,1072518.0
2051,34,1100282.5
2051,35,1129572.0
2051,36,1141937.0
2051,37,1152294.5
2051,38,1169454.5
2051,39,1178987.0
2051,40,1191251.5
2051,41,1201486.0
2051,42,1213117.5
2051,43,1220897.0
2051,44,1216272.0
2051,45,1196487.5
2051,46,1187875.0
2051,47,1190225.5
2051,48,1181090.5
2051,49,1171527.0
2051,50,1162172.0
2051,51,1144031.5
2051,52,1129819.5
2051,53,1122743.5
2051,54,1117704.0
2051,55,1114641.5
2051,56,1125606.5
2051,57,1125386.0
2051,58,1118196.0
2051,59,1134327.0
2051,60,1139961.0
2051,61,1152145.5
2051,62,1188536.5
2051,63,1224443.5
2051,64,1248340.5
2051,65,1278184.0
2051,66,1319571.5
2051,67,1347645.0
2051,68,1351618.0
2051,69,1356245.5
2051,70,1386605.0
2051,71,1433118.5
2051,72,1478887.0
2051,73,1516347.0
2051,74,1558414.0
2051,75,1615744.5
2051,76,1692017.0
2051,77,1750713.5
2051,78,1726635.0
2051,79,1658270.0
2051,80,1581804.5
2051,81,1488349.5
2051,82,1401918.0
2051,83,1351651.5
2051,84,1152248.0
2051,85,1069617.5
2051,86,1107331.5
2051,87,1000902.0
2051,88,908528.5
2051,89,830022.5
2051,90,759901.5
2051,91,690915.5
2051,92,616641.5
2051,93,525367.0
2051,94,451240.5
2051,95,397329.0
2051,96,330767.5
2051,97,269924.5
2051,98,222930.0
2051,99,178514.5
2052,0,713330.5
2052,1,726986.5
2052,2,740513.5
2052,3,753347.0
2052,4,765073.5
2052,5,775801.5
2052,6,785385.5
2052,7,792467.5
2052,8,798242.0
2052,9,803087.0
2052,10,806594.0
2052,11,809447.5
2052,12,810891.5
2052,13,810470.0
2052,14,808233.5
2052,15,805778.5
2052,16,805482.5
2052,17,809250.0
2052,18,818857.0
2052,19,835403.0
2052,20,856739.0
2052,21,879373.5
2052,22,899882.0
2052,23,915134.0
2052,24,925135.5
2052,25,930468.5
2052,26,932792.0
2052,27,933600.0
2052,28,930806.5
2052,29,943559.5
2052,30,966455.0
2052,31,985149.5
2052,32,1005176.0
2052,33,1034487.0
2052,34,1067724.5
2052,35,1095891.5
2052,36,1125569.5
2052,37,1138303.5
2052,38,1148994.0
2052,39,1166443.0
2052,40,1176223.5
2052,41,1188701.5
2052,42,1199126.0
2052,43,1210916.5
2052,44,1218824.5
2052,45,1214297.5
2052,46,1194595.0
2052,47,1186033.5
2052,48,1188398.5
2052,49,1179265.5
2052,50,1169696.5
2052,51,1160324.0
2052,52,1142150.0
2052,53,1127870.0
2052,54,1120719.5
2052,55,1115598.5
2052,56,1112422.5
2052,57,1123221.5
2052,58,1122841.5
2052,59,1115477.0
2052,60,1131341.5
2052,61,1136711.0
2052,62,1148577.0
2052,63,1184526.0
2052,64,1219946.0
2052,65,1243344.0
2052,66,1272575.0
2052,67,1313191.0
2052,68,1340512.5
2052,69,1343848.0
2052,70,1347761.5
2052,71,1377135.5
2052,72,1422478.0
2052,73,1466961.5
2052,74,1502963.0
2052,75,1543221.0
2052,76,1598013.5
2052,77,1671365.5
2052,78,1726711.5
2052,79,1699702.0
2052,80,1628631.5
2052,81,1549361.5
2052,82,1453165.5
2052,83,1363544.0
2052,84,1308659.0
2052,85,1109692.5
2052,86,1023853.0
2052,87,1052475.5
2052,88,943480.0
2052,89,848564.0
2052,90,767049.0
2052,91,693787.0
2052,92,622438.5
2052,93,547174.0
2052,94,458179.5
2052,95,385859.0
2052,96,332243.0
2052,97,269872.0
2052,98,214351.5
2052,99,171819.0
2053,0,702045.0
2053,1,715735.5
2053,2,729230.5
2053,3,742600.0
2053,4,755263.0
2053,5,766831.5
2053,6,777417.0
2053,7,786870.5
2053,8,793835.5
2053,9,799504.5
2053,10,804253.5
2053,11,807672.0
2053,12,810443.5
2053,13,811815.5
2053,14,811402.5
2053,15,809745.0
2053,16,809555.0
2053,17,813919.0
2053,18,823952.5
2053,19,839676.0
2053,20,860408.0
2053,21,882537.5
2053,22,902121.0
2053,23,916848.0
2053,24,925497.0
2053,25,929618.5
2053,26,930510.0
2053,27,929879.5
2053,28,928947.5
2053,29,925286.0
2053,30,937743.5
2053,31,960698.5
2053,32,979654.5
2053,33,1000042.5
2053,34,1029748.5
2053,35,1063384.5
2053,36,1091938.0
2053,37,1121976.0
2053,38,1135040.5
2053,39,1146020.5
2053,40,1163713.5
2053,41,1173708.5
2053,42,1186374.5
2053,43,1196959.5
2053,44,1208876.0
2053,45,1216874.0
2053,46,1212417.5
2053,47,1192774.0
2053,48,1184236.5
2053,49,1186594.0
2053,50,1177454.0
2053,51,1167869.0
2053,52,1158450.5
2053,53,1140213.5
2053,54,1125871.0
2053,55,1118644.5
2053,56,1113415.0
2053,57,1110105.0
2053,58,1120724.5
2053,59,1120158.5
2053,60,1112591.5
2053,61,1128169.0
2053,62,1133252.0
2053,63,1144774.0
2053,64,1180253.5
2053,65,1215148.5
2053,66,1237981.5
2053,67,1266526.0
2053,68,1306359.0
2053,69,1332937.0
2053,70,1335592.0
2053,71,1338735.0
2053,72,1367101.0
2053,73,1411216.5
2053,74,1454253.0
2053,75,1488585.0
2053,76,1526588.5
2053,77,1578870.5
2053,78,1648862.0
2053,79,1700242.0
2053,80,1669845.5
2053,81,1595783.5
2053,82,1513362.5
2053,83,1414067.5
2053,84,1320824.0
2053,85,1261040.5
2053,86,1062957.0
2053,87,973697.0
2053,88,992872.0
2053,89,881937.5
2053,90,784907.0
2053,91,701010.0
2053,92,625701.5
2053,93,552942.5
2053,94,477759.0
2053,95,392336.5
2053,96,323126.0
2053,97,271475.0
2053,98,214627.0
2053,99,165481.0
2054,0,690903.5
2054,1,704383.5
2054,2,717917.0
2054,3,731258.5
2054,4,744462.5
2054,5,756972.5
2054,6,768401.5
2054,7,778860.0
2054,8,788199.5
2054,9,795062.5
2054,10,800638.0
2054,11,805301.0
2054,12,808639.5
2054,13,811341.5
2054,14,812723.5
2054,15,812885.0
2054,16,813476.5
2054,17,817910.0
2054,18,828490.5
2054,19,844592.0
2054,20,864468.0
2054,21,885980.5
2054,22,905070.5
2054,23,918901.0
2054,24,927059.5
2054,25,929862.0
2054,26,929570.5
2054,27,927529.0
2054,28,925174.0
2054,29,923384.0
2054,30,919438.5
2054,31,931964.0
2054,32,955183.5
2054,33,974506.0
2054,34,995294.0
2054,35,1025403.0
2054,36,1059426.5
2054,37,1088342.5
2054,38,1118707.5
2054,39,1132062.5
2054,40,1143291.5
2054,41,1161199.0
2054,42,1171385.0
2054,43,1184212.0
2054,44,1194925.5
2054,45,1206932.5
2054,46,1214994.5
2054,47,1210586.5
2054,48,1190978.0
2054,49,1182445.0
2054,50,1184786.0
2054,51,1175631.0
2054,52,1166000.0
2054,53,1156508.0
2054,54,1138214.5
2054,55,1123808.0
2054,56,1116481.0
2054,57,1111124.5
2054,58,1107669.0
2054,59,1118082.5
2054,60,1117302.0
2054,61,1109516.5
2054,62,1124783.5
2054,63,1129559.0
2054,64,1140715.5
2054,65,1175690.5
2054,66,1209995.0
2054,67,1232192.5
2054,68,1260044.0
2054,69,1299099.0
2054,70,1324885.5
2054,71,1326806.5
2054,72,1329168.5
2054,73,1356481.0
2054,74,1399215.0
2054,75,1440600.0
2054,76,1472839.5
2054,77,1508640.5
2054,78,1558016.0
2054,79,1624047.0
2054,80,1670900.0
2054,81,1636753.5
2054,82,1559326.0
2054,83,1473341.5
2054,84,1370512.5
2054,85,1273472.5
2054,86,1208706.5
2054,87,1011676.5
2054,88,919145.0
2054,89,928913.0
2054,90,816518.0
2054,91,718051.0
2054,92,632897.0
2054,93,556481.5
2054,94,483371.5
2054,95,409608.5
2054,96,329021.0
2054,97,264421.5
2054,98,216222.5
2054,99,165938.5
2055,0,680600.0
2055,1,693162.5
2055,2,706489.5
2055,3,719875.5
2055,4,733057.5
2055,5,746113.5
2055,6,758488.0
2055,7,769795.0
2055,8,780143.5
2055,9,789384.5
2055,10,796157.0
2055,11,801649.5
2055,12,806235.5
2055,13,809506.5
2055,14,812220.0
2055,15,814172.5
2055,16,816565.5
2055,17,821742.5
2055,18,832340.5
2055,19,848939.0
2055,20,869156.5
2055,21,889798.0
2055,22,908281.5
2055,23,921644.0
2055,24,928940.5
2055,25,931285.5
2055,26,929702.5
2055,27,926499.5
2055,28,922750.0
2055,29,919549.5
2055,30,917484.5
2055,31,913618.0
2055,32,926416.5
2055,33,950006.0
2055,34,969733.0
2055,35,990930.5
2055,36,1021432.0
2055,37,1055820.0
2055,38,1085066.5
2055,39,1115719.0
2055,40,1129325.0
2055,41,1140774.0
2055,42,1158871.0
2055,43,1169222.0
2055,44,1182179.0
2055,45,1192987.0
2055,46,1205059.0
2055,47,1213163.0
2055,48,1208779.0
2055,49,1189186.5
2055,50,1180651.0
2055,51,1182966.5
2055,52,1173765.5
2055,53,1164063.5
2055,54,1154502.0
2055,55,1136152.5
2055,56,1121659.0
2055,57,1114212.5
2055,58,1108718.0
2055,59,1105094.5
2055,60,1115271.0
2055,61,1114259.5
2055,62,1106238.0
2055,63,1121172.5
2055,64,1125621.5
2055,65,1136386.0
2055,66,1170793.0
2055,67,1204436.0
2055,68,1225995.5
2055,69,1253164.0
2055,70,1291392.0
2055,71,1316327.5
2055,72,1317507.0
2055,73,1319057.0
2055,74,1345175.5
2055,75,1386335.5
2055,76,1425661.0
2055,77,1455865.5
2055,78,1489104.5
2055,79,1535035.5
2055,80,1596554.0
2055,81,1638392.0
2055,82,1600035.5
2055,83,1518800.0
2055,84,1428752.5
2055,85,1322223.5
2055,86,1221422.0
2055,87,1151251.5
2055,88,955867.5
2055,89,860584.5
2055,90,860872.5
2055,91,747757.0
2055,92,649036.5
2055,93,563577.0
2055,94,487105.0
2055,95,414986.5
2055,96,343987.0
2055,97,269679.5
2055,98,210956.0
2055,99,167448.0
2056,0,670461.5
2056,1,682864.5
2056,2,695271.5
2056,3,708450.5
2056,4,721675.5
2056,5,734709.0
2056,6,747630.5
2056,7,759882.5
2056,8,771080.0
2056,9,781329.0
2056,10,790479.5
2056,11,797169.5
2056,12,802585.0
2056,13,807103.0
2056,14,810385.5
2056,15,813665.5
2056,16,817835.5
2056,17,824785.5
2056,18,836088.5
2056,19,852667.5
2056,20,873357.0
2056,21,894337.0
2056,22,911972.5
2056,23,924769.0
2056,24,931644.0
2056,25,933166.5
2056,26,931155.0
2056,27,926680.0
2056,28,921779.5
2056,29,917189.0
2056,30,913714.5
2056,31,911726.5
2056,32,908133.5
2056,33,921300.0
2056,34,945290.0
2056,35,965423.0
2056,36,987012.5
2056,37,1017876.5
2056,38,1052591.0
2056,39,1082124.0
2056,40,1113020.5
2056,41,1126844.0
2056,42,1138485.0
2056,43,1156743.0
2056,44,1167225.5
2056,45,1180276.0
2056,46,1191151.0
2056,47,1203263.5
2056,48,1211382.0
2056,49,1207000.0
2056,50,1187416.5
2056,51,1178868.0
2056,52,1181126.0
2056,53,1171853.0
2056,54,1162083.0
2056,55,1152451.0
2056,56,1134019.5
2056,57,1119421.5
2056,58,1111846.0
2056,59,1106189.5
2056,60,1102368.0
2056,61,1112290.5
2056,62,1111029.0
2056,63,1102753.5
2056,64,1117335.0
2056,65,1121432.0
2056,66,1131749.5
2056,67,1165520.0
2056,68,1198495.0
2056,69,1219427.5
2056,70,1245868.5
2056,71,1283207.5
2056,72,1307276.5
2056,73,1307683.5
2056,74,1308297.0
2056,75,1333044.5
2056,76,1372227.5
2056,77,1409541.0
2056,78,1437371.0
2056,79,1467551.5
2056,80,1509540.5
2056,81,1566054.0
2056,82,1602270.0
2056,83,1559154.5
2056,84,1473572.5
2056,85,1379229.0
2056,86,1269048.0
2056,87,1164172.5
2056,88,1088602.5
2056,89,895832.5
2056,90,798186.0
2056,91,789211.5
2056,92,676638.0
2056,93,578650.0
2056,94,493950.0
2056,95,418763.5
2056,96,348994.5
2056,97,282352.5
2056,98,215505.0
2056,99,163646.5
2057,0,661464.5
2057,1,672693.5
2057,2,684943.0
2057,3,697203.5
2057,4,710223.5
2057,5,723302.5
2057,6,736204.0
2057,7,749004.0
2057,8,761148.0
2057,9,772247.5
2057,10,782407.5
2057,11,791476.5
2057,12,798090.5
2057,13,803439.5
2057,14,807969.0
2057,15,811815.0
2057,16,817297.0
2057,17,825989.5
2057,18,839021.0
2057,19,856261.0
2057,20,876900.0
2057,21,898344.0
2057,22,916335.5
2057,23,928320.5
2057,24,934670.5
2057,25,935809.5
2057,26,933004.5
2057,27,928122.0
2057,28,921963.0
2057,29,916229.5
2057,30,911370.0
2057,31,907973.0
2057,32,906258.5
2057,33,903037.0
2057,34,916607.5
2057,35,941001.5
2057,36,961526.0
2057,37,983480.5
2057,38,1014672.0
2057,39,1049672.5
2057,40,1079451.0
2057,41,1110558.5
2057,42,1124574.0
2057,43,1136379.5
2057,44,1154766.0
2057,45,1165345.5
2057,46,1178463.0
2057,47,1189381.5
2057,48,1201508.0
2057,49,1209619.5
2057,50,1205231.5
2057,51,1185647.5
2057,52,1177056.5
2057,53,1179229.5
2057,54,1169888.5
2057,55,1160048.0
2057,56,1150320.5
2057,57,1131792.0
2057,58,1117079.5
2057,59,1109350.0
2057,60,1103504.0
2057,61,1099471.0
2057,62,1109117.0
2057,63,1107587.5
2057,64,1099042.5
2057,65,1113243.5
2057,66,1116937.5
2057,67,1126748.5
2057,68,1159875.0
2057,69,1192188.5
2057,70,1212453.0
2057,71,1238110.5
2057,72,1274540.5
2057,73,1297704.0
2057,74,1297216.5
2057,75,1296735.0
2057,76,1319728.5
2057,77,1356989.5
2057,78,1391959.0
2057,79,1416941.5
2057,80,1443608.5
2057,81,1481220.0
2057,82,1532113.0
2057,83,1561991.5
2057,84,1513456.0
2057,85,1423255.5
2057,86,1324602.5
2057,87,1210449.5
2057,88,1101633.0
2057,89,1021091.0
2057,90,831729.5
2057,91,732357.0
2057,92,714950.5
2057,93,603959.5
2057,94,507802.0
2057,95,425216.5
2057,96,352668.5
2057,97,286878.0
2057,98,225966.0
2057,99,167455.5
2058,0,654386.0
2058,1,663746.0
2058,2,674816.5
2058,3,686914.0
2058,4,699012.5
2058,5,711883.5
2058,6,724827.0
2058,7,737605.0
2058,8,750294.5
2058,9,762339.5
2058,10,773348.0
2058,11,783425.0
2058,12,792416.5
2058,13,798963.0
2058,14,804322.0
2058,15,809411.0
2058,16,815446.0
2058,17,825426.0
2058,18,840168.5
2058,19,859105.5
2058,20,880385.0
2058,21,901782.5
2058,22,920268.0
2058,23,932658.5
2058,24,938250.0
2058,25,938909.5
2058,26,935752.0
2058,27,930094.5
2058,28,923535.5
2058,29,916543.5
2058,30,910536.5
2058,31,905747.0
2058,32,902617.0
2058,33,901264.5
2058,34,898443.0
2058,35,912413.0
2058,36,937190.5
2058,37,958075.0
2058,38,980354.5
2058,39,1011828.5
2058,40,1047069.0
2058,41,1077057.5
2058,42,1108346.5
2058,43,1122523.5
2058,44,1134459.0
2058,45,1152938.0
2058,46,1163585.5
2058,47,1176744.5
2058,48,1187679.0
2058,49,1199796.5
2058,50,1207891.0
2058,51,1203485.5
2058,52,1183871.5
2058,53,1175210.5
2058,54,1177300.5
2058,55,1167888.0
2058,56,1157953.5
2058,57,1148111.0
2058,58,1129475.0
2058,59,1114626.0
2058,60,1106716.0
2058,61,1100666.5
2058,62,1096402.0
2058,63,1105753.0
2058,64,1103938.0
2058,65,1095103.0
2058,66,1108869.0
2058,67,1112104.5
2058,68,1121409.0
2058,69,1153899.5
2058,70,1185509.0
2058,71,1205053.0
2058,72,1229913.0
2058,73,1265392.0
2058,74,1287522.5
2058,75,1285987.5
2058,76,1284042.0
2058,77,1305351.5
2058,78,1340374.5
2058,79,1372538.0
2058,80,1394246.5
2058,81,1417009.0
2058,82,1449694.0
2058,83,1494252.0
2058,84,1516941.0
2058,85,1462580.5
2058,86,1367716.5
2058,87,1264345.5
2058,88,1146365.5
2058,89,1034170.5
2058,90,948915.5
2058,91,764005.0
2058,92,664066.5
2058,93,638939.5
2058,94,530683.5
2058,95,437741.5
2058,96,358618.0
2058,97,290335.5
2058,98,229941.0
2058,99,175856.0
2059,0,648491.5
2059,1,656568.5
2059,2,665778.0
2059,3,676703.0
2059,4,688646.0
2059,5,700601.5
2059,6,713342.5
2059,7,726168.5
2059,8,738841.0
2059,9,751435.0
2059,10,763393.0
2059,11,774322.0
2059,12,784324.5
2059,13,793251.5
2059,14,799810.0
2059,15,805724.5
2059,16,812983.5
2059,17,823475.0
2059,18,839447.5
2059,19,860039.0
2059,20,882974.5
2059,21,904997.0
2059,22,923443.5
2059,23,936354.0
2059,24,942385.0
2059,25,942319.5
2059,26,938712.5
2059,27,932725.5
2059,28,925410.0
2059,29,918032.0
2059,30,910777.5
2059,31,904850.0
2059,32,900335.5
2059,33,897573.5
2059,34,896625.5
2059,35,894212.5
2059,36,908572.5
2059,37,933713.0
2059,38,954926.5
2059,39,977495.0
2059,40,1009215.0
2059,41,1044668.0
2059,42,1074841.5
2059,43,1106288.0
2059,44,1120596.5
2059,45,1132632.5
2059,46,1151178.0
2059,47,1161872.0
2059,48,1175049.5
2059,49,1185980.0
2059,50,1198081.0
2059,51,1206148.0
2059,52,1201697.0
2059,53,1182029.5
2059,54,1173302.5
2059,55,1175307.0
2059,56,1165800.0
2059,57,1155752.5
2059,58,1145787.5
2059,59,1127023.5
2059,60,1112011.5
2059,61,1103909.0
2059,62,1097638.5
2059,63,1093127.0
2059,64,1102165.5
2059,65,1100044.0
2059,66,1090870.0
2059,67,1104146.5
2059,68,1106926.5
2059,69,1115742.5
2059,70,1147554.0
2059,71,1178406.5
2059,72,1197219.5
2059,73,1221246.0
2059,74,1255649.0
2059,75,1276585.5
2059,76,1273652.0
2059,77,1270344.5
2059,78,1289680.0
2059,79,1322023.0
2059,80,1350964.0
2059,81,1369029.5
2059,82,1387391.0
2059,83,1414511.0
2059,84,1451878.5
2059,85,1466751.5
2059,86,1406384.0
2059,87,1306393.0
2059,88,1198373.0
2059,89,1077152.5
2059,90,961960.5
2059,91,872556.0
2059,92,693638.0
2059,93,594073.0
2059,94,562168.0
2059,95,458094.5
2059,96,369724.5
2059,97,295686.0
2059,98,233083.0
2059,99,179238.5
2060,0,644158.0
2060,1,650605.5
2060,2,658537.0
2060,3,667605.5
2060,4,678380.5
2060,5,690185.0
2060,6,702015.0
2060,7,714642.5
2060,8,727366.0
2060,9,739945.0
2060,10,752456.0
2060,11,764336.0
2060,12,775193.0
2060,13,785133.0
2060,14,794073.0
2060,15,801183.5
2060,16,809250.0
2060,17,820926.5
2060,18,837358.0
2060,19,859127.5
2060,20,883681.5
2060,21,907346.5
2060,22,926431.0
2060,23,939334.5
2060,24,945924.5
2060,25,946335.5
2060,26,942034.5
2060,27,935620.0
2060,28,927991.5
2060,29,919868.0
2060,30,912235.5
2060,31,905066.0
2060,32,899417.0
2060,33,895274.0
2060,34,892919.0
2060,35,892381.0
2060,36,890364.0
2060,37,905091.5
2060,38,930562.0
2060,39,952067.0
2060,40,974887.5
2060,41,1006824.0
2060,42,1042462.0
2060,43,1072796.5
2060,44,1104368.5
2060,45,1118778.5
2060,46,1130887.5
2060,47,1149478.0
2060,48,1160196.0
2060,49,1173370.0
2060,50,1184288.5
2060,51,1196361.5
2060,52,1204372.5
2060,53,1199850.0
2060,54,1180133.0
2060,55,1171338.5
2060,56,1173233.5
2060,57,1163614.5
2060,58,1153445.5
2060,59,1143335.0
2060,60,1124417.0
2060,61,1109232.0
2060,62,1100919.5
2060,63,1094412.0
2060,64,1089641.0
2060,65,1098342.0
2060,66,1095864.5
2060,67,1086305.5
2060,68,1099091.5
2060,69,1101436.0
2060,70,1109727.5
2060,71,1140811.0
2060,72,1170892.0
2060,73,1188941.5
2060,74,1212018.5
2060,75,1245183.5
2060,76,1264575.5
2060,77,1260335.0
2060,78,1255404.5
2060,79,1272360.0
2060,80,1301622.5
2060,81,1326973.5
2060,82,1340926.0
2060,83,1354303.0
2060,84,1375089.0
2060,85,1404616.0
2060,86,1411249.5
2060,87,1344251.0
2060,88,1239163.0
2060,89,1127022.0
2060,90,1002956.0
2060,91,885455.5
2060,92,793097.5
2060,93,621386.5
2060,94,523280.99999999994
2060,95,485978.5
2060,96,387492.5
2060,97,305330.0
2060,98,237772.5
2060,99,181999.5
2061,0,641388.5
2061,1,646366.0
2061,2,652658.5
2061,3,660441.0
2061,4,669352.5
2061,5,679984.0
2061,6,691657.5
2061,7,703369.0
2061,8,715889.5
2061,9,728516.0
2061,10,741008.5
2061,11,753438.5
2061,12,765244.5
2061,13,776036.5
2061,14,785987.0
2061,15,795474.5
2061,16,804725.5
2061,17,817189.0
2061,18,834779.0
2061,19,856981.5
2061,20,882700.0
2061,21,907991.5
2061,22,928757.0
2061,23,942356.5
2061,24,949001.0
2061,25,950021.5
2061,26,946230.5
2061,27,939139.0
2061,28,931087.5
2061,29,922647.0
2061,30,914260.0
2061,31,906700.5
2061,32,899796.5
2061,33,894506.5
2061,34,890757.5
2061,35,888801.5
2061,36,888648.5
2061,37,886994.0
2061,38,902046.5
2061,39,927799.5
2061,40,949550.5
2061,41,972586.0
2061,42,1004706.0
2061,43,1040499.0
2061,44,1070958.0
2061,45,1102619.5
2061,46,1117099.5
2061,47,1129257.5
2061,48,1147865.5
2061,49,1158582.5
2061,50,1171743.0
2061,51,1182635.5
2061,52,1194649.5
2061,53,1202575.5
2061,54,1197982.0
2061,55,1178214.5
2061,56,1169328.5
2061,57,1171093.5
2061,58,1161350.5
2061,59,1151037.5
2061,60,1140753.5
2061,61,1121670.5
2061,62,1106295.0
2061,63,1097757.5
2061,64,1091000.0
2061,65,1085946.5
2061,66,1094259.0
2061,67,1091377.0
2061,68,1081438.0
2061,69,1093749.0
2061,70,1095625.0
2061,71,1103352.5
2061,72,1133691.5
2061,73,1162964.5
2061,74,1180138.5
2061,75,1202116.0
2061,76,1233675.5
2061,77,1251590.0
2061,78,1245787.0
2061,79,1238864.5
2061,80,1253070.0
2061,81,1278896.0
2061,82,1300184.0
2061,83,1309466.5
2061,84,1317148.5
2061,85,1331021.5
2061,86,1352238.5
2061,87,1349744.0
2061,88,1275974.5
2061,89,1166285.0
2061,90,1050344.5
2061,91,924144.5
2061,92,805655.0
2061,93,711301.0
2061,94,548094.0
2061,95,452867.0
2061,96,411669.0
2061,97,320471.0
2061,98,245908.5
2061,99,185957.5
2062,0,639396.0
2062,1,643671.5
2062,2,648487.0
2062,3,654624.0
2062,4,662245.0
2062,5,671008.0
2062,6,681504.0
2062,7,693055.0
2062,8,704657.0
2062,9,717077.0
2062,10,729614.0
2062,11,742023.5
2062,12,754377.5
2062,13,766116.5
2062,14,776917.0
2062,15,787410.5
2062,16,799026.5
2062,17,812651.5
2062,18,830999.0
2062,19,854330.5
2062,20,880465.0
2062,21,906928.0
2062,22,929355.5
2062,23,944692.0
2062,24,952092.0
2062,25,953216.0
2062,26,950068.0
2062,27,943504.0
2062,28,934781.0
2062,29,925916.0
2062,30,917204.5
2062,31,908881.0
2062,32,901575.5
2062,33,895020.0
2062,34,890112.0
2062,35,886752.5
2062,36,885172.0
2062,37,885372.0
2062,38,884039.5
2062,39,899371.0
2062,40,925364.0
2062,41,947325.5
2062,42,970545.5
2062,43,1002818.5
2062,44,1038732.5
2062,45,1069280.0
2062,46,1101001.0
2062,47,1115528.0
2062,48,1127707.5
2062,49,1146310.5
2062,50,1157016.0
2062,51,1170149.0
2062,52,1180985.5
2062,53,1192913.0
2062,54,1200753.0
2062,55,1196087.5
2062,56,1176245.0
2062,57,1167248.0
2062,58,1168870.5
2062,59,1158982.5
2062,60,1148497.0
2062,61,1138025.5
2062,62,1118761.5
2062,63,1103183.0
2062,64,1094407.5
2062,65,1087378.5
2062,66,1081995.5
2062,67,1089868.0
2062,68,1086585.0
2062,69,1076287.0
2062,70,1088088.5
2062,71,1089459.0
2062,72,1096613.5
2062,73,1126171.5
2062,74,1154524.0
2062,75,1170681.5
2062,76,1191189.5
2062,77,1221221.0
2062,78,1237390.5
2062,79,1229661.5
2062,80,1220419.5
2062,81,1231553.5
2062,82,1253481.5
2062,83,1270152.0
2062,84,1274082.0
2062,85,1275549.0
2062,86,1282105.5
2062,87,1294095.0
2062,88,1282041.5
2062,89,1201836.5
2062,90,1087831.5
2062,91,968746.5
2062,92,841781.0
2062,93,723350.0
2062,94,628163.0
2062,95,475027.5
2062,96,384063.0
2062,97,340972.5
2062,98,258491.49999999997
2062,99,192625.5
2063,0,638112.0
2063,1,641709.5
2063,2,645820.5
2063,3,650477.0
2063,4,656450.5
2063,5,663920.5
2063,6,672546.5
2063,7,682919.0
2063,8,694359.0
2063,9,705859.0
2063,10,718189.0
2063,11,730642.0
2063,12,742974.5
2063,13,755260.5
2063,14,767007.0
2063,15,778346.5
2063,16,790954.5
2063,17,806917.0
2063,18,826388.5
2063,19,850441.5
2063,20,877681.5
2063,21,904561.5
2063,22,928188.5
2063,23,945236.5
2063,24,954426.5
2063,25,956352.0
2063,26,953340.5
2063,27,947439.0
2063,28,939252.5
2063,29,929718.5
2063,30,920579.5
2063,31,911926.0
2063,32,903849.5
2063,33,896885.5
2063,34,890705.0
2063,35,886181.0
2063,36,883190.0
2063,37,881957.5
2063,38,882473.0
2063,39,881421.5
2063,40,896994.0
2063,41,923193.0
2063,42,945337.5
2063,43,968713.5
2063,44,1001108.5
2063,45,1037109.0
2063,46,1067718.0
2063,47,1099476.0
2063,48,1114023.5
2063,49,1126205.5
2063,50,1144791.5
2063,51,1155474.0
2063,52,1168550.5
2063,53,1179304.5
2063,54,1191145.5
2063,55,1198897.0
2063,56,1194134.0
2063,57,1174200.0
2063,58,1165082.5
2063,59,1166540.5
2063,60,1156478.0
2063,61,1145807.5
2063,62,1135133.0
2063,63,1115677.5
2063,64,1099884.5
2063,65,1090852.0
2063,66,1083505.0
2063,67,1077746.5
2063,68,1085180.5
2063,69,1081516.0
2063,70,1070834.0
2063,71,1082086.5
2063,72,1082947.5
2063,73,1089503.0
2063,74,1118175.5
2063,75,1145467.5
2063,76,1160240.5
2063,77,1179385.0
2063,78,1207623.5
2063,79,1221672.5
2063,80,1211701.5
2063,81,1199867.0
2063,82,1207514.5
2063,83,1225013.0
2063,84,1236392.5
2063,85,1234482.5
2063,86,1229389.5
2063,87,1227807.5
2063,88,1230089.5
2063,89,1208521.0
2063,90,1122007.0
2063,91,1004312.0
2063,92,883422.5
2063,93,756757.0
2063,94,639621.0
2063,95,545185.5
2063,96,403531.0
2063,97,318534.5
2063,98,275492.0
2063,99,202827.0
2064,0,638004.5
2064,1,640443.5
2064,2,643874.0
2064,3,647824.0
2064,4,652315.5
2064,5,658137.5
2064,6,665469.5
2064,7,673972.0
2064,8,684231.5
2064,9,695569.5
2064,10,706979.0
2064,11,719224.0
2064,12,731600.0
2064,13,743864.5
2064,14,756156.5
2064,15,768438.5
2064,16,781877.5
2064,17,798803.0
2064,18,820571.5
2064,19,845711.0
2064,20,873647.0
2064,21,901631.5
2064,22,925702.5
2064,23,943997.0
2064,24,954950.5
2064,25,958711.0
2064,26,956533.0
2064,27,950788.0
2064,28,943274.0
2064,29,934279.5
2064,30,924470.0
2064,31,915385.0
2064,32,906973.5
2064,33,899232.0
2064,34,892638.0
2064,35,886835.5
2064,36,882675.5
2064,37,880028.5
2064,38,879106.5
2064,39,879900.0
2064,40,879091.0
2064,41,894871.0
2064,42,921250.5
2064,43,943550.0
2064,44,967051.5
2064,45,999537.0
2064,46,1035597.5
2064,47,1066245.5
2064,48,1098014.5
2064,49,1112563.0
2064,50,1124736.0
2064,51,1143293.5
2064,52,1153925.0
2064,53,1166919.0
2064,54,1177591.5
2064,55,1189341.5
2064,56,1196980.5
2064,57,1192102.0
2064,58,1172068.0
2064,59,1162808.5
2064,60,1164072.0
2064,61,1153824.0
2064,62,1142952.5
2064,63,1132063.5
2064,64,1112404.5
2064,65,1096379.5
2064,66,1087044.0
2064,67,1079335.0
2064,68,1073206.0
2064,69,1080218.5
2064,70,1076147.0
2064,71,1065047.5
2064,72,1075744.0
2064,73,1076072.5
2064,74,1081938.0
2064,75,1109588.0
2064,76,1135446.0
2064,77,1148954.0
2064,78,1166487.0
2064,79,1192556.0
2064,80,1204145.5
2064,81,1191663.5
2064,82,1176873.5
2064,83,1180547.0
2064,84,1192961.0
2064,85,1198549.0
2064,86,1190470.0
2064,87,1178056.5
2064,88,1167920.5
2064,89,1160453.5
2064,90,1129198.5
2064,91,1036841.5
2064,92,916793.5
2064,93,795127.5
2064,94,670039.0
2064,95,555850.0
2064,96,463777.5
2064,97,335239.0
2064,98,257705.49999999997
2064,99,216524.0
2065,0,639071.0
2065,1,640234.0
2065,2,642514.0
2065,3,645792.0
2065,4,649584.0
2065,5,653931.0
2065,6,659621.0
2065,7,666834.5
2065,8,675228.0
2065,9,685391.0
2065,10,696642.0
2065,11,707969.5
2065,12,720141.5
2065,13,732452.0
2065,14,744724.5
2065,15,757549.0
2065,16,771909.5
2065,17,789623.0
2065,18,812295.0
2065,19,839674.0
2065,20,868654.5
2065,21,897317.5
2065,22,922502.5
2065,23,941269.0
2065,24,953506.0
2065,25,959064.5
2065,26,958751.5
2065,27,953864.5
2065,28,946526.0
2065,29,938218.0
2065,30,928958.5
2065,31,919212.0
2065,32,910376.0
2065,33,902305.5
2065,34,894940.0
2065,35,888727.0
2065,36,883293.5
2065,37,879480.5
2065,38,877147.5
2065,39,876507.0
2065,40,877544.5
2065,41,876952.0
2065,42,892920.0
2065,43,919455.0
2065,44,941884.5
2065,45,965485.0
2065,46,998036.5
2065,47,1034137.5
2065,48,1064803.0
2065,49,1096563.0
2065,50,1111105.0
2065,51,1123259.0
2065,52,1141762.5
2065,53,1152319.5
2065,54,1165232.5
2065,55,1175819.0
2065,56,1187456.5
2065,57,1194964.0
2065,58,1189960.0
2065,59,1169807.5
2065,60,1160380.0
2065,61,1161436.0
2065,62,1150987.0
2065,63,1139903.0
2065,64,1128787.0
2065,65,1108907.5
2065,66,1092608.0
2065,67,1082926.5
2065,68,1074861.5
2065,69,1068384.5
2065,70,1074946.0
2065,71,1070432.5
2065,72,1058916.5
2065,73,1069032.0
2065,74,1068741.0
2065,75,1073794.0
2065,76,1100066.5
2065,77,1124610.0
2065,78,1136617.0
2065,79,1152186.0
2065,80,1175743.0
2065,81,1184578.0
2065,82,1169226.5
2065,83,1151053.0
2065,84,1150151.0
2065,85,1156990.5
2065,86,1156438.5
2065,87,1141457.0
2065,88,1121358.5
2065,89,1102669.5
2065,90,1085206.0
2065,91,1044445.0
2065,92,947461.5
2065,93,826074.0
2065,94,704903.0
2065,95,583101.0
2065,96,473500.0
2065,97,385862.0
2065,98,271694.5
2065,99,202823.0
2066,0,640742.0
2066,1,641230.5
2066,2,642240.5
2066,3,644373.5
2066,4,647497.5
2066,5,651150.0
2066,6,655368.5
2066,7,660943.0
2066,8,668051.5
2066,9,676352.0
2066,10,686430.0
2066,11,697602.0
2066,12,708859.0
2066,13,720967.0
2066,14,733287.5
2066,15,746088.5
2066,16,760972.5
2066,17,779568.0
2066,18,802974.0
2066,19,831204.0
2066,20,862386.0
2066,21,892080.0
2066,22,917958.0
2066,23,937871.5
2066,24,950621.0
2066,25,957501.5
2066,26,959017.5
2066,27,956019.5
2066,28,949555.0
2066,29,941433.5
2066,30,932868.0
2066,31,923677.0
2066,32,914183.5
2066,33,905691.0
2066,34,897998.5
2066,35,891015.0
2066,36,885173.0
2066,37,880087.0
2066,38,876590.0
2066,39,874539.5
2066,40,874145.5
2066,41,875399.5
2066,42,875002.5
2066,43,891132.0
2066,44,917798.0
2066,45,940329.0
2066,46,964004.0
2066,47,996602.5
2066,48,1032721.5
2066,49,1063384.5
2066,50,1095127.0
2066,51,1109651.5
2066,52,1121760.5
2066,53,1140187.0
2066,54,1150669.0
2066,55,1163496.5
2066,56,1173976.5
2066,57,1185481.0
2066,58,1192847.0
2066,59,1187698.0
2066,60,1167401.5
2066,61,1157794.0
2066,62,1158626.5
2066,63,1147964.0
2066,64,1136656.5
2066,65,1125293.5
2066,66,1105153.5
2066,67,1088537.0
2066,68,1078518.5
2066,69,1070120.0
2066,70,1063268.0
2066,71,1069343.0
2066,72,1064387.0
2066,73,1052437.5
2066,74,1061882.5
2066,75,1060857.0
2066,76,1064769.0
2066,77,1089775.0
2066,78,1112768.0
2066,79,1122938.5
2066,80,1136229.0
2066,81,1156972.5
2066,82,1162663.0
2066,83,1144023.0
2066,84,1121935.5
2066,85,1116021.0
2066,86,1116943.5
2066,87,1109510.0
2066,88,1087279.0
2066,89,1059534.0
2066,90,1032093.0
2066,91,1004726.0
2066,92,955405.5
2066,93,854695.0
2066,94,733244.5
2066,95,614307.5
2066,96,497485.5
2066,97,394552.0
2066,98,313226.5
2066,99,214240.5
2067,0,642491.5
2067,1,642971.5
2067,2,643300.5
2067,3,644157.0
2067,4,646131.0
2067,5,649111.5
2067,6,652630.5
2067,7,656731.0
2067,8,662198.0
2067,9,669210.5
2067,10,677423.0
2067,11,687420.0
2067,12,698519.0
2067,13,709711.0
2067,14,721827.0
2067,15,734671.5
2067,16,749520.0
2067,17,768615.0
2067,18,792873.0
2067,19,821806.0
2067,20,853821.0
2067,21,885723.0
2067,22,912667.5
2067,23,933329.0
2067,24,947284.5
2067,25,954727.5
2067,26,957598.0
2067,27,956447.5
2067,28,951877.5
2067,29,944628.0
2067,30,936242.5
2067,31,927736.5
2067,32,918787.5
2067,33,909625.5
2067,34,901500.5
2067,35,894180.0
2067,36,887558.5
2067,37,882055.0
2067,38,877278.5
2067,39,874056.5
2067,40,872247.5
2067,41,872065.0
2067,42,873509.0
2067,43,873277.5
2067,44,889539.5
2067,45,916303.5
2067,46,938909.5
2067,47,962637.0
2067,48,995257.5
2067,49,1031372.5
2067,50,1062020.5
2067,51,1093732.5
2067,52,1108210.5
2067,53,1120252.5
2067,54,1138597.0
2067,55,1149000.5
2067,56,1161720.0
2067,57,1172072.0
2067,58,1183434.5
2067,59,1190635.0
2067,60,1185313.0
2067,61,1164862.0
2067,62,1155059.0
2067,63,1155653.5
2067,64,1144766.0
2067,65,1133214.5
2067,66,1121562.5
2067,67,1101119.0
2067,68,1084196.5
2067,69,1073862.5
2067,70,1065104.5
2067,71,1057847.5
2067,72,1063431.5
2067,73,1058014.0
2067,74,1045549.5
2067,75,1054207.0
2067,76,1052113.5
2067,77,1055003.5
2067,78,1078515.0
2067,79,1099622.0
2067,80,1107657.5
2067,81,1118390.0
2067,82,1135919.5
2067,83,1138008.0
2067,84,1115552.5
2067,85,1089183.0
2067,86,1077961.0
2067,87,1072235.0
2067,88,1057543.5
2067,89,1028097.0
2067,90,992541.0
2067,91,956462.5
2067,92,920016.5
2067,93,862808.0
2067,94,759570.5
2067,95,639837.0
2067,96,524880.5
2067,97,415205.5
2067,98,320785.0
2067,99,247397.5
2068,0,644835.0
2068,1,644637.5
2068,2,644964.5
2068,3,645146.0
2068,4,645850.5
2068,5,647685.5
2068,6,650538.0
2068,7,653944.0
2068,8,657940.5
2068,9,663314.5
2068,10,670242.0
2068,11,678377.0
2068,12,688303.5
2068,13,699340.0
2068,14,710541.0
2068,15,723178.0
2068,16,738050.5
2068,17,757069.5
2068,18,781772.0
2068,19,811502.0
2068,20,844181.5
2068,21,876902.0
2068,22,906065.5
2068,23,927824.0
2068,24,942566.0
2068,25,951251.5
2068,26,954715.0
2068,27,954942.0
2068,28,952236.5
2068,29,946893.5
2068,30,939389.5
2068,31,931070.0
2068,32,922810.0
2068,33,914197.0
2068,34,905406.0
2068,35,897656.0
2068,36,890699.5
2068,37,884419.0
2068,38,879227.5
2068,39,874727.5
2068,40,871748.5
2068,41,870153.5
2068,42,870163.0
2068,43,871774.5
2068,44,871683.5
2068,45,888051.5
2068,46,914891.5
2068,47,937554.5
2068,48,961314.0
2068,49,993937.5
2068,50,1030038.5
2068,51,1060661.5
2068,52,1092315.5
2068,53,1106727.5
2068,54,1118699.5
2068,55,1136960.5
2068,56,1147263.5
2068,57,1159856.0
2068,58,1170072.5
2068,59,1181268.0
2068,60,1188277.5
2068,61,1182769.5
2068,62,1162151.0
2068,63,1152142.0
2068,64,1152486.0
2068,65,1141354.5
2068,66,1129517.0
2068,67,1117531.5
2068,68,1096797.5
2068,69,1079593.5
2068,70,1068919.5
2068,71,1059773.5
2068,72,1052112.0
2068,73,1057183.0
2068,74,1051222.0
2068,75,1038138.0
2068,76,1045682.5
2068,77,1042657.5
2068,78,1044324.0
2068,79,1066017.5
2068,80,1084936.5
2068,81,1090573.0
2068,82,1098378.5
2068,83,1112227.5
2068,84,1110143.5
2068,85,1083509.5
2068,86,1052635.0
2068,87,1035435.5
2068,88,1022683.0
2068,89,1000724.0
2068,90,963899.5
2068,91,920664.0
2068,92,876753.0
2068,93,831790.0
2068,94,767705.0
2068,95,663689.5
2068,96,547462.5
2068,97,438760.5
2068,98,338153.5
2068,99,253788.5
2069,0,647318.5
2069,1,646883.0
2069,2,646540.5
2069,3,646727.5
2069,4,646764.0
2069,5,647335.5
2069,6,649049.0
2069,7,651792.5
2069,8,655099.5
2069,9,659006.5
2069,10,664300.0
2069,11,671154.0
2069,12,679221.5
2069,13,689088.0
2069,14,700135.5
2069,15,711854.0
2069,16,726499.5
2069,17,745500.5
2069,18,770069.0
2069,19,800188.0
2069,20,833623.5
2069,21,866992.0
2069,22,896984.0
2069,23,920989.0
2069,24,936863.5
2069,25,946370.5
2069,26,951107.0
2069,27,951950.5
2069,28,950640.5
2069,29,947175.5
2069,30,941588.5
2069,31,934158.0
2069,32,926091.0
2069,33,918172.5
2069,34,909934.5
2069,35,901523.0
2069,36,894140.5
2069,37,887528.0
2069,38,881562.5
2069,39,876650.0
2069,40,872395.5
2069,41,869634.0
2069,42,868233.5
2069,43,868412.5
2069,44,870165.5
2069,45,870191.5
2069,46,886644.0
2069,47,913542.5
2069,48,936241.5
2069,49,960015.5
2069,50,992633.0
2069,51,1028709.5
2069,52,1059282.0
2069,53,1090856.5
2069,54,1105200.0
2069,55,1117101.0
2069,56,1135256.5
2069,57,1145441.0
2069,58,1157898.5
2069,59,1167956.5
2069,60,1178961.0
2069,61,1185763.0
2069,62,1180056.0
2069,63,1159262.0
2069,64,1149036.0
2069,65,1149109.0
2069,66,1137690.5
2069,67,1125524.0
2069,68,1113216.5
2069,69,1092217.5
2069,70,1074710.0
2069,71,1063669.5
2069,72,1054136.5
2069,73,1046053.0
2069,74,1050527.5
2069,75,1043918.0
2069,76,1029914.5
2069,77,1036468.5
2069,78,1032319.5
2069,79,1032471.0
2069,80,1052056.5
2069,81,1068517.5
2069,82,1071405.0
2069,83,1075851.5
2069,84,1085438.5
2069,85,1078764.0
2069,86,1047730.0
2069,87,1011762.5
2069,88,988257.0
2069,89,968453.0
2069,90,939021.5
2069,91,894935.5
2069,92,844814.0
2069,93,793604.0
2069,94,741026.0
2069,95,671681.0
2069,96,568687.0
2069,97,458329.0
2069,98,357935.5
2069,99,268010.0
2070,0,649624.5
2070,1,649300.5
2070,2,648725.0
2070,3,648247.5
2070,4,648293.5
2070,5,648201.5
2070,6,648655.5
2070,7,650263.5
2070,8,652911.0
2070,9,656131.5
2070,10,659961.5
2070,11,665183.0
2070,12,671971.5
2070,13,679981.0
2070,14,689860.5
2070,15,701421.0
2070,16,715130.5
2070,17,733866.0
2070,18,758365.0
2070,19,788299.5
2070,20,822087.5
2070,21,856200.0
2070,22,886854.5
2070,23,911719.5
2070,24,929880.0
2070,25,940556.5
2070,26,946145.0
2070,27,948283.5
2070,28,947605.5
2070,29,945547.0
2070,30,941845.0
2070,31,936336.0
2070,32,929161.5
2070,33,921438.0
2070,34,913896.5
2070,35,906039.5
2070,36,897996.5
2070,37,890958.5
2070,38,884662.0
2070,39,878976.5
2070,40,874310.5
2070,41,870275.5
2070,42,867709.0
2070,43,866479.0
2070,44,866801.5
2070,45,868672.0
2070,46,868792.5
2070,47,885312.0
2070,48,912247.5
2070,49,934965.5
2070,50,958744.5
2070,51,991345.0
2070,52,1027371.5
2070,53,1057871.5
2070,54,1089363.5
2070,55,1103637.0
2070,56,1115444.5
2070,57,1133476.5
2070,58,1143535.0
2070,59,1155834.5
2070,60,1165709.5
2070,61,1176506.0
2070,62,1183087.5
2070,63,1177169.5
2070,64,1156191.5
2070,65,1145730.0
2070,66,1145487.5
2070,67,1133739.5
2070,68,1121255.5
2070,69,1108649.0
2070,70,1087365.0
2070,71,1069528.5
2070,72,1058123.5
2070,73,1048187.5
2070,74,1039604.0
2070,75,1043374.5
2070,76,1035822.5
2070,77,1021024.0
2070,78,1026390.5
2070,79,1020840.5
2070,80,1019223.0
2070,81,1036438.5
2070,82,1050081.0
2070,83,1049807.0
2070,84,1050354.0
2070,85,1055236.0
2070,86,1043686.5
2070,87,1007662.0
2070,88,966350.0
2070,89,936554.5
2070,90,909477.0
2070,91,872635.0
2070,92,822046.0
2070,93,765549.5
2070,94,707895.5
2070,95,649201.0
2070,96,576338.5
2070,97,476818.5
2070,98,374491.5
2070,99,284180.5
2071,0,651740.0
2071,1,651613.0
2071,2,651147.0
2071,3,650436.5
2071,4,649818.0
2071,5,649734.5
2071,6,649525.0
2071,7,649873.0
2071,8,651384.5
2071,9,653946.0
2071,10,657089.0
2071,11,660846.0
2071,12,666003.0
2071,13,672733.0
2071,14,680755.5
2071,15,691144.0
2071,16,704681.0
2071,17,722451.5
2071,18,746645.5
2071,19,776473.0
2071,20,810051.5
2071,21,844514.0
2071,22,875936.5
2071,23,901507.5
2071,24,920576.5
2071,25,933580.5
2071,26,940369.5
2071,27,943378.5
2071,28,944006.0
2071,29,942583.5
2071,30,940287.5
2071,31,936661.0
2071,32,931403.0
2071,33,924568.0
2071,34,917216.5
2071,35,910051.0
2071,36,902558.0
2071,37,894855.5
2071,38,888130.0
2071,39,882110.5
2071,40,876669.0
2071,41,872220.0
2071,42,868378.0
2071,43,865981.5
2071,44,864894.0
2071,45,865333.5
2071,46,867297.0
2071,47,867494.5
2071,48,884059.0
2071,49,911013.0
2071,50,933738.5
2071,51,957511.0
2071,52,990069.5
2071,53,1026023.5
2071,54,1056448.5
2071,55,1087853.0
2071,56,1102033.5
2071,57,1113731.0
2071,58,1131630.5
2071,59,1141540.0
2071,60,1153656.5
2071,61,1163332.5
2071,62,1173907.0
2071,63,1180254.0
2071,64,1174116.0
2071,65,1152937.0
2071,66,1142198.5
2071,67,1141595.5
2071,68,1129529.5
2071,69,1116751.0
2071,70,1103823.5
2071,71,1082229.0
2071,72,1064068.5
2071,73,1052284.0
2071,74,1041868.5
2071,75,1032686.0
2071,76,1035454.0
2071,77,1027073.0
2071,78,1011301.5
2071,79,1015201.5
2071,80,1008008.0
2071,81,1004398.0
2071,82,1018893.0
2071,83,1029297.5
2071,84,1025347.0
2071,85,1021590.0
2071,86,1021453.5
2071,87,1004371.0
2071,88,963103.0
2071,89,916534.5
2071,90,880269.5
2071,91,845958.5
2071,92,802393.0
2071,93,745774.0
2071,94,683727.5
2071,95,621047.5
2071,96,557872.5
2071,97,483983.0
2071,98,390250.5
2071,99,297840.0
2072,0,652823.0
2072,1,653795.5
2072,2,653520.0
2072,3,652913.0
2072,4,652057.0
2072,5,651305.0
2072,6,651101.0
2072,7,650781.0
2072,8,651030.0
2072,9,652453.0
2072,10,654934.5
2072,11,658002.0
2072,12,661693.0
2072,13,666789.5
2072,14,673530.5
2072,15,682058.5
2072,16,694412.0
2072,17,711989.5
2072,18,735190.0
2072,19,764686.0
2072,20,798141.5
2072,21,832401.5
2072,22,864207.0
2072,23,890598.0
2072,24,910426.5
2072,25,924384.5
2072,26,933531.0
2072,27,937757.0
2072,28,939261.0
2072,29,939142.0
2072,30,937475.5
2072,31,935245.5
2072,32,931859.0
2072,33,926930.5
2072,34,920456.5
2072,35,913472.0
2072,36,906661.5
2072,37,899500.5
2072,38,892103.0
2072,39,885648.5
2072,40,879868.0
2072,41,874638.0
2072,42,870378.0
2072,43,866702.0
2072,44,864445.5
2072,45,863473.0
2072,46,864004.5
2072,47,866042.5
2072,48,866293.5
2072,49,882885.0
2072,50,909844.5
2072,51,932566.5
2072,52,956308.0
2072,53,988802.5
2072,54,1024680.0
2072,55,1055022.5
2072,56,1086316.5
2072,57,1100387.0
2072,58,1111966.0
2072,59,1129710.0
2072,60,1139445.5
2072,61,1151364.0
2072,62,1160826.0
2072,63,1171166.0
2072,64,1177267.0
2072,65,1170889.0
2072,66,1149468.5
2072,67,1138412.0
2072,68,1137456.5
2072,69,1125095.5
2072,70,1112001.0
2072,71,1098725.0
2072,72,1076827.0
2072,73,1058328.5
2072,74,1046090.5
2072,75,1035098.0
2072,76,1025015.5
2072,77,1026891.0
2072,78,1017501.5
2072,79,1000501.5
2072,80,1002685.0
2072,81,993637.5
2072,82,987730.0
2072,83,999096.5
2072,84,1005734.5
2072,85,997723.0
2072,86,989381.5
2072,87,983540.5
2072,88,960590.0
2072,89,914154.0
2072,90,862219.5
2072,91,819556.5
2072,92,778647.0
2072,93,728762.5
2072,94,666891.5
2072,95,600653.5
2072,96,534479.5
2072,97,469209.5
2072,98,396758.5
2072,99,310912.0
2073,0,653463.0
2073,1,654805.0
2073,2,655635.0
2073,3,655223.5
2073,4,654476.5
2073,5,653492.0
2073,6,652623.0
2073,7,652312.5
2073,8,651898.0
2073,9,652061.0
2073,10,653406.5
2073,11,655816.0
2073,12,658819.0
2073,13,662452.0
2073,14,667561.0
2073,15,674804.0
2073,16,685280.0
2073,17,701637.5
2073,18,724597.0
2073,19,753050.5
2073,20,786140.0
2073,21,820265.0
2073,22,851877.5
2073,23,878679.5
2073,24,899362.0
2073,25,914112.5
2073,26,924240.0
2073,27,930845.0
2073,28,933580.5
2073,29,934349.5
2073,30,933994.0
2073,31,932398.5
2073,32,930413.5
2073,33,927360.0
2073,34,922794.5
2073,35,916690.0
2073,36,910062.0
2073,37,903585.5
2073,38,896730.5
2073,39,889606.0
2073,40,883392.0
2073,41,877824.0
2073,42,872785.0
2073,43,868692.0
2073,44,865158.0
2073,45,863018.0
2073,46,862140.0
2073,47,862747.5
2073,48,864840.0
2073,49,865131.5
2073,50,881739.5
2073,51,908695.5
2073,52,931391.5
2073,53,955083.5
2073,54,987510.5
2073,55,1023305.5
2073,56,1053545.0
2073,57,1084712.5
2073,58,1098664.5
2073,59,1110104.0
2073,60,1127667.5
2073,61,1137216.5
2073,62,1148922.0
2073,63,1158159.0
2073,64,1168252.5
2073,65,1174087.0
2073,66,1167425.0
2073,67,1145727.0
2073,68,1134362.0
2073,69,1133075.5
2073,70,1120398.5
2073,71,1106960.5
2073,72,1093340.5
2073,73,1071125.5
2073,74,1052218.0
2073,75,1039430.0
2073,76,1027570.5
2073,77,1016717.0
2073,78,1017516.0
2073,79,1006857.0
2073,80,988405.0
2073,81,988650.5
2073,82,977458.0
2073,83,968894.0
2073,84,976615.5
2073,85,979078.0
2073,86,966739.0
2073,87,953168.0
2073,88,941241.0
2073,89,912405.0
2073,90,860675.5
2073,91,803502.5
2073,92,755082.0
2073,93,707932.0
2073,94,652430.0
2073,95,586606.0
2073,96,517634.0
2073,97,450211.5
2073,98,385247.0
2073,99,316605.5
2074,0,654023.5
2074,1,655442.0
2074,2,656641.5
2074,3,657336.0
2074,4,656784.5
2074,5,655909.0
2074,6,654807.0
2074,7,653832.5
2074,8,653427.5
2074,9,652926.5
2074,10,653012.5
2074,11,654287.0
2074,12,656631.0
2074,13,659577.0
2074,14,663222.5
2074,15,668829.5
2074,16,678008.0
2074,17,692460.0
2074,18,714164.0
2074,19,742340.0
2074,20,774364.0
2074,21,808119.5
2074,22,839617.0
2074,23,866264.5
2074,24,887400.0
2074,25,903041.5
2074,26,913990.0
2074,27,921593.5
2074,28,926717.5
2074,29,928722.5
2074,30,929255.5
2074,31,928969.0
2074,32,927616.5
2074,33,925960.0
2074,34,923265.5
2074,35,919065.5
2074,36,913314.0
2074,37,907018.0
2074,38,900844.0
2074,39,894259.5
2074,40,887373.5
2074,41,881370.5
2074,42,875992.0
2074,43,871119.5
2074,44,867167.0
2074,45,863750.0
2074,46,861704.0
2074,47,860902.0
2074,48,861566.5
2074,49,863697.5
2074,50,864019.0
2074,51,880633.0
2074,52,907563.5
2074,53,930214.5
2074,54,953853.5
2074,55,986206.5
2074,56,1021899.0
2074,57,1052020.0
2074,58,1083048.5
2074,59,1096862.0
2074,60,1108138.0
2074,61,1125508.0
2074,62,1134855.5
2074,63,1146336.0
2074,64,1155337.0
2074,65,1165164.0
2074,66,1170686.5
2074,67,1163702.0
2074,68,1141739.0
2074,69,1130088.5
2074,70,1128448.5
2074,71,1115427.0
2074,72,1101649.5
2074,73,1087671.5
2074,74,1065069.0
2074,75,1045659.5
2074,76,1032034.0
2074,77,1019429.0
2074,78,1007632.5
2074,79,1007089.0
2074,80,994932.5
2074,81,974839.0
2074,82,972845.0
2074,83,959166.5
2074,84,947491.0
2074,85,951166.5
2074,86,949161.0
2074,87,931874.5
2074,88,912732.5
2074,89,894650.0
2074,90,859712.0
2074,91,802801.0
2074,92,741077.0
2074,93,687262.0
2074,94,634523.5
2074,95,574629.0
2074,96,506243.0
2074,97,436683.5
2074,98,370261.5
2074,99,307944.5
2075,0,653947.0
2075,1,656062.0
2075,2,657333.0
2075,3,658391.5
2075,4,658941.0
2075,5,658257.5
2075,6,657262.0
2075,7,656051.5
2075,8,654979.0
2075,9,654486.0
2075,10,653905.5
2075,11,653918.5
2075,12,655125.5
2075,13,657411.0
2075,14,660368.0
2075,15,664507.5
2075,16,672040.5
2075,17,685176.0
2075,18,704949.5
2075,19,731846.0
2075,20,763578.0
2075,21,796274.0
2075,22,827432.0
2075,23,854010.0
2075,24,875040.0
2075,25,891175.5
2075,26,903042.5
2075,27,911481.0
2075,28,917609.0
2075,29,922000.5
2075,30,923764.0
2075,31,924357.5
2075,32,924305.0
2075,33,923271.0
2075,34,921965.0
2075,35,919627.0
2075,36,915772.5
2075,37,910345.5
2075,38,904344.5
2075,39,898435.5
2075,40,892084.0
2075,41,885405.0
2075,42,879587.5
2075,43,874372.0
2075,44,869637.0
2075,45,865799.5
2075,46,862474.5
2075,47,860504.5
2075,48,859759.0
2075,49,860461.5
2075,50,862621.0
2075,51,862962.0
2075,52,879562.0
2075,53,906446.5
2075,54,929048.5
2075,55,952627.0
2075,56,984888.0
2075,57,1020460.5
2075,58,1050451.0
2075,59,1081320.0
2075,60,1094971.0
2075,61,1106071.0
2075,62,1123232.0
2075,63,1132367.5
2075,64,1143612.0
2075,65,1152357.5
2075,66,1161872.5
2075,67,1167042.5
2075,68,1159745.5
2075,69,1137542.5
2075,70,1125587.0
2075,71,1123563.5
2075,72,1110202.0
2075,73,1096072.5
2075,74,1081663.0
2075,75,1058582.0
2075,76,1038378.5
2075,77,1024039.0
2075,78,1010520.0
2075,79,997530.0
2075,80,995409.0
2075,81,981560.5
2075,82,959559.0
2075,83,954971.0
2075,84,938369.5
2075,85,923246.5
2075,86,922587.0
2075,87,915467.0
2075,88,892910.5
2075,89,868155.0
2075,90,843647.0
2075,91,802619.5
2075,92,741192.0
2075,93,675305.0
2075,94,616744.0
2075,95,559576.0
2075,96,496605.5
2075,97,427726.5
2075,98,359719.0
2075,99,296486.0
2076,0,653028.0
2076,1,655982.5
2076,2,657949.5
2076,3,659079.0
2076,4,659993.0
2076,5,660410.5
2076,6,659608.0
2076,7,658503.5
2076,8,657195.5
2076,9,656035.5
2076,10,655462.0
2076,11,654809.5
2076,12,654755.5
2076,13,655904.0
2076,14,658200.5
2076,15,661647.5
2076,16,667701.5
2076,17,679166.5
2076,18,697589.5
2076,19,722523.0
2076,20,752953.5
2076,21,785355.5
2076,22,815472.5
2076,23,841745.0
2076,24,862745.0
2076,25,878808.5
2076,26,891194.5
2076,27,900567.5
2076,28,907540.5
2076,29,912940.0
2076,30,917089.5
2076,31,918912.0
2076,32,919737.5
2076,33,920000.5
2076,34,919314.0
2076,35,918361.5
2076,36,916365.5
2076,37,912832.0
2076,38,907698.0
2076,39,901960.0
2076,40,896281.5
2076,41,890135.5
2076,42,883641.0
2076,43,877984.5
2076,44,872906.0
2076,45,868285.5
2076,46,864540.0
2076,47,861292.0
2076,48,859378.0
2076,49,858672.5
2076,50,859405.5
2076,51,861584.0
2076,52,861926.5
2076,53,878492.5
2076,54,905327.5
2076,55,927875.0
2076,56,951377.5
2076,57,983528.5
2076,58,1018971.0
2076,59,1048811.5
2076,60,1079496.5
2076,61,1092972.0
2076,62,1103883.0
2076,63,1120824.0
2076,64,1129737.0
2076,65,1140726.5
2076,66,1149173.0
2076,67,1158335.5
2076,68,1163160.5
2076,69,1155573.5
2076,70,1133113.0
2076,71,1120827.0
2076,72,1118422.0
2076,73,1104706.5
2076,74,1090152.0
2076,75,1075217.0
2076,76,1051368.0
2076,77,1030505.5
2076,78,1015287.5
2076,79,1000606.5
2076,80,986207.0
2076,81,982302.0
2076,82,966484.5
2076,83,942261.5
2076,84,934626.0
2076,85,914784.0
2076,86,895986.5
2076,87,890354.0
2076,88,877757.5
2076,89,849896.0
2076,90,819286.5
2076,91,788300.5
2076,92,741747.5
2076,93,676160.0
2076,94,606778.5
2076,95,544604.0
2076,96,484259.0
2076,97,420209.5
2076,98,352906.0
2076,99,288531.0
2077,0,650965.0
2077,1,655036.5
2077,2,657844.5
2077,3,659672.0
2077,4,660659.5
2077,5,661442.5
2077,6,661743.0
2077,7,660832.5
2077,8,659632.0
2077,9,658237.5
2077,10,656998.5
2077,11,656354.0
2077,12,655635.5
2077,13,655523.5
2077,14,656683.0
2077,15,659467.0
2077,16,664816.5
2077,17,674775.5
2077,18,691491.5
2077,19,715040.0
2077,20,743483.5
2077,21,774577.5
2077,22,804414.5
2077,23,829675.5
2077,24,850403.5
2077,25,866467.0
2077,26,878805.0
2077,27,888714.0
2077,28,896632.0
2077,29,902882.0
2077,30,908042.5
2077,31,912252.5
2077,32,914307.5
2077,33,915446.5
2077,34,916057.0
2077,35,915723.0
2077,36,915110.5
2077,37,913435.5
2077,38,910194.0
2077,39,905321.0
2077,40,899814.0
2077,41,894340.5
2077,42,888378.5
2077,43,882044.5
2077,44,876525.5
2077,45,871561.5
2077,46,867033.0
2077,47,863365.5
2077,48,860174.0
2077,49,858302.5
2077,50,857629.0
2077,51,858382.5
2077,52,860562.0
2077,53,860887.5
2077,54,877418.0
2077,55,904198.5
2077,56,926675.0
2077,57,950084.0
2077,58,982117.5
2077,59,1017409.0
2077,60,1047076.0
2077,61,1077562.5
2077,62,1090850.0
2077,63,1101560.5
2077,64,1118271.0
2077,65,1126943.0
2077,66,1137635.0
2077,67,1145742.0
2077,68,1154558.5
2077,69,1159059.0
2077,70,1151160.5
2077,71,1128419.5
2077,72,1115806.5
2077,73,1113001.5
2077,74,1098860.5
2077,75,1083787.0
2077,76,1068036.0
2077,77,1043554.0
2077,78,1021872.0
2077,79,1005529.0
2077,80,989473.0
2077,81,973473.0
2077,82,967492.5
2077,83,949380.0
2077,84,922528.5
2077,85,911501.5
2077,86,888206.0
2077,87,865169.5
2077,88,854198.0
2077,89,836037.5
2077,90,802639.5
2077,91,766144.5
2077,92,729168.0
2077,93,677350.0
2077,94,608244.5
2077,95,536504.0
2077,96,471933.0
2077,97,410337.5
2077,98,347231.5
2077,99,283526.0
2078,0,648463.5
2078,1,652955.5
2078,2,656880.5
2078,3,659550.5
2078,4,661237.5
2078,5,662095.0
2078,6,662762.0
2078,7,662956.0
2078,8,661950.0
2078,9,660664.5
2078,10,659191.5
2078,11,657882.0
2078,12,657172.0
2078,13,656395.5
2078,14,656295.0
2078,15,657940.0
2078,16,662614.0
2078,17,671844.0
2078,18,687020.5
2078,19,708830.5
2078,20,735866.0
2078,21,764968.0
2078,22,793512.5
2078,23,818522.0
2078,24,838271.0
2078,25,854093.5
2078,26,866454.0
2078,27,876331.0
2078,28,884793.0
2078,29,891993.5
2078,30,898007.5
2078,31,903229.5
2078,32,907670.5
2078,33,910037.5
2078,34,911523.5
2078,35,912484.0
2078,36,912489.0
2078,37,912196.5
2078,38,910811.0
2078,39,907829.0
2078,40,903186.5
2078,41,897883.0
2078,42,892593.0
2078,43,886791.0
2078,44,880594.5
2078,45,875189.5
2078,46,870318.0
2078,47,865868.0
2078,48,862257.5
2078,49,859110.0
2078,50,857271.5
2078,51,856620.5
2078,52,857377.0
2078,53,859540.0
2078,54,859848.0
2078,55,876337.5
2078,56,903046.5
2078,57,925436.0
2078,58,948745.5
2078,59,980640.0
2078,60,1015759.0
2078,61,1045239.0
2078,62,1075512.0
2078,63,1088600.5
2078,64,1099103.0
2078,65,1115563.0
2078,66,1123953.0
2078,67,1134307.0
2078,68,1142081.5
2078,69,1150573.0
2078,70,1154725.0
2078,71,1146488.5
2078,72,1123474.5
2078,73,1110519.0
2078,74,1107242.5
2078,75,1092582.0
2078,76,1076701.0
2078,77,1060262.0
2078,78,1034988.0
2078,79,1012246.5
2078,80,994569.5
2078,81,976951.5
2078,82,959082.5
2078,83,950685.5
2078,84,929857.0
2078,85,900086.0
2078,86,885428.5
2078,87,858134.5
2078,88,830568.5
2078,89,814158.5
2078,90,790155.0
2078,91,751193.5
2078,92,709303.5
2078,93,666525.5
2078,94,609994.0
2078,95,538479.0
2078,96,465573.0
2078,97,400470.5
2078,98,339584.0
2078,99,279417.0
2079,0,645447.0
2079,1,650485.5
2079,2,654827.5
2079,3,658612.0
2079,4,661138.0
2079,5,662694.0
2079,6,663433.5
2079,7,663992.5
2079,8,664089.5
2079,9,662997.0
2079,10,661631.5
2079,11,660087.5
2079,12,658711.5
2079,13,657943.5
2079,14,657178.0
2079,15,657560.0
2079,16,661085.0
2079,17,669621.5
2079,18,684045.0
2079,19,704292.5
2079,20,729575.0
2079,21,757271.0
2079,22,783846.5
2079,23,807598.5
2079,24,827134.0
2079,25,842010.5
2079,26,854152.0
2079,27,864064.5
2079,28,872500.0
2079,29,880245.5
2079,30,887207.0
2079,31,893278.0
2079,32,898724.5
2079,33,903472.5
2079,34,906180.0
2079,35,908011.0
2079,36,909305.5
2079,37,909624.5
2079,38,909617.0
2079,39,908488.0
2079,40,905732.0
2079,41,901290.0
2079,42,896167.0
2079,43,891035.0
2079,44,885368.5
2079,45,879284.5
2079,46,873972.0
2079,47,869177.0
2079,48,864784.0
2079,49,861217.0
2079,50,858103.5
2079,51,856287.5
2079,52,855641.0
2079,53,856383.5
2079,54,858527.5
2079,55,858814.0
2079,56,875246.5
2079,57,901868.5
2079,58,924163.5
2079,59,947353.5
2079,60,979089.0
2079,61,1014021.0
2079,62,1043298.0
2079,63,1073346.0
2079,64,1086227.0
2079,65,1096502.5
2079,66,1112670.5
2079,67,1120740.0
2079,68,1130762.0
2079,69,1138225.0
2079,70,1146366.5
2079,71,1150141.0
2079,72,1141571.0
2079,73,1118271.0
2079,74,1104903.5
2079,75,1101058.5
2079,76,1085584.5
2079,77,1069023.0
2079,78,1051730.5
2079,79,1025427.5
2079,80,1001423.0
2079,81,982229.0
2079,82,962781.5
2079,83,942726.5
2079,84,931472.0
2079,85,907616.5
2079,86,874743.0
2079,87,855878.5
2079,88,824311.0
2079,89,792185.0
2079,90,770049.0
2079,91,740116.5
2079,92,696074.5
2079,93,648980.5
2079,94,600880.0
2079,95,540665.0
2079,96,467907.0
2079,97,395661.0
2079,98,331917.5
2079,99,273689.5
2080,0,641279.5
2080,1,647455.5
2080,2,652345.5
2080,3,656546.5
2080,4,660188.0
2080,5,662585.0
2080,6,664022.5
2080,7,664655.0
2080,8,665118.5
2080,9,665128.5
2080,10,663957.5
2080,11,662521.5
2080,12,660911.5
2080,13,659478.5
2080,14,658721.0
2080,15,658435.5
2080,16,660686.0
2080,17,668052.0
2080,18,681752.5
2080,19,701217.0
2080,20,724918.0
2080,21,750856.5
2080,22,776041.5
2080,23,797850.5
2080,24,816160.0
2080,25,830850.0
2080,26,842067.0
2080,27,851774.0
2080,28,860254.5
2080,29,867977.0
2080,30,875486.0
2080,31,882504.0
2080,32,888798.5
2080,33,894550.5
2080,34,899637.0
2080,35,902688.0
2080,36,904851.0
2080,37,906457.5
2080,38,907061.5
2080,39,907309.0
2080,40,906403.5
2080,41,903847.5
2080,42,899585.0
2080,43,894620.0
2080,44,889622.5
2080,45,884067.5
2080,46,878076.5
2080,47,872840.0
2080,48,868103.0
2080,49,863754.0
2080,50,860222.0
2080,51,857132.0
2080,52,855323.0
2080,53,854664.0
2080,54,855390.5
2080,55,857513.0
2080,56,857761.5
2080,57,874124.5
2080,58,900651.0
2080,59,922834.0
2080,60,945885.5
2080,61,977449.0
2080,62,1012177.5
2080,63,1041242.0
2080,64,1071053.5
2080,65,1083708.5
2080,66,1093717.0
2080,67,1109556.0
2080,68,1117310.5
2080,69,1127020.5
2080,70,1134147.5
2080,71,1141911.0
2080,72,1145310.0
2080,73,1136391.0
2080,74,1112737.5
2080,75,1098867.0
2080,76,1094158.0
2080,77,1078001.5
2080,78,1060594.5
2080,79,1042204.5
2080,80,1014670.0
2080,81,989228.5
2080,82,968251.5
2080,83,946661.0
2080,84,924008.5
2080,85,909560.0
2080,86,882475.0
2080,87,845984.0
2080,88,822599.5
2080,89,786741.0
2080,90,749837.5
2080,91,721872.5
2080,92,686428.0
2080,93,637486.0
2080,94,585661.5
2080,95,533194.5
2080,96,470402.0
2080,97,398207.5
2080,98,328445.5
2080,99,267933.0
2081,0,636527.0
2081,1,643289.0
2081,2,649316.5
2081,3,654064.0
2081,4,658123.0
2081,5,661635.0
2081,6,663913.5
2081,7,665244.5
2081,8,665780.5
2081,9,666157.0
2081,10,666090.0
2081,11,664847.5
2081,12,663345.5
2081,13,661678.5
2081,14,660255.0
2081,15,659975.0
2081,16,661548.5
2081,17,667621.5
2081,18,680124.0
2081,19,698840.0
2081,20,721741.5
2081,21,746096.5
2081,22,769539.5
2081,23,789985.5
2081,24,806384.0
2081,25,819875.5
2081,26,830926.5
2081,27,839721.5
2081,28,848004.5
2081,29,855775.0
2081,30,863261.5
2081,31,870825.5
2081,32,878064.5
2081,33,884662.0
2081,34,890749.5
2081,35,896176.5
2081,36,899556.5
2081,37,902029.5
2081,38,903919.5
2081,39,904776.0
2081,40,905245.5
2081,41,904538.5
2081,42,902160.5
2081,43,898054.0
2081,44,893223.0
2081,45,888335.5
2081,46,882873.5
2081,47,876958.0
2081,48,871780.5
2081,49,867087.0
2081,50,862774.0
2081,51,859266.0
2081,52,856184.5
2081,53,854365.0
2081,54,853693.0
2081,55,854399.5
2081,56,856483.5
2081,57,856685.0
2081,58,872969.5
2081,59,899384.5
2081,60,921436.5
2081,61,944339.0
2081,62,975714.5
2081,63,1010231.0
2081,64,1039072.5
2081,65,1068627.0
2081,66,1081017.5
2081,67,1090724.5
2081,68,1106237.5
2081,69,1113698.0
2081,70,1123072.5
2081,71,1129838.5
2081,72,1137225.0
2081,73,1140232.0
2081,74,1130894.0
2081,75,1106800.5
2081,76,1092137.0
2081,77,1086688.5
2081,78,1069687.0
2081,79,1051191.5
2081,80,1031493.5
2081,81,1002558.0
2081,82,975422.0
2081,83,952356.0
2081,84,928214.0
2081,85,902661.0
2081,86,884788.0
2081,87,853934.0
2081,88,813581.5
2081,89,785618.5
2081,90,745262.5
2081,91,703547.5
2081,92,670137.5
2081,93,629296.5
2081,94,575913.0
2081,95,520291.50000000006
2081,96,464493.5
2081,97,400890.5
2081,98,331070.5
2081,99,265578.5
2082,0,631888.5
2082,1,638531.5
2082,2,645145.5
2082,3,651030.5
2082,4,655636.5
2082,5,659565.5
2082,6,662960.0
2082,7,665131.5
2082,8,666366.5
2082,9,666816.5
2082,10,667116.0
2082,11,666976.5
2082,12,665669.5
2082,13,664110.0
2082,14,662452.5
2082,15,661504.5
2082,16,663074.5
2082,17,668449.5
2082,18,679632.5
2082,19,697126.5
2082,20,719261.5
2082,21,742815.0
2082,22,764687.5
2082,23,783418.5
2082,24,798483.0
2082,25,810090.0
2082,26,819961.0
2082,27,828604.0
2082,28,835982.0
2082,29,843558.5
2082,30,851093.5
2082,31,858635.0
2082,32,866417.5
2082,33,873958.5
2082,34,880889.0
2082,35,887315.0
2082,36,893069.5
2082,37,896757.5
2082,38,899511.0
2082,39,901651.5
2082,40,902730.0
2082,41,903396.5
2082,42,902866.0
2082,43,900642.5
2082,44,896670.0
2082,45,891948.0
2082,46,887153.5
2082,47,881766.0
2082,48,875910.5
2082,49,870776.5
2082,50,866119.0
2082,51,861831.5
2082,52,858332.0
2082,53,855242.5
2082,54,853411.0
2082,55,852722.0
2082,56,853393.5
2082,57,855429.5
2082,58,855576.0
2082,59,871767.5
2082,60,898052.0
2082,61,919962.5
2082,62,942701.5
2082,63,973881.5
2082,64,1008174.5
2082,65,1036773.0
2082,66,1066031.5
2082,67,1078122.0
2082,68,1087532.5
2082,69,1102740.0
2082,70,1109884.5
2082,71,1118898.5
2082,72,1125302.5
2082,73,1132296.0
2082,74,1134838.5
2082,75,1124989.0
2082,76,1100171.0
2082,77,1084844.5
2082,78,1078490.0
2082,79,1060398.5
2082,80,1040605.0
2082,81,1019417.0
2082,82,988825.0
2082,83,959697.0
2082,84,934134.5
2082,85,907140.0
2082,86,878487.0
2082,87,856614.5
2082,88,821717.5
2082,89,777511.0
2082,90,744718.0
2082,91,699837.0
2082,92,653742.5
2082,93,614975.0
2082,94,569131.0
2082,95,512217.0
2082,96,453803.0
2082,97,396382.0
2082,98,333786.5
2082,99,268127.5
2083,0,627035.0
2083,1,633859.5
2083,2,640356.5
2083,3,646830.5
2083,4,652576.0
2083,5,657054.0
2083,6,660867.5
2083,7,664157.0
2083,8,666235.0
2083,9,667385.5
2083,10,667759.0
2083,11,667987.5
2083,12,667785.0
2083,13,666421.0
2083,14,664872.0
2083,15,663687.5
2083,16,664578.5
2083,17,669927.5
2083,18,680384.5
2083,19,696529.5
2083,20,717421.5
2083,21,740202.0
2083,22,761281.5
2083,23,778463.5
2083,24,791836.0
2083,25,802132.0
2083,26,810136.5
2083,27,817613.5
2083,28,824847.5
2083,29,831525.5
2083,30,838871.0
2083,31,846463.0
2083,32,854224.5
2083,33,862310.5
2083,34,870185.0
2083,35,877454.0
2083,36,884208.5
2083,37,890270.5
2083,38,894239.0
2083,39,897244.0
2083,40,899606.5
2083,41,900881.5
2083,42,901725.0
2083,43,901349.0
2083,44,899259.0
2083,45,895396.0
2083,46,890767.5
2083,47,886047.5
2083,48,880720.5
2083,49,874909.5
2083,50,869812.0
2083,51,865182.5
2083,52,860904.0
2083,53,857398.0
2083,54,854298.0
2083,55,852452.5
2083,56,851731.0
2083,57,852357.5
2083,58,854339.0
2083,59,854417.5
2083,60,870499.0
2083,61,896641.0
2083,62,918397.5
2083,63,940966.0
2083,64,971940.5
2083,65,1005991.0
2083,66,1034309.0
2083,67,1063233.5
2083,68,1075030.5
2083,69,1084165.0
2083,70,1099043.5
2083,71,1105847.0
2083,72,1114498.5
2083,73,1120526.0
2083,74,1127054.0
2083,75,1129038.5
2083,76,1118392.5
2083,77,1092984.5
2083,78,1076835.5
2083,79,1069323.0
2083,80,1049933.5
2083,81,1028658.5
2083,82,1005712.5
2083,83,973167.0
2083,84,941651.0
2083,85,913293.5
2083,86,883248.5
2083,87,850957.0
2083,88,824773.0
2083,89,785808.5
2083,90,737566.0
2083,91,699869.0
2083,92,650896.0
2083,93,600556.5
2083,94,556792.0
2083,95,506793.5
2083,96,447325.5
2083,97,387778.0
2083,98,330514.5
2083,99,270756.0
2084,0,621038.5
2084,1,628973.0
2084,2,635653.5
2084,3,642013.0
2084,4,648349.5
2084,5,653969.0
2084,6,658334.0
2084,7,662044.5
2084,8,665241.5
2084,9,667236.5
2084,10,668311.5
2084,11,668616.0
2084,12,668782.0
2084,13,668524.0
2084,14,667170.5
2084,15,666092.0
2084,16,666737.0
2084,17,671386.5
2084,18,681788.0
2084,19,697178.0
2084,20,716701.0
2084,21,738232.0
2084,22,758547.5
2084,23,774956.0
2084,24,786802.5
2084,25,795428.5
2084,26,802139.5
2084,27,807762.5
2084,28,813839.5
2084,29,820379.5
2084,30,826830.5
2084,31,834234.5
2084,32,842049.5
2084,33,850115.5
2084,34,858535.5
2084,35,866749.5
2084,36,874347.0
2084,37,881409.0
2084,38,887751.5
2084,39,891972.5
2084,40,895199.0
2084,41,897759.5
2084,42,899211.5
2084,43,900209.0
2084,44,899966.5
2084,45,897986.5
2084,46,894216.5
2084,47,889663.5
2084,48,885004.0
2084,49,879722.5
2084,50,873949.0
2084,51,868880.0
2084,52,864260.5
2084,53,859977.0
2084,54,856462.5
2084,55,853350.5
2084,56,851475.0
2084,57,850711.5
2084,58,851287.5
2084,59,853201.0
2084,60,853196.5
2084,61,869157.0
2084,62,895146.0
2084,63,916741.5
2084,64,939131.5
2084,65,969882.5
2084,66,1003653.0
2084,67,1031654.5
2084,68,1060249.5
2084,69,1071770.5
2084,70,1080607.5
2084,71,1095132.0
2084,72,1101594.5
2084,73,1109869.0
2084,74,1115451.0
2084,75,1121421.5
2084,76,1122563.5
2084,77,1111245.5
2084,78,1085094.5
2084,79,1067882.0
2084,80,1058997.0
2084,81,1038124.0
2084,82,1015099.0
2084,83,990082.5
2084,84,955190.5
2084,85,920999.5
2084,86,889652.5
2084,87,856019.0
2084,88,819815.5
2084,89,789250.0
2084,90,746001.5
2084,91,693716.0
2084,92,651497.5
2084,93,598558.5
2084,94,544368.0
2084,95,496412.0
2084,96,443171.5
2084,97,382770.5
2084,98,323808.5
2084,99,268521.0
2085,0,614997.0
2085,1,622913.5
2085,2,630709.0
2085,3,637256.0
2085,4,643483.0
2085,5,649697.5
2085,6,655207.5
2085,7,659472.5
2085,8,663094.0
2085,9,666210.0
2085,10,668132.0
2085,11,669140.0
2085,12,669384.5
2085,13,669496.5
2085,14,669250.0
2085,15,668365.5
2085,16,669106.0
2085,17,673484.0
2085,18,683152.0
2085,19,698454.5
2085,20,717197.5
2085,21,737350.5
2085,22,756420.0
2085,23,772078.5
2085,24,783170.0
2085,25,790288.5
2085,26,795346.0
2085,27,799689.5
2085,28,803923.0
2085,29,809315.5
2085,30,815635.0
2085,31,822151.0
2085,32,829783.0
2085,33,837906.0
2085,34,846310.0
2085,35,855073.0
2085,36,863618.0
2085,37,871525.0
2085,38,878870.0
2085,39,885466.5
2085,40,889910.5
2085,41,893338.0
2085,42,896075.5
2085,43,897683.5
2085,44,898816.5
2085,45,898684.5
2085,46,896797.5
2085,47,893105.0
2085,48,888613.0
2085,49,884000.5
2085,50,878756.5
2085,51,873012.5
2085,52,867956.0
2085,53,863332.5
2085,54,859043.0
2085,55,855517.5
2085,56,852378.5
2085,57,850464.0
2085,58,849653.0
2085,59,850165.5
2085,60,851995.5
2085,61,851900.0
2085,62,867731.0
2085,63,893559.0
2085,64,914985.0
2085,65,937180.5
2085,66,967671.5
2085,67,1001128.0
2085,68,1028817.5
2085,69,1057095.5
2085,70,1068320.5
2085,71,1076836.5
2085,72,1091006.0
2085,73,1097113.5
2085,74,1104944.0
2085,75,1109988.0
2085,76,1115126.5
2085,77,1115541.0
2085,78,1103390.0
2085,79,1076263.0
2085,80,1057783.5
2085,81,1047328.0
2085,82,1024699.5
2085,83,999611.5
2085,84,972109.0
2085,85,934586.0
2085,86,897536.5
2085,87,862660.5
2085,88,825161.0
2085,89,785013.0
2085,90,749802.0
2085,91,702221.5
2085,92,646340.0
2085,93,599671.0
2085,94,543154.0
2085,95,485934.0
2085,96,434653.0
2085,97,379741.5
2085,98,320089.0
2085,99,263469.5
2086,0,609314.0
2086,1,616857.5
2086,2,624635.5
2086,3,632297.5
2086,4,638713.5
2086,5,644820.0
2086,6,650925.0
2086,7,656336.5
2086,8,660513.5
2086,9,664054.0
2086,10,667098.0
2086,11,668953.5
2086,12,669902.0
2086,13,670093.0
2086,14,670216.5
2086,15,670437.0
2086,16,671362.0
2086,17,675816.5
2086,18,685188.5
2086,19,699733.5
2086,20,718371.5
2086,21,737741.5
2086,22,755443.0
2086,23,769877.0
2086,24,780243.0
2086,25,786628.5
2086,26,790196.0
2086,27,792897.5
2086,28,795859.0
2086,29,799413.0
2086,30,804586.5
2086,31,810972.5
2086,32,817715.5
2086,33,825655.0
2086,34,834116.0
2086,35,842861.0
2086,36,851954.5
2086,37,860808.0
2086,38,868998.0
2086,39,876595.5
2086,40,883415.0
2086,41,888059.0
2086,42,891663.0
2086,43,894556.5
2086,44,896299.5
2086,45,897542.5
2086,46,897503.5
2086,47,895694.0
2086,48,892062.0
2086,49,887617.0
2086,50,883041.5
2086,51,877827.5
2086,52,872097.5
2086,53,867038.0
2086,54,862410.0
2086,55,858109.5
2086,56,854559.5
2086,57,851384.0
2086,58,849424.5
2086,59,848553.5
2086,60,848985.5
2086,61,850725.5
2086,62,850530.5
2086,63,866225.0
2086,64,891883.5
2086,65,913125.5
2086,66,935092.5
2086,67,965292.5
2086,68,998436.5
2086,69,1025826.0
2086,70,1053766.5
2086,71,1064671.5
2086,72,1072867.0
2086,73,1086666.0
2086,74,1092353.0
2086,75,1099647.5
2086,76,1103885.5
2086,77,1108297.5
2086,78,1107820.5
2086,79,1094593.5
2086,80,1066296.0
2086,81,1046363.5
2086,82,1034053.5
2086,83,1009354.0
2086,84,981784.0
2086,85,951486.5
2086,86,911151.5
2086,87,870715.0
2086,88,832032.0
2086,89,790633.0
2086,90,746312.0
2086,91,706355.0
2086,92,654852.5
2086,93,595497.5
2086,94,544719.5
2086,95,485429.0
2086,96,426044.5
2086,97,372957.5
2086,98,318025.0
2086,99,260841.5
2087,0,603115.0
2087,1,611209.5
2087,2,618610.0
2087,3,626251.5
2087,4,633780.0
2087,5,640073.5
2087,6,646068.5
2087,7,652074.0
2087,8,657395.5
2087,9,661490.0
2087,10,664957.5
2087,11,667934.0
2087,12,669728.5
2087,13,670623.0
2087,14,670824.5
2087,15,671413.5
2087,16,673436.5
2087,17,678063.0
2087,18,687495.0
2087,19,701727.5
2087,20,719599.0
2087,21,738866.5
2087,22,755803.0
2087,23,768896.5
2087,24,778069.0
2087,25,783754.5
2087,26,786606.5
2087,27,787827.5
2087,28,789151.5
2087,29,791431.5
2087,30,794764.0
2087,31,799999.0
2087,32,806607.5
2087,33,813653.0
2087,34,821925.5
2087,35,830722.0
2087,36,839794.0
2087,37,849192.0
2087,38,858324.0
2087,39,866763.5
2087,40,874582.0
2087,41,881597.5
2087,42,886416.5
2087,43,890174.5
2087,44,893200.5
2087,45,895052.5
2087,46,896387.0
2087,47,896423.5
2087,48,894674.0
2087,49,891087.5
2087,50,886679.5
2087,51,882134.0
2087,52,876933.0
2087,53,871201.0
2087,54,866137.5
2087,55,861498.0
2087,56,857175.5
2087,57,853589.0
2087,58,850371.5
2087,59,848354.0
2087,60,847407.0
2087,61,847753.5
2087,62,849393.0
2087,63,849095.5
2087,64,864646.0
2087,65,890120.5
2087,66,911146.0
2087,67,932856.5
2087,68,962767.0
2087,69,995611.5
2087,70,1022681.0
2087,71,1050257.5
2087,72,1060844.0
2087,73,1068705.0
2087,74,1082069.0
2087,75,1087248.5
2087,76,1093735.0
2087,77,1097273.5
2087,78,1100798.5
2087,79,1099184.0
2087,80,1084674.0
2087,81,1055033.0
2087,82,1033380.0
2087,83,1018884.0
2087,84,991691.5
2087,85,961329.0
2087,86,928032.0
2087,87,884356.0
2087,88,840270.5
2087,89,797744.5
2087,90,752212.5
2087,91,703654.0
2087,92,659306.5
2087,93,603961.0
2087,94,541522.0
2087,95,487391.0
2087,96,426171.0
2087,97,366109.5
2087,98,312818.0
2087,99,259575.49999999997
2088,0,597018.5
2088,1,605035.0
2088,2,612983.0
2088,3,620246.0
2088,4,627752.0
2088,5,635156.0
2088,6,641337.0
2088,7,647231.0
2088,8,653145.0
2088,9,658383.5
2088,10,662404.5
2088,11,665803.5
2088,12,668718.5
2088,13,670458.5
2088,14,671363.0
2088,15,672027.0
2088,16,674412.0
2088,17,680123.5
2088,18,689710.5
2088,19,703985.5
2088,20,721535.0
2088,21,740036.5
2088,22,756887.0
2088,23,769241.5
2088,24,777102.0
2088,25,781617.0
2088,26,783786.0
2088,27,784301.0
2088,28,784148.0
2088,29,784791.5
2088,30,786849.0
2088,31,790239.0
2088,32,795693.0
2088,33,802599.0
2088,34,809973.0
2088,35,818578.5
2088,36,827698.0
2088,37,837071.0
2088,38,846744.5
2088,39,856124.0
2088,40,864782.0
2088,41,872794.0
2088,42,879983.0
2088,43,884954.5
2088,44,888843.0
2088,45,891977.5
2088,46,893920.0
2088,47,895329.0
2088,48,895425.0
2088,49,893719.0
2088,50,890169.5
2088,51,885791.5
2088,52,881258.0
2088,53,876055.0
2088,54,870319.5
2088,55,865245.5
2088,56,860585.0
2088,57,856227.5
2088,58,852600.5
2088,59,849327.0
2088,60,847238.0
2088,61,846208.5
2088,62,846460.0
2088,63,847997.0
2088,64,847590.5
2088,65,862984.0
2088,66,888243.0
2088,67,909025.5
2088,68,930482.5
2088,69,960117.5
2088,70,992640.5
2088,71,1019366.0
2088,72,1046578.0
2088,73,1056831.0
2088,74,1064297.0
2088,75,1077140.5
2088,76,1081538.0
2088,77,1087330.5
2088,78,1090014.0
2088,79,1092408.5
2088,80,1089442.0
2088,81,1073461.5
2088,82,1042222.5
2088,83,1018534.0
2088,84,1001412.0
2088,85,971413.0
2088,86,938050.0
2088,87,901190.0
2088,88,853913.5
2088,89,806157.5
2088,90,759552.0
2088,91,709816.0
2088,92,657408.5
2088,93,608694.0
2088,94,549855.0
2088,95,485129.0
2088,96,428449.0
2088,97,366763.5
2088,98,307574.5
2088,99,255752.5
2089,0,591345.0
2089,1,598890.5
2089,2,606764.5
2089,3,614578.5
2089,4,621709.0
2089,5,629094.0
2089,6,636388.5
2089,7,642470.5
2089,8,648275.0
2089,9,654108.5
2089,10,659275.0
2089,11,663229.5
2089,12,666568.5
2089,13,669430.5
2089,14,671181.0
2089,15,672546.0
2089,16,674996.5
2089,17,681049.0
2089,18,691692.0
2089,19,706094.0
2089,20,723666.0
2089,21,741836.5
2089,22,757926.5
2089,23,770209.0
2089,24,777349.0
2089,25,780569.5
2089,26,781583.5
2089,27,781426.5
2089,28,780577.5
2089,29,779751.5
2089,30,780177.5
2089,31,782297.0
2089,32,785909.5
2089,33,791664.0
2089,34,798900.5
2089,35,806611.0
2089,36,815540.0
2089,37,824962.5
2089,38,834613.0
2089,39,844535.0
2089,40,854134.0
2089,41,862987.0
2089,42,871174.0
2089,43,878515.5
2089,44,883618.5
2089,45,887617.5
2089,46,890843.0
2089,47,892861.5
2089,48,894330.0
2089,49,894470.0
2089,50,892802.0
2089,51,889282.5
2089,52,884917.5
2089,53,880382.5
2089,54,875176.5
2089,55,869433.0
2089,56,864338.5
2089,57,859646.0
2089,58,855249.5
2089,59,851568.5
2089,60,848227.0
2089,61,846058.5
2089,62,844939.5
2089,63,845093.5
2089,64,846522.0
2089,65,845995.5
2089,66,861205.0
2089,67,886222.5
2089,68,906764.5
2089,69,927982.5
2089,70,957322.0
2089,71,989501.0
2089,72,1015882.5
2089,73,1042712.0
2089,74,1052572.5
2089,75,1059562.5
2089,76,1071617.0
2089,77,1075355.0
2089,78,1080300.0
2089,79,1081890.5
2089,80,1082943.5
2089,81,1078428.0
2089,82,1060704.0
2089,83,1027568.0
2089,84,1001424.0
2089,85,981338.0
2089,86,948318.5
2089,87,911386.0
2089,88,870666.5
2089,89,819774.5
2089,90,768123.0
2089,91,717361.0
2089,92,663804.0
2089,93,607594.0
2089,94,554807.5
2089,95,493238.5
2089,96,427052.5
2089,97,369260.5
2089,98,308634.0
2089,99,251916.5
2090,0,586134.5
2090,1,593176.0
2090,2,600582.0
2090,3,608324.5
2090,4,616009.0
2090,5,623021.0
2090,6,630298.5
2090,7,637497.0
2090,8,643491.5
2090,9,649217.0
2090,10,654980.0
2090,11,660081.5
2090,12,663977.0
2090,13,667264.0
2090,14,670138.0
2090,15,672348.0
2090,16,675489.0
2090,17,681587.0
2090,18,692542.5
2090,19,707974.0
2090,20,725653.0
2090,21,743839.0
2090,22,759604.0
2090,23,771140.5
2090,24,778227.5
2090,25,780746.0
2090,26,780480.5
2090,27,779180.5
2090,28,777668.5
2090,29,776152.0
2090,30,775113.5
2090,31,775605.5
2090,32,777950.0
2090,33,781865.5
2090,34,787953.0
2090,35,795527.5
2090,36,803562.5
2090,37,812796.0
2090,38,822497.5
2090,39,832397.5
2090,40,842540.0
2090,41,852335.5
2090,42,861364.0
2090,43,869704.5
2090,44,877178.0
2090,45,882392.5
2090,46,886483.0
2090,47,889785.0
2090,48,891863.5
2090,49,893378.0
2090,50,893556.5
2090,51,891917.0
2090,52,888411.5
2090,53,884046.0
2090,54,879509.0
2090,55,874296.0
2090,56,868532.0
2090,57,863407.5
2090,58,858677.0
2090,59,854229.5
2090,60,850482.5
2090,61,847065.5
2090,62,844811.5
2090,63,843599.5
2090,64,843650.5
2090,65,844959.5
2090,66,844289.5
2090,67,859290.5
2090,68,884068.0
2090,69,904384.0
2090,70,925345.5
2090,71,954368.0
2090,72,986201.5
2090,73,1012222.0
2090,74,1038609.0
2090,75,1047998.0
2090,76,1054252.5
2090,77,1065633.0
2090,78,1068561.5
2090,79,1072425.5
2090,80,1072717.5
2090,81,1072231.0
2090,82,1065881.0
2090,83,1046090.5
2090,84,1010651.5
2090,85,981734.5
2090,86,958441.0
2090,87,921819.0
2090,88,881010.0
2090,89,836377.5
2090,90,781640.5
2090,91,726026.5
2090,92,671479.5
2090,93,614130.0
2090,94,554431.5
2090,95,498287.5
2090,96,434781.0
2090,97,368585.0
2090,98,311198.0
2090,99,253207.0
2091,0,581578.5
2091,1,587943.5
2091,2,594846.0
2091,3,602122.5
2091,4,609737.0
2091,5,617304.5
2091,6,624210.5
2091,7,631393.5
2091,8,638505.5
2091,9,644422.0
2091,10,650077.5
2091,11,655776.5
2091,12,660820.0
2091,13,664664.0
2091,14,667964.0
2091,15,671294.0
2091,16,675271.5
2091,17,682042.5
2091,18,693019.0
2091,19,708739.0
2091,20,727430.0
2091,21,745719.5
2091,22,761508.0
2091,23,772737.5
2091,24,779099.5
2091,25,781585.0
2091,26,780632.5
2091,27,778065.0
2091,28,775416.0
2091,29,773242.0
2091,30,771516.0
2091,31,770545.0
2091,32,771262.0
2091,33,773910.5
2091,34,778159.5
2091,35,784584.5
2091,36,792484.0
2091,37,800824.0
2091,38,810336.5
2091,39,820287.0
2091,40,830408.0
2091,41,840748.0
2091,42,850718.5
2091,43,859901.5
2091,44,868373.5
2091,45,875958.5
2091,46,881265.0
2091,47,885432.5
2091,48,888795.0
2091,49,890921.0
2091,50,892472.5
2091,51,892679.5
2091,52,891054.0
2091,53,887549.0
2091,54,883182.0
2091,55,878638.0
2091,56,873405.0
2091,57,867612.0
2091,58,862451.0
2091,59,857671.5
2091,60,853160.5
2091,61,849340.5
2091,62,845841.5
2091,63,843498.5
2091,64,842188.5
2091,65,842127.0
2091,66,843292.0
2091,67,842457.0
2091,68,857253.0
2091,69,881803.5
2091,70,901876.5
2091,71,922563.5
2091,72,951267.0
2091,73,982739.0
2091,74,1008342.0
2091,75,1034205.5
2091,76,1042867.5
2091,77,1048500.5
2091,78,1059058.0
2091,79,1060952.0
2091,80,1063531.0
2091,81,1062332.0
2091,82,1060021.5
2091,83,1051500.0
2091,84,1029210.0
2091,85,991171.0
2091,86,959260.0
2091,87,932142.0
2091,88,891602.5
2091,89,846855.5
2091,90,798038.5
2091,91,739389.5
2091,92,680198.5
2091,93,621880.0
2091,94,561041.0
2091,95,498585.0
2091,96,439832.0
2091,97,375825.5
2091,98,311122.5
2091,99,255731.5
2092,0,577286.0
2092,1,583316.0
2092,2,589548.0
2092,3,596326.0
2092,4,603479.5
2092,5,610982.0
2092,6,618448.0
2092,7,625262.5
2092,8,632362.0
2092,9,639399.5
2092,10,645248.5
2092,11,650843.5
2092,12,656486.5
2092,13,661480.0
2092,14,665338.5
2092,15,669092.5
2092,16,674179.5
2092,17,681763.0
2092,18,693380.5
2092,19,709089.5
2092,20,728046.0
2092,21,747336.0
2092,22,763228.0
2092,23,774491.5
2092,24,780561.0
2092,25,782337.0
2092,26,781366.0
2092,27,778124.5
2092,28,774219.0
2092,29,770918.0
2092,30,768541.5
2092,31,766889.5
2092,32,766149.5
2092,33,767176.5
2092,34,770163.0
2092,35,774753.5
2092,36,781507.5
2092,37,789715.5
2092,38,798337.0
2092,39,808101.5
2092,40,818276.0
2092,41,828597.0
2092,42,839114.0
2092,43,849241.0
2092,44,858557.5
2092,45,867143.0
2092,46,874821.5
2092,47,880206.0
2092,48,884436.0
2092,49,887847.0
2092,50,890011.0
2092,51,891593.5
2092,52,891814.5
2092,53,890190.5
2092,54,886683.0
2092,55,882310.0
2092,56,877747.5
2092,57,872486.0
2092,58,866659.5
2092,59,861451.0
2092,60,856610.0
2092,61,852028.5
2092,62,848129.0
2092,63,844545.5
2092,64,842109.0
2092,65,840693.0
2092,66,840493.5
2092,67,841494.0
2092,68,840500.5
2092,69,855104.0
2092,70,879412.0
2092,71,899225.5
2092,72,919636.0
2092,73,948007.0
2092,74,979062.0
2092,75,1004169.0
2092,76,1029261.0
2092,77,1037308.5
2092,78,1042178.5
2092,79,1051690.0
2092,80,1052351.0
2092,81,1053454.5
2092,82,1050485.0
2092,83,1046014.5
2092,84,1034870.5
2092,85,1009747.5
2092,86,968908.0
2092,87,933411.0
2092,88,902111.5
2092,89,857581.0
2092,90,808610.5
2092,91,755496.5
2092,92,693325.5
2092,93,630573.0
2092,94,568769.0
2092,95,505160.5
2092,96,440703.5
2092,97,380750.0
2092,98,317748.0
2092,99,256101.5
2093,0,573095.0
2093,1,578999.0
2093,2,584898.0
2093,3,591007.0
2093,4,597664.0
2093,5,604707.0
2093,6,612109.0
2093,7,619484.0
2093,8,626217.0
2093,9,633243.0
2093,10,640214.0
2093,11,646003.5
2093,12,651542.5
2093,13,657136.5
2093,14,662146.0
2093,15,666456.5
2093,16,671958.5
2093,17,680633.0
2093,18,693038.0
2093,19,709363.5
2093,20,728292.0
2093,21,747841.5
2093,22,764743.0
2093,23,776127.5
2093,24,782252.5
2093,25,783755.5
2093,26,782091.5
2093,27,778841.5
2093,28,774270.0
2093,29,769717.0
2093,30,766216.0
2093,31,763916.0
2093,32,762496.0
2093,33,762066.5
2093,34,763432.0
2093,35,766760.0
2093,36,771680.0
2093,37,778742.0
2093,38,787231.5
2093,39,796105.5
2093,40,806095.0
2093,41,816470.0
2093,42,826968.5
2093,43,837642.0
2093,44,847903.0
2093,45,857333.5
2093,46,866013.0
2093,47,873769.5
2093,48,879217.0
2093,49,883495.5
2093,50,886946.0
2093,51,889141.0
2093,52,890737.5
2093,53,890960.0
2093,54,889333.0
2093,55,885820.0
2093,56,881429.5
2093,57,876838.5
2093,58,871544.5
2093,59,865672.0
2093,60,860403.5
2093,61,855494.0
2093,62,850835.5
2093,63,846854.5
2093,64,843182.0
2093,65,840643.5
2093,66,839095.5
2093,67,838739.0
2093,68,839581.0
2093,69,838443.0
2093,70,852842.0
2093,71,876889.5
2093,72,896441.5
2093,73,916564.5
2093,74,944549.0
2093,75,975112.0
2093,76,999481.0
2093,77,1023900.5
2093,78,1031194.5
2093,79,1035087.0
2093,80,1043352.5
2093,81,1042597.0
2093,82,1041945.5
2093,83,1036876.0
2093,84,1029793.0
2093,85,1015667.0
2093,86,987472.0
2093,87,943257.5
2093,88,903841.0
2093,89,868238.5
2093,90,819414.5
2093,91,766092.5
2093,92,709027.0
2093,93,643338.5
2093,94,577317.0
2093,95,512732.99999999994
2093,96,447100.0
2093,97,382049.0
2093,98,322396.5
2093,99,261985.5
2094,0,569414.0
2094,1,574874.0
2094,2,580640.0
2094,3,586410.5
2094,4,592393.5
2094,5,598936.0
2094,6,605875.0
2094,7,613182.5
2094,8,620474.0
2094,9,627130.5
2094,10,634087.5
2094,11,640996.0
2094,12,646728.0
2094,13,652217.5
2094,14,657825.0
2094,15,663283.5
2094,16,669338.0
2094,17,678419.0
2094,18,691905.0
2094,19,709007.5
2094,20,728547.5
2094,21,748076.0
2094,22,765260.0
2094,23,777686.0
2094,24,783965.5
2094,25,785551.0
2094,26,783631.0
2094,27,779695.5
2094,28,775117.5
2094,29,769893.5
2094,30,765134.5
2094,31,761703.5
2094,32,759626.5
2094,33,758508.5
2094,34,758409.0
2094,35,760109.5
2094,36,763760.5
2094,37,768982.5
2094,38,776320.5
2094,39,785058.0
2094,40,794153.5
2094,41,804339.0
2094,42,814888.0
2094,43,825540.5
2094,44,836345.5
2094,45,846719.0
2094,46,856241.0
2094,47,864998.0
2094,48,872815.5
2094,49,878310.5
2094,50,882627.5
2094,51,886107.5
2094,52,888316.5
2094,53,889913.5
2094,54,890132.0
2094,55,888498.0
2094,56,884968.0
2094,57,880549.0
2094,58,875924.5
2094,59,870584.5
2094,60,864653.0
2094,61,859318.5
2094,62,854333.0
2094,63,849596.0
2094,64,845528.5
2094,65,841757.5
2094,66,839093.0
2094,67,837394.5
2094,68,836886.0
2094,69,837584.0
2094,70,836292.5
2094,71,850469.0
2094,72,874255.0
2094,73,893535.0
2094,74,913320.5
2094,75,940849.0
2094,76,970669.0
2094,77,994400.0
2094,78,1018006.0
2094,79,1024335.0
2094,80,1027061.5
2094,81,1033896.0
2094,82,1031452.0
2094,83,1028719.5
2094,84,1021107.0
2094,85,1011049.0
2094,86,993675.0
2094,87,961785.0
2094,88,913887.5
2094,89,870457.0
2094,90,830201.0
2094,91,776939.0
2094,92,719601.5
2094,93,658539.5
2094,94,589627.5
2094,95,521050.50000000006
2094,96,454415.5
2094,97,388162.0
2094,98,324011.0
2094,99,266261.5
2095,0,566318.0
2095,1,571219.0
2095,2,576538.5
2095,3,582173.5
2095,4,587816.5
2095,5,593683.0
2095,6,600120.5
2095,7,606964.0
2095,8,614186.5
2095,9,621400.5
2095,10,627987.0
2095,11,634881.0
2095,12,641732.0
2095,13,647413.5
2095,14,652914.0
2095,15,658969.5
2095,16,666165.5
2095,17,675786.0
2095,18,689662.0
2095,19,707829.5
2095,20,728136.5
2095,21,748278.5
2095,22,765457.5
2095,23,778192.0
2095,24,785540.5
2095,25,787304.5
2095,26,785483.0
2095,27,781301.5
2095,28,776041.5
2095,29,770811.0
2095,30,765379.0
2095,31,760685.5
2095,32,757473.5
2095,33,755693.0
2095,34,754901.5
2095,35,755133.5
2095,36,757153.0
2095,37,761102.5
2095,38,766597.5
2095,39,774182.0
2095,40,783138.0
2095,41,792427.5
2095,42,802786.0
2095,43,813487.5
2095,44,824271.0
2095,45,835187.0
2095,46,845651.5
2095,47,855250.5
2095,48,864068.0
2095,49,871932.5
2095,50,877465.5
2095,51,881812.0
2095,52,885306.0
2095,53,887515.5
2095,54,889108.0
2095,55,889319.0
2095,56,887667.0
2095,57,884108.5
2095,58,879656.0
2095,59,874986.5
2095,60,869587.5
2095,61,863592.0
2095,62,858183.5
2095,63,853121.5
2095,64,848300.5
2095,65,844137.5
2095,66,840246.0
2095,67,837436.0
2095,68,835592.5
2095,69,834948.0
2095,70,835492.0
2095,71,834031.0
2095,72,847987.5
2095,73,871500.0
2095,74,890460.5
2095,75,909843.5
2095,76,936665.5
2095,77,965854.5
2095,78,988813.5
2095,79,1011391.5
2095,80,1016571.0
2095,81,1017956.0
2095,82,1023086.0
2095,83,1018638.0
2095,84,1013383.5
2095,85,1002873.0
2095,86,989568.0
2095,87,968290.0
2095,88,932346.0
2095,89,880698.0
2095,90,832928.5
2095,91,787820.0
2095,92,730445.5
2095,93,669026.5
2095,94,604216.5
2095,95,532798.5
2095,96,462398.5
2095,97,395110.0
2095,98,329732.0
2095,99,268065.5
2096,0,564069.5
2096,1,568065.0
2096,2,572831.0
2096,3,578023.5
2096,4,583535.5
2096,5,589065.0
2096,6,594830.0
2096,7,601175.5
2096,8,607936.0
2096,9,615083.5
2096,10,622229.5
2096,11,628755.5
2096,12,635593.5
2096,13,642395.0
2096,14,648089.5
2096,15,654037.0
2096,16,661819.0
2096,17,672558.5
2096,18,686943.5
2096,19,705471.5
2096,20,726821.0
2096,21,747721.5
2096,22,765517.0
2096,23,778259.0
2096,24,785933.0
2096,25,788783.5
2096,26,787155.0
2096,27,783084.5
2096,28,777587.5
2096,29,771684.0
2096,30,766251.0
2096,31,760889.5
2096,32,756420.0
2096,33,753507.5
2096,34,752058.0
2096,35,751600.0
2096,36,752154.0
2096,37,754474.0
2096,38,758699.0
2096,39,764443.0
2096,40,772247.5
2096,41,781400.0
2096,42,790864.0
2096,43,801376.5
2096,44,812211.5
2096,45,823106.0
2096,46,834116.5
2096,47,844658.5
2096,48,854320.5
2096,49,863185.5
2096,50,871089.0
2096,51,876652.5
2096,52,881014.0
2096,53,884509.0
2096,54,886716.0
2096,55,888302.5
2096,56,888494.0
2096,57,886813.5
2096,58,883222.0
2096,59,878726.0
2096,60,873998.5
2096,61,868535.5
2096,62,862469.5
2096,63,856986.5
2096,64,851843.0
2096,65,846930.5
2096,66,842650.0
2096,67,838618.5
2096,68,835670.5
2096,69,833698.0
2096,70,832907.0
2096,71,833283.0
2096,72,831657.5
2096,73,845383.5
2096,74,868578.0
2096,75,887157.0
2096,76,905901.0
2096,77,932137.0
2096,78,960564.5
2096,79,982547.5
2096,80,1003908.5
2096,81,1007765.5
2096,82,1007550.0
2096,83,1010658.5
2096,84,1003777.5
2096,85,995648.0
2096,86,981972.0
2096,87,964762.0
2096,88,939184.5
2096,89,899061.5
2096,90,843362.5
2096,91,791081.5
2096,92,741391.0
2096,93,679814.0
2096,94,614544.0
2096,95,546667.0
2096,96,473472.5
2096,97,402657.0
2096,98,336206.5
2096,99,273295.5
2097,0,562786.5
2097,1,565817.0
2097,2,569677.0
2097,3,574315.5
2097,4,579384.5
2097,5,584783.0
2097,6,590211.5
2097,7,595884.5
2097,8,602147.0
2097,9,608832.5
2097,10,615912.5
2097,11,622998.0
2097,12,629467.0
2097,13,636256.5
2097,14,643071.0
2097,15,649210.0
2097,16,656876.5
2097,17,668186.0
2097,18,683669.5
2097,19,702685.5
2097,20,724382.0
2097,21,746323.5
2097,22,764889.0
2097,23,778270.0
2097,24,785976.5
2097,25,789174.0
2097,26,788647.5
2097,27,784781.0
2097,28,779400.5
2097,29,773262.5
2097,30,767156.5
2097,31,761793.0
2097,32,756654.0
2097,33,752482.5
2097,34,749898.5
2097,35,748780.5
2097,36,748642.0
2097,37,749495.5
2097,38,752089.5
2097,39,756562.5
2097,40,762526.0
2097,41,770526.5
2097,42,779852.5
2097,43,789470.5
2097,44,800116.0
2097,45,811062.0
2097,46,822052.0
2097,47,833139.5
2097,48,843745.0
2097,49,853455.0
2097,50,862359.5
2097,51,870293.0
2097,52,875871.5
2097,53,880235.0
2097,54,883728.5
2097,55,885929.5
2097,56,887496.5
2097,57,887659.5
2097,58,885946.0
2097,59,882310.5
2097,60,877758.0
2097,61,872967.0
2097,62,867434.5
2097,63,861296.0
2097,64,855734.5
2097,65,850502.0
2097,66,845476.0
2097,67,841059.0
2097,68,836895.5
2097,69,833824.5
2097,70,831713.0
2097,71,830763.0
2097,72,830974.5
2097,73,829178.0
2097,74,842632.5
2097,75,865448.5
2097,76,883412.0
2097,77,901634.5
2097,78,927162.5
2097,79,954633.0
2097,80,975460.0
2097,81,995421.5
2097,82,997701.0
2097,83,995583.5
2097,84,996238.0
2097,85,986581.5
2097,86,975305.5
2097,87,957817.5
2097,88,936293.0
2097,89,906244.0
2097,90,861578.0
2097,91,801678.0
2097,92,745178.0
2097,93,690748.5
2097,94,625179.0
2097,95,556722.0
2097,96,486470.0
2097,97,412922.0
2097,98,343190.5
2097,99,279172.5
2098,0,562205.5
2098,1,564543.0
2098,2,567436.5
2098,3,571168.5
2098,4,575682.0
2098,5,580638.5
2098,6,585935.5
2098,7,591271.0
2098,8,596860.5
2098,9,603047.5
2098,10,609666.0
2098,11,616684.5
2098,12,623713.0
2098,13,630133.5
2098,14,636935.5
2098,15,644192.0
2098,16,652042.5
2098,17,663222.5
2098,18,679256.5
2098,19,699352.0
2098,20,721524.5
2098,21,743811.5
2098,22,763431.5
2098,23,777606.0
2098,24,785977.5
2098,25,789229.5
2098,26,789066.5
2098,27,786312.0
2098,28,781140.5
2098,29,775120.0
2098,30,768779.5
2098,31,762740.5
2098,32,757597.0
2098,33,752753.5
2098,34,748907.0
2098,35,746652.5
2098,36,745851.0
2098,37,746010.5
2098,38,747135.5
2098,39,749975.5
2098,40,754667.0
2098,41,760825.5
2098,42,768999.5
2098,43,778478.5
2098,44,788229.0
2098,45,798985.5
2098,46,810026.5
2098,47,821094.5
2098,48,832245.0
2098,49,842899.5
2098,50,852648.5
2098,51,861583.5
2098,52,869532.0
2098,53,875113.5
2098,54,879476.0
2098,55,882962.5
2098,56,885145.0
2098,57,886683.5
2098,58,886813.0
2098,59,885054.5
2098,60,881363.5
2098,61,876748.5
2098,62,871888.0
2098,63,866283.5
2098,64,860069.5
2098,65,854421.5
2098,66,849078.5
2098,67,843920.0
2098,68,839374.5
2098,69,835095.0
2098,70,831890.5
2098,71,829628.0
2098,72,828523.0
2098,73,828562.5
2098,74,826556.5
2098,75,839684.5
2098,76,861886.5
2098,77,879355.0
2098,78,896944.0
2098,79,921578.5
2098,80,947914.5
2098,81,967410.0
2098,82,985707.0
2098,83,986108.5
2098,84,981673.5
2098,85,979523.0
2098,86,966825.0
2098,87,951753.5
2098,88,930042.0
2098,89,904014.5
2098,90,869077.0
2098,91,819646.5
2098,92,755862.5
2098,93,694999.0
2098,94,635976.5
2098,95,567064.0
2098,96,496096.5
2098,97,424884.0
2098,98,352501.5
2098,99,285463.5
2099,0,561125.5
2099,1,563887.0
2099,2,566093.5
2099,3,568864.5
2099,4,572477.0
2099,5,576883.5
2099,6,581741.5
2099,7,586949.5
2099,8,592205.5
2099,9,597723.0
2099,10,603845.5
2099,11,610404.0
2099,12,617369.5
2099,13,624350.5
2099,14,630786.5
2099,15,638028.0
2099,16,646985.0
2099,17,658325.5
2099,18,674196.0
2099,19,694810.0
2099,20,718036.5
2099,21,740787.5
2099,22,760754.5
2099,23,775993.5
2099,24,785173.0
2099,25,789105.0
2099,26,789011.5
2099,27,786633.0
2099,28,782584.5
2099,29,776782.0
2099,30,770568.0
2099,31,764301.5
2099,32,758488.5
2099,33,753646.0
2099,34,749132.0
2099,35,745619.5
2099,36,743685.5
2099,37,743185.0
2099,38,743620.0
2099,39,744993.5
2099,40,748055.0
2099,41,752944.0
2099,42,759278.5
2099,43,767608.0
2099,44,777222.0
2099,45,787086.0
2099,46,797939.0
2099,47,809061.0
2099,48,820194.0
2099,49,831395.0
2099,50,842090.0
2099,51,851871.5
2099,52,860823.5
2099,53,868775.5
2099,54,874356.5
2099,55,878713.5
2099,56,882182.5
2099,57,884338.0
2099,58,885843.0
2099,59,885928.5
2099,60,884114.0
2099,61,880361.0
2099,62,875678.0
2099,63,870746.5
2099,64,865067.5
2099,65,858770.5
2099,66,853014.5
2099,67,847543.0
2099,68,842260.5
2099,69,837603.5
2099,70,833196.0
2099,71,829848.5
2099,72,827438.5
2099,73,826170.5
2099,74,826002.0
2099,75,823736.5
2099,76,836315.0
2099,77,858028.0
2099,78,874894.0
2099,79,891675.0
2099,80,915248.5
2099,81,940277.5
2099,82,958186.0
2099,83,974504.0
2099,84,972616.0
2099,85,965527.5
2099,86,960291.5
2099,87,943911.5
2099,88,924624.0
2099,89,898496.5
2099,90,867524.0
2099,91,827415.0
2099,92,773465.0
2099,93,705660.0
2099,94,640591.5
2099,95,577563.0
2099,96,505965.5
2099,97,433897.5
2099,98,363254.5
2099,99,293675.5
